OBJECTID,PULAU,PEJABAT,ID_PROVINSI,PROVINSI,ID_KABUPATEN,KABUPATEN,KECAMATAN,KELURAHAN,JENIS_IZIN,BADAN_USAHA,NAMA_PERUSAHAAN,KODE_WIUP,SK_IUP,TANGGAL_BERLAKU,TANGGAL_BERAKHIR,KEGIATAN,LUAS_SK,KOMODITAS,CNC,GENERASI,KODE_WIL,LOKASI,GEOMETRY,STATUS_IUP,ID_PROV,ID_KAB,KODE_GOLONGAN,KODE_JNSKOM
565.0,SUMATERA,GUBERNUR,19.0,KEPULAUAN BANGKA BELITUNG,00,4-12 MIL LAUT,,,IUP,PT,CIRINDO MINING UTAMA,2119002112014102,188.44/535/DPE/2012,2012-09-28,2032-09-03,OPERASI PRODUKSI,1800.0,TIMAH DMP,CNC-1,,,LAUT TANJUNG BERIGA,"POLYGON ((106.833056 -2.403611000000012, 106.86444399999999 -2.403611000000012, 106.86444399999999 -2.4358330000000024, 106.88027799999998 -2.4358330000000024, 106.88027799999998 -2.4452779999999734, 106.833056 -2.4452779999999734, 106.833056 -2.403611000000012))",AKTIF,,,,
3953.0,SUMATERA,GUBERNUR,19.0,KEPULAUAN BANGKA BELITUNG,02,KAB. BELITUNG,,BADAU,IUP,PT,BABEL SURYA ALAM LESTARI,3119022112014024,188.4/51/ESDM/DPMPTSP/2020,2020-05-09,2025-05-09,OPERASI PRODUKSI,117.2,TIMAH,CNC-13,,,DESA BADAU,"POLYGON ((107.80530555600001 -2.8206944440000257, 107.82666666699998 -2.8206944440000257, 107.82666666699998 -2.8212500000000205, 107.827027778 -2.8212500000000205, 107.827027778 -2.821638888999985, 107.82747222199998 -2.821638888999985, 107.82747222199998 -2.8219166669999822, 107.828111111 -2.8219166669999822, 107.828111111 -2.824916667000025, 107.80530555600001 -2.824916667000025, 107.80530555600001 -2.8206944440000257))",KADALUARSA,,,,
225.0,SUMATERA,GUBERNUR,19.0,KEPULAUAN BANGKA BELITUNG,00,"BELITUNG, BELITUNG TIMUR",,,IUP,PT,TIMAH TBK,2119002112014067,188.44/387/DPE/2010,2010-04-30,2025-07-20,OPERASI PRODUKSI,607.7,TIMAH DMP,CNC-1,,,KAB. BELITUNG DAN BELITUNG TIMUR,"POLYGON ((107.98935799999998 -2.776270000000011, 107.98935499999999 -2.7893890000000283, 107.977665 -2.789381999999989, 107.97765199999998 -2.791179999999997, 107.96818100000002 -2.7912230000000022, 107.96821799999998 -2.798657999999989, 107.94572799999997 -2.798959000000025, 107.94573500000001 -2.7907280000000014, 107.956976 -2.7907359999999812, 107.956975 -2.783499000000006, 107.97721899999999 -2.7835019999999986, 107.97721899999999 -2.7762650000000235, 107.98935799999998 -2.776270000000011))",KADALUARSA,,,,
6781.0,SUMATERA,BUPATI,19.0,KEPULAUAN BANGKA BELITUNG,05,BANGKA BARAT,JEBUS,AIR GANTANG,IUP,PT,SINAR MUTIARA SEJAHTERA,3119052112014026,188.45/218.A/2.03.02/2012,2012-02-25,2025-02-24,OPERASI PRODUKSI,3124.0,TIMAH,CNC-7,,,"LAUT PENGANAK, DESA AIR GANTANG, KEC. JEBUS","POLYGON ((105.524220835 -1.5269929010000283, 105.41670511500001 -1.5270165769999835, 105.416702687 -1.5143597640000053, 105.43045680400002 -1.514357060000009, 105.43045549499999 -1.5077075159999822, 105.44824580900001 -1.5077039039999818, 105.44824485200002 -1.5030176210000263, 105.49223056199997 -1.503008092000016, 105.49222922199999 -1.4970099409999875, 105.52421364100002 -1.4970024820000276, 105.524220835 -1.5269929010000283))",KADALUARSA,,,,
7157.0,SUMATERA,GUBERNUR,19.0,KEPULAUAN BANGKA BELITUNG,05,BANGKA BARAT,,TUGANG,IUP,PT,NUSANTARA ARTA MEGA SEJAHTERA,3119052112014041,188.44/1118/DPE/2016,2016-10-25,2025-04-14,OPERASI PRODUKSI,935.0,TIMAH,CNC-17,,,"DESA TUGANG, IBUL, AIRNYATOH. KEC KELAPA DAN SIMPANG TERITIP. KAB BANGKA BARAT","POLYGON ((105.43609140900003 -1.833138888999997, 105.43609140900003 -1.818444444000022, 105.47202777799998 -1.818444444000022, 105.47202777799998 -1.8227777779999883, 105.46172222199999 -1.8227777779999883, 105.46172222199999 -1.8265277780000133, 105.47202777799998 -1.8265277780000133, 105.47202777799998 -1.8390555560000053, 105.471027778 -1.8390555560000053, 105.471027778 -1.842083333000005, 105.47202777799998 -1.842083333000005, 105.47202777799998 -1.8455752070000244, 105.47202777799998 -1.8455833329999791, 105.45386111099998 -1.8455833329999791, 105.45386111099998 -1.8455752070000244, 105.45386111099998 -1.8349722219999762, 105.45122222200001 -1.8349722219999762, 105.45122222200001 -1.8359722220000094, 105.44880555600002 -1.8359722220000094, 105.44880555600002 -1.8369166670000254, 105.44230555600001 -1.8369166670000254, 105.44230555600001 -1.8358333329999823, 105.44049999999999 -1.8358333329999823, 105.44049999999999 -1.8343888890000244, 105.43824999999998 -1.8343888890000244, 105.43824999999998 -1.833138888999997, 105.43609140900003 -1.833138888999997))",KADALUARSA,,,,
3741.0,SUMATERA,GUBERNUR,19.0,KEPULAUAN BANGKA BELITUNG,00,4-12 MIL LAUT,,,IUP,PT,ARSED INDONESIA,2119002112014134,188.44/1048/DPE/2015,2015-10-23,2025-08-11,OPERASI PRODUKSI,4382.0,TIMAH DMP,CNC-1,,BLOK GENTING B1,LAUT TANJUNG GENTING,"POLYGON ((105.24275 -1.628471999999988, 105.24275 -1.584361111000021, 105.26611100000002 -1.584361111000021, 105.26769432600003 -1.584361111000021, 105.32544439999998 -1.584361111000021, 105.32544439999998 -1.5877777779999747, 105.3038611 -1.5877777779999747, 105.3038611 -1.6004444440000043, 105.29308329999998 -1.6004444440000043, 105.29308329999998 -1.6112777779999874, 105.28588889999997 -1.6112777779999874, 105.28588889999997 -1.623944444000017, 105.2786944 -1.623944444000017, 105.2786944 -1.6506388889999926, 105.26519439999998 -1.6506388889999926, 105.26519439999998 -1.6701111109999829, 105.24275 -1.6701111109999829, 105.24275 -1.628471999999988))",KADALUARSA,,,,
1244.0,SUMATERA,GUBERNUR,19.0,KEPULAUAN BANGKA BELITUNG,00,4-12 MIL LAUT,,,IUP,PT,BABEL SUMBER PRATAMA MINERAL,2119002112014213,188.44/046/DPE/2015,2015-10-23,2025-10-23,OPERASI PRODUKSI,4687.0,TIMAH DMP,CNC-1,,BLOK SANGAU A2,LAUT TANJUNG SANGAU,"POLYGON ((105.389855748 -1.4900279999999952, 105.41530599999999 -1.4900279999999952, 105.41530555600002 -1.5144722219999949, 105.403639 -1.514472000000012, 105.40363888899998 -1.5226111110000033, 105.38655555600002 -1.5226111110000033, 105.38655555600002 -1.524417000000028, 105.38655599999998 -1.524417000000028, 105.38655599999998 -1.534388999999976, 105.36013551100001 -1.534388999999976, 105.34972199999999 -1.5343889709999985, 105.320055556 -1.534388889000013, 105.320055556 -1.4900277780000124, 105.34972199999999 -1.4900278719999847, 105.37486100000001 -1.4900279519999913, 105.389855748 -1.4900279999999952))",KADALUARSA,,,,
7158.0,SUMATERA,GUBERNUR,19.0,KEPULAUAN BANGKA BELITUNG,05,BANGKA BARAT,,,IUP,PT,NUSANTARA ARTA MINING,3119052112014036,188.44/298/DPE/2015,2015-04-14,2025-04-14,OPERASI PRODUKSI,1401.0,BIJIH TIMAH,CNC-17,,,"TUGANG, AIRNYATOH, JEBUS, TUMBAKPETAR","POLYGON ((105.49035426299997 -1.7651388890000135, 105.47930559999998 -1.7651388890000135, 105.47930559999998 -1.7641666669999836, 105.490350207 -1.7641666669999836, 105.50347219999998 -1.7641666669999836, 105.503508076 -1.7641671869999982, 105.503508076 -1.7709363179999968, 105.50503079600003 -1.7709363179999968, 105.5050278 -1.7709444440000084, 105.5050278 -1.7749999999999773, 105.5168056 -1.7749999999999773, 105.5168056 -1.7709444440000084, 105.51680662799998 -1.7709363179999968, 105.52148029799997 -1.7709363179999968, 105.52148029799997 -1.7731863180000005, 105.53945252 -1.7731863180000005, 105.53945252 -1.7822140960000183, 105.499008076 -1.7822140960000183, 105.499008076 -1.791297429999986, 105.48102686300001 -1.791297429999986, 105.48102779999999 -1.7912777779999942, 105.48102779999999 -1.7864999999999895, 105.47516669999999 -1.7864999999999895, 105.47516669999999 -1.7912777779999942, 105.47516513 -1.791297429999986, 105.45406363199999 -1.791297429999986, 105.45406363199999 -1.772305555999992, 105.45711110000002 -1.772305555999992, 105.45711110000002 -1.769166666999979, 105.46211110000002 -1.769166666999979, 105.46211110000002 -1.7724722219999762, 105.46438890000002 -1.7724722219999762, 105.46438890000002 -1.77591666699999, 105.4685278 -1.77591666699999, 105.4685278 -1.7798611110000024, 105.47902779999998 -1.7798611110000024, 105.47902779999998 -1.7771666670000172, 105.48655559999997 -1.7771666670000172, 105.48655559999997 -1.7703055559999825, 105.4926944 -1.7703055559999825, 105.4926944 -1.772916667000004, 105.48811110000003 -1.772916667000004, 105.48811110000003 -1.7761111109999774, 105.49694440000002 -1.7761111109999774, 105.49694440000002 -1.7667777780000051, 105.49036109999997 -1.7667777780000051, 105.49035426299997 -1.7651388890000135))",KADALUARSA,,,,
138924.0,SUMATERA,GUBERNUR,19.0,KEPULAUAN BANGKA BELITUNG,04,BANGKA TENGAH,SUNGAISELAN,KERAKAS DAN KERETAK,IUP,PT,TIMAH TBK,3119042112014061,188.44/1082/DPE/2016,2016-10-25,2025-07-21,OPERASI PRODUKSI,4262.0,TIMAH,CNC-1,,,"DESA KERAKAS DAN KERETAK, KEC. SUNGAISELAN, KAB. BANGKA TENGAH","POLYGON ((106.07430555899998 -2.2524722239999733, 106.07430833400002 -2.256305557000019, 106.07527499999998 -2.2563055530000042, 106.07527500200001 -2.2583499980000283, 106.07671388900002 -2.2583500029999755, 106.07671388900002 -2.254902781999988, 106.076127778 -2.254902775000005, 106.07612777600002 -2.2533472250000273, 106.079194444 -2.2533472229999916, 106.079194444 -2.254997221999986, 106.07897222100001 -2.2549999999999955, 106.07897222100001 -2.260563889000025, 106.07974999999999 -2.2605611110000154, 106.07974999999999 -2.2621388890000276, 106.08027777799998 -2.2621388890000276, 106.08027777799998 -2.267304629000023, 106.07789000000002 -2.2673030000000267, 106.07789300000002 -2.2591709989999913, 106.06552900100002 -2.2591709989999913, 106.06552987399999 -2.281861159000016, 106.06552777600001 -2.281861107999987, 106.06143611099998 -2.281861111000012, 106.06143611200002 -2.283099997000022, 106.060919442 -2.28310000099998, 106.060919447 -2.285166671000013, 106.06091950500002 -2.28516708799998, 106.05541399999998 -2.2851659990000144, 106.05541899999997 -2.291942000000006, 106.04941666799999 -2.2919444409999983, 106.04941666299999 -2.3102484809999737, 106.046224 -2.3102480000000014, 106.046223 -2.321780999999987, 106.048696 -2.3217789999999923, 106.04869199900003 -2.3290250000000015, 106.05319800000001 -2.3290300009999783, 106.05319500000002 -2.3366920000000277, 106.05813999999998 -2.336697000000015, 106.058136999 -2.344385999999986, 106.05991799999998 -2.3443849999999884, 106.05991999999998 -2.3477770000000078, 106.06150300000002 -2.3477760000000103, 106.06149900000003 -2.3543339999999944, 106.064503 -2.354331000000002, 106.064504 -2.35614099899999, 106.06936000000002 -2.356137000999979, 106.06936199900002 -2.358859999999993, 106.072833 -2.3588570000000004, 106.072836 -2.3626919999999814, 106.07947300000001 -2.362696000000028, 106.07947499900001 -2.3534419989999833, 106.084636999 -2.353447000000017, 106.08463999999998 -2.3457500000000095, 106.081501 -2.3457520000000045, 106.08149900000001 -2.319058998999992, 106.07991600000003 -2.319059999999979, 106.07991299999998 -2.3154420000000187, 106.07744000000002 -2.315444001000003, 106.077447 -2.31250399999999, 106.07566700000001 -2.31249600000001, 106.07566500000001 -2.310026999999991, 106.073642 -2.310027998999999, 106.07364000000001 -2.308218999000019, 106.06958500000002 -2.3082220000000007, 106.06957999999997 -2.302560000000028, 106.07475099999999 -2.3025559999999814, 106.07475299999999 -2.305496000000005, 106.07744200000002 -2.3055029999999874, 106.077444001 -2.3079989999999952, 106.08039300000002 -2.3079970009999897, 106.08038699899998 -2.311163000000022, 106.08330899999999 -2.311170000000004, 106.083303 -2.3147789999999873, 106.08622600000001 -2.3147769999999923, 106.08622000000003 -2.3070880000000216, 106.08172300000001 -2.3070819989999904, 106.08171900000002 -2.3016640000000166, 106.079471001 -2.3016660000000115, 106.079474 -2.292611000000022, 106.07116500000001 -2.292607999999973, 106.071169 -2.285833000000025, 106.07991800100001 -2.2858360000000175, 106.07991600000003 -2.2828870000000165, 106.085779 -2.2828910000000064, 106.08577399900003 -2.2998610000000212, 106.09116899999998 -2.2998569999999745, 106.09116399999999 -2.304615001000002, 106.09924799999999 -2.304607998999984, 106.099249477 -2.2984169250000264, 106.09924999999998 -2.29841666599998, 106.10483333299999 -2.29841666599998, 106.10483333299999 -2.2962777779999897, 106.10647222199998 -2.2962777779999897, 106.10647222199998 -2.294555554999988, 106.10711111199998 -2.294555554999988, 106.10711111199998 -2.2929444430000103, 106.10847663300001 -2.2929444430000103, 106.108476 -2.306863000000021, 106.10352999999998 -2.3068569999999795, 106.10352599999999 -2.3140849999999773, 106.091836 -2.3140849999999773, 106.09183336199999 -2.3157833409999853, 106.09183333599998 -2.3157833320000236, 106.089716667 -2.3157833340000025, 106.08971666999997 -2.3147277749999944, 106.08766389200002 -2.3147277769999732, 106.08766389099998 -2.316730557000028, 106.08891666900001 -2.316730557000028, 106.08891736700002 -2.317939998999975, 106.08891867 -2.3202017309999974, 106.08891999899998 -2.3220019999999977, 106.08733699999999 -2.322002999999995, 106.08733600099998 -2.3443909999999732, 106.089584 -2.344388998999989, 106.089581001 -2.363384999999994, 106.08644299999997 -2.363386999999989, 106.08644199999998 -2.3739969999999744, 106.07252999999997 -2.37399899899998, 106.07252399999999 -2.378079000000014, 106.05700300000001 -2.378081999000017, 106.05700300000001 -2.3907459999999787, 106.05249800000001 -2.3907489989999817, 106.05249700000002 -2.4011429999999905, 106.047775 -2.4011370000000056, 106.04780699999998 -2.407388000000026, 106.03678200000002 -2.4073870000000284, 106.03677499999998 -2.410190999000008, 106.02936399999999 -2.4101969999999824, 106.02936 -2.4045249999999783, 106.012498 -2.404529000000025, 106.01249600099999 -2.401806000000022, 105.995858 -2.4018090000000143, 105.99586200099998 -2.394808000000012, 106.00014299999998 -2.3948050000000194, 106.000135 -2.3959449999999833, 106.015198 -2.3959429999999884, 106.015197 -2.39391599999999, 106.01946900000002 -2.3939129990000083, 106.01947000000001 -2.383501000000024, 106.01510800099999 -2.3834959999999796, 106.01511099999999 -2.375136999999995, 106.01002999999997 -2.375140999999985, 106.01002699999998 -2.3706090000000017, 106.006663 -2.370611999999994, 106.00667099999998 -2.3679159999999797, 106.004638 -2.3679179989999852, 106.004636 -2.3529740000000174, 106.00688500000001 -2.3529720000000225, 106.006892 -2.3511629999999855, 106.00866399900002 -2.3511710010000115, 106.00867 -2.3466660000000275, 106.01294100000001 -2.3466630010000245, 106.01294000000001 -2.3453059999999937, 106.01788599999998 -2.3453030000000012, 106.01788900000003 -2.3495810000000006, 106.01339300000001 -2.3495849999999905, 106.01338500000003 -2.350281000999985, 106.012085829 -2.350281979999977, 106.012084318 -2.3511698369999863, 106.01205555199999 -2.351166669999998, 106.01113889099997 -2.3511666690000084, 106.011146575 -2.355608571999994, 106.01116666600001 -2.3672222239999883, 106.01205700000003 -2.3672239989999753, 106.01386400000001 -2.367223000000024, 106.01385900000002 -2.3715290000000095, 106.01902999999999 -2.3715249989999734, 106.019025 -2.3778569990000165, 106.02216399999998 -2.377863998999999, 106.02216700000002 -2.381916999999987, 106.02777800000001 -2.381912, 106.02777899900002 -2.3952459989999966, 106.04036100000002 -2.3952540000000226, 106.04035699999997 -2.3901070000000004, 106.044197 -2.3901130009999747, 106.044193 -2.385780000000011, 106.05138799999997 -2.3857750000000237, 106.05138599999998 -2.370832000000007, 106.06824699999999 -2.3708369999999945, 106.06824899999998 -2.3613300000000095, 106.06261 -2.3613339999999994, 106.06260800000001 -2.358411999999987, 106.05699700000002 -2.3584169999999745, 106.05700200000001 -2.3538849990000017, 106.05519500000003 -2.3538859999999886, 106.05518999999998 -2.34778, 106.05408399999999 -2.3477809999999977, 106.054081 -2.3441629999999805, 106.05094300000002 -2.3441649999999754, 106.05094100000002 -2.3415509999999813, 106.04825200099998 -2.3415529999999762, 106.04824899900001 -2.3366960000000176, 106.04552400099999 -2.3366980000000126, 106.045527999 -2.3306099999999788, 106.04105900000002 -2.330613000000028, 106.04105600100002 -2.3265250000000037, 106.03947299999999 -2.326526000000001, 106.039469 -2.3079999999999927, 106.04260700100002 -2.3079979999999978, 106.04261000000002 -2.2991699990000143, 106.04553199999998 -2.2991670000000113, 106.045527999 -2.292835000000025, 106.044197 -2.2928360000000225, 106.04419699800002 -2.292833334000022, 106.04419444299998 -2.292833334000022, 106.04419444799998 -2.2935833369999727, 106.039916667 -2.2935833309999794, 106.03991843099999 -2.290803997000012, 106.03992099999999 -2.2867519999999786, 106.04553199999998 -2.2867479999999887, 106.04553199999998 -2.274084000000016, 106.04299800000001 -2.274237000000028, 106.042912 -2.2697800000000257, 106.040143 -2.2697819989999743, 106.04013900000001 -2.2641369990000157, 106.043969 -2.2641350000000102, 106.043972 -2.2677530000000274, 106.05047300000001 -2.267747999999983, 106.05047100000002 -2.2774719989999994, 106.058582 -2.2774749999999813, 106.058584 -2.267751001000022, 106.05386299999998 -2.2677459999999883, 106.05386304500001 -2.2672509999999875, 106.05386900000002 -2.2672509999999875, 106.05386376400003 -2.2592831380000007, 106.05386399999998 -2.256664999999998, 106.06058100000001 -2.256668999999988, 106.060587 -2.252472221000005, 106.07430555899998 -2.2524722239999733))",KADALUARSA,,,,
3363.0,SUMATERA,GUBERNUR,19.0,KEPULAUAN BANGKA BELITUNG,00,"BELITUNG, BELITUNG TIMUR",,,IUP,PT,TIMAH TBK,2119002112014162,188.44/385/DPE/2010,2010-04-30,2025-07-20,OPERASI PRODUKSI,1625.0,TIMAH DMP,CNC-1,,,KAB. BELITUNG DAN BELITUNG TIMUR,"POLYGON ((107.87383 -2.6695310000000063, 107.87382200000002 -2.6776629999999955, 107.88281599999999 -2.6776689999999803, 107.88281799999999 -2.6898760000000266, 107.88910800000002 -2.689879000000019, 107.88910199999998 -2.6989229999999793, 107.883711 -2.698917999999992, 107.88377300000002 -2.7174590000000194, 107.87561399999998 -2.7174610000000143, 107.87561299999999 -2.720622999999989, 107.86751700000002 -2.720616000000007, 107.86751099999998 -2.725594000000001, 107.85402299999998 -2.725590000000011, 107.85402399999998 -2.7219670000000065, 107.85132800000002 -2.7219729999999913, 107.85132599999997 -2.7174459999999954, 107.841433 -2.717443000000003, 107.84143899999998 -2.7047830000000204, 107.87426299999998 -2.7047959999999875, 107.87426900000003 -2.695750999999973, 107.85762799999998 -2.695744999999988, 107.85763500000002 -2.683086000000003, 107.868875 -2.6830870000000004, 107.868876 -2.679472999999973, 107.86303500000002 -2.6794679999999858, 107.86303900000001 -2.6695199999999772, 107.87383 -2.6695310000000063))",KADALUARSA,,,,
2159.0,SUMATERA,GUBERNUR,19.0,KEPULAUAN BANGKA BELITUNG,01,BANGKA,BELINYU,,IUP,PT,BUKIT TIMAH,3119012112014104,188.44/282*DPE/2016,2016-03-29,2026-03-29,OPERASI PRODUKSI,18.0,TIMAH,CNC-6,,19010110OP211,"DAERAH SIMPANG LUMUT, KEC. BELINYU","POLYGON ((105.85139282300003 -1.7160795870000243, 105.854089751 -1.716078376999974, 105.854091761 -1.720601471000009, 105.85319280800002 -1.7206018759999893, 105.85319320999997 -1.7215064950000283, 105.85049627299998 -1.7215077070000007, 105.850495873 -1.7206030880000185, 105.85139482599999 -1.7206026840000277, 105.85139282300003 -1.7160795870000243))",KADALUARSA,,,,
2633.0,SUMATERA,Menteri,,KEPULAUAN BANGKA BELITUNG,,KAB. BANGKA SELATAN,,,IUP,PT,BANGKA PRIMA TIN,3119032112014052,23022200148190006,2023-11-08,2033-11-07,OPERASI PRODUKSI,102.0,Timah,CNC-2,,,"DESA BENCAH, KEC. AIRGEGAS, KAB. BANGKA SELATAN","POLYGON ((106.38782805599999 -2.7807544440000243, 106.38782805599999 -2.786162778000005, 106.40316388899998 -2.786162778000005, 106.40316388899998 -2.7807544440000243, 106.38782805599999 -2.7807544440000243))",AKTIF,19.0,03,2.0,11.0
3373.0,SUMATERA,Menteri,,KEPULAUAN BANGKA BELITUNG,,KAB. BELITUNG,,,IUP,PT,STI BINA SEJAHTERA,3119022112014025,81203101719560003,2023-06-17,2033-06-16,OPERASI PRODUKSI,193.0,Timah,CNC-14,,,DESA SUNGAI PADANG KEC. SIJUK KAB. BELITUNG,"POLYGON ((107.884472222 -2.5926111109999965, 107.884472222 -2.593611110999973, 107.88383333299998 -2.593611110999973, 107.88383333299998 -2.594805555999983, 107.88305555599999 -2.594805555999983, 107.88305555599999 -2.596027778000007, 107.882277778 -2.596027778000007, 107.882277778 -2.5973055559999807, 107.88144444400001 -2.5973055559999807, 107.88144444400001 -2.598472221999998, 107.88069444400003 -2.598472221999998, 107.88069444400003 -2.5994999999999777, 107.87997222199999 -2.5994999999999777, 107.87997222199999 -2.6004166669999904, 107.87941666699999 -2.6004166669999904, 107.87941666699999 -2.6033333330000232, 107.895361111 -2.6033333330000232, 107.895361111 -2.5952777780000247, 107.89847222200001 -2.5952777780000247, 107.89847222200001 -2.5926111109999965, 107.884472222 -2.5926111109999965))",AKTIF,19.0,02,2.0,11.0
4967.0,SUMATERA,MENTERI,,KEPULAUAN BANGKA BELITUNG,,KAB. BANGKA SELATAN,,,IUP,PT,TIMAH TBK,3119032112014042,81201098819560086                                                                                   ,2023-02-27,2033-02-27,OPERASI PRODUKSI,398.42,TIMAH,CNC-17,,,"WIL. LAUT PERMIS, KEC. SIMPANG RIMBA","POLYGON ((105.886127778 -2.5583194440000057, 105.87605555599998 -2.5583194440000057, 105.87605555599998 -2.560024999999996, 105.86205000000001 -2.560024999999996, 105.86205000000001 -2.5592583330000025, 105.85734444399998 -2.5592583330000025, 105.85734444399998 -2.5665833329999828, 105.859944444 -2.5665833329999828, 105.859944444 -2.569697222000002, 105.864402778 -2.569697222000002, 105.864402778 -2.568486111000027, 105.86832222200002 -2.568486111000027, 105.86832222200002 -2.570222221999984, 105.87254166700001 -2.570222221999984, 105.87254166700001 -2.5732027779999953, 105.88462777799998 -2.5732027779999953, 105.88462777799998 -2.565138889000025, 105.886127778 -2.565138889000025, 105.886127778 -2.5583194440000057))",AKTIF,19.0,03,2.0,11.0
130045.0,SUMATERA,Menteri,,KEPULAUAN BANGKA BELITUNG,,KAB. BELITUNG,,,IUP,PT,IKHWAH,3119022112014131,03022200615380002,2024-09-29,2034-09-29,OPERASI PRODUKSI,82.36,Timah,CNC-14,,,"DESA BANTAN, MEMBALONG, BABEL","POLYGON ((107.67745000000002 -2.9062000000000126, 107.67745000000002 -2.9105194439999877, 107.67620833299998 -2.9105194439999877, 107.67620833299998 -2.9169444440000234, 107.68991388900002 -2.9169444440000234, 107.68991388900002 -2.9152083330000096, 107.68759444400001 -2.9152083330000096, 107.68759444400001 -2.9148611109999933, 107.681322222 -2.9148611109999933, 107.681322222 -2.9062000000000126, 107.67745000000002 -2.9062000000000126))",AKTIF,19.0,02,2.0,11.0
193851.0,SUMATERA,GUBERNUR,,KEPULAUAN BANGKA BELITUNG,,KAB. BELITUNG TIMUR,,,IUP,CV,BILLITON SINAR PERKASA,3119022112014021,188.44/92/ESDM/2017                                                                                 ,2017-02-22,2027-07-27,OPERASI PRODUKSI,49.5,TIMAH,CNC,,,DESA SELINSING,"POLYGON ((108.17922222200002 -2.902861110999993, 108.17922222200002 -2.904222221999987, 108.18072222199999 -2.904222221999987, 108.18072222199999 -2.9053333329999873, 108.18169444400002 -2.9053333329999873, 108.18169444400002 -2.9061666669999795, 108.18366666700001 -2.9061666669999795, 108.18366666700001 -2.9048055559999852, 108.18547222199999 -2.9048055559999852, 108.18547222199999 -2.902138889000014, 108.186638889 -2.902138889000014, 108.186638889 -2.9010000000000105, 108.18733333300003 -2.9010000000000105, 108.18733333300003 -2.8999444440000275, 108.18808333300001 -2.8999444440000275, 108.18808333300001 -2.8982500000000186, 108.18980555600001 -2.8982500000000186, 108.18980555600001 -2.8969444439999847, 108.185833333 -2.8969444439999847, 108.185833333 -2.898166666999998, 108.18433333299998 -2.898166666999998, 108.18433333299998 -2.8996666670000195, 108.18316666700002 -2.8996666670000195, 108.18316666700002 -2.9007777780000197, 108.18200000000002 -2.9007777780000197, 108.18200000000002 -2.90194444399998, 108.18066666700003 -2.90194444399998, 108.18066666700003 -2.902861110999993, 108.17922222200002 -2.902861110999993))",AKTIF,19.0,06,2.0,11.0
194131.0,SUMATERA,BUPATI,,KEPULAUAN BANGKA BELITUNG,,BANGKA SELATAN,,,IUP,PT,RAJAWALI RIMBA PERKASA,3119032112014045,188.45/196/DPE/2013,2013-06-26,2028-06-26,OPERASI PRODUKSI,543.0,BIJIH TIMAH,CNC-17, ,WIUP001,"DESA NYELANDING, KEC. AIR GEGAS, KAB. BANGKA SELATAN","POLYGON ((106.272606 -2.671775000000025, 106.272606 -2.6784999999999854, 106.28634399999999 -2.6784999999999854, 106.28634399999999 -2.6950029999999856, 106.29729700000001 -2.6950029999999856, 106.29729700000001 -2.691313999999977, 106.30628899999999 -2.691313999999977, 106.30628899999999 -2.6808530000000133, 106.30148100000002 -2.6808530000000133, 106.30148100000002 -2.676318999999978, 106.29427199999998 -2.676318999999978, 106.29427199999998 -2.671775000000025, 106.272606 -2.671775000000025))",AKTIF,19.0,03,2.0,11.0
194142.0,SUMATERA,GUBERNUR,,KEPULAUAN BANGKA BELITUNG,,KAB. BANGKA SELATAN,,,IUP,PT,SINAR SEJAHTERA PERKASA,3119032112016313,188.4/313/ESDM/DPMPTSP/2018                                                                         ,2016-08-21,2034-08-21,OPERASI PRODUKSI,591.0,TIMAH,CNC-8,,,DESA AIR BARA,"POLYGON ((106.33263888900001 -2.5591777779999916, 106.33263888900001 -2.5677555560000087, 106.32981111100003 -2.5677555560000087, 106.32981111100003 -2.569883333000007, 106.32633611099999 -2.569883333000007, 106.32633611099999 -2.577994444000012, 106.320702778 -2.577994444000012, 106.320702778 -2.583202777999986, 106.34669166700002 -2.583202777999986, 106.34669166700002 -2.5808138890000123, 106.34859999999998 -2.5808138890000123, 106.34859999999998 -2.5771888890000128, 106.35145277800001 -2.5771888890000128, 106.35145277800001 -2.5741916669999796, 106.35853888899999 -2.5741916669999796, 106.35853888899999 -2.5683250000000157, 106.33902499999999 -2.5683250000000157, 106.33902499999999 -2.5591777779999916, 106.33263888900001 -2.5591777779999916))",AKTIF,19.0,03,2.0,11.0
44.0,SUMATERA,MENTERI,,KEPULAUAN BANGKA BELITUNG,,"KAB. BANGKA,KAB. BANGKA BARAT",,,IUP,PT,TIMAH TBK,2119002112014189,81201098819560128                                                                                   ,2025-05-06,2035-07-20,OPERASI PRODUKSI,19510.0,TIMAH,CNC-1,,,PERAIRAN LAUT CUPAT - BELINYU,"POLYGON ((105.77888888899997 -1.5308333329999755, 105.77888888899997 -1.490555556000004, 105.59694444399997 -1.490555556000004, 105.59694444399997 -1.5222222219999821, 105.52499999999998 -1.5222222219999821, 105.52499999999998 -1.5652777779999951, 105.53861111100002 -1.5652777779999951, 105.53861111100002 -1.560555555999997, 105.53083333299998 -1.560555555999997, 105.53083333299998 -1.5516666670000063, 105.559722222 -1.5516666670000063, 105.559722222 -1.5311111109999729, 105.59055555600003 -1.5311111109999729, 105.59055555600003 -1.5263888889999748, 105.60583333300002 -1.5263888889999748, 105.60583333300002 -1.5361111110000252, 105.60369444399998 -1.5361111110000252, 105.60369444399998 -1.5401388889999907, 105.60222222200002 -1.5401388889999907, 105.60222222200002 -1.556111111000007, 105.61083333300002 -1.556111111000007, 105.61083333300002 -1.5969444439999734, 105.623611111 -1.5969444439999734, 105.623611111 -1.6302777779999928, 105.63638888899999 -1.6302777779999928, 105.63638888899999 -1.6430555559999789, 105.65083333299998 -1.6430555559999789, 105.65083333299998 -1.6533333329999778, 105.686666667 -1.6533333329999778, 105.686666667 -1.556111111000007, 105.65972222200003 -1.556111111000007, 105.65972222200003 -1.5380555560000175, 105.64638888899998 -1.5380555560000175, 105.64638888899998 -1.5244444439999825, 105.70111111099999 -1.5244444439999825, 105.70111111099999 -1.527499999999975, 105.73611111100001 -1.527499999999975, 105.73611111100001 -1.5300555559999793, 105.755861111 -1.5300555559999793, 105.755861111 -1.5308333329999755, 105.77888888899997 -1.5308333329999755))",AKTIF,19.0,"01,05",2.0,11.0
48.0,SUMATERA,MENTERI,,KEPULAUAN BANGKA BELITUNG,,KAB. BANGKA TENGAH,,,IUP,PT,TIMAH TBK,2119002112014053,81201098819560233                                                                                   ,2025-06-13,2035-07-20,OPERASI PRODUKSI,8981.0,TIMAH,CNC-1,,,KOBA,"POLYGON ((106.22730555599998 -2.3025555560000157, 106.245805556 -2.3025555560000157, 106.245805556 -2.1216666669999995, 106.177444444 -2.1216666669999995, 106.177444444 -2.1248333330000264, 106.179944444 -2.1248333330000264, 106.179944444 -2.1285833329999946, 106.18241666699998 -2.1285833329999946, 106.18241666699998 -2.130944444000022, 106.17861111100001 -2.130944444000022, 106.17861111100001 -2.1330277779999847, 106.17758333299997 -2.1330277779999847, 106.17758333299997 -2.134527778000006, 106.17655555599998 -2.134527778000006, 106.17655555599998 -2.1422222219999867, 106.17866666700002 -2.1422222219999867, 106.17866666700002 -2.1477499999999736, 106.18766666699997 -2.1477499999999736, 106.18766666699997 -2.156861111000012, 106.185277778 -2.156861111000012, 106.185277778 -2.1607500000000073, 106.18830555599999 -2.1607500000000073, 106.18830555599999 -2.167555556000025, 106.18994444399999 -2.167555556000025, 106.18994444399999 -2.172527778000017, 106.19186111099998 -2.172527778000017, 106.19186111099998 -2.1769722220000176, 106.19330555599998 -2.1769722220000176, 106.19330555599998 -2.178666667000016, 106.197222222 -2.178666667000016, 106.197222222 -2.182555556000011, 106.19941666699998 -2.182555556000011, 106.19941666699998 -2.1874166669999795, 106.200638889 -2.1874166669999795, 106.200638889 -2.1906666670000163, 106.20299999999997 -2.1906666670000163, 106.20299999999997 -2.193638888999999, 106.20447222199999 -2.193638888999999, 106.20447222199999 -2.1993888889999766, 106.20377777800002 -2.1993888889999766, 106.20377777800002 -2.2016388889999803, 106.20641666699998 -2.2016388889999803, 106.20641666699998 -2.2049444439999775, 106.20572222200002 -2.2049444439999775, 106.20572222200002 -2.21016666700001, 106.20627777800001 -2.21016666700001, 106.20627777800001 -2.213444444000004, 106.20583333299999 -2.213444444000004, 106.20583333299999 -2.2191944439999816, 106.207833333 -2.2191944439999816, 106.207833333 -2.224055555999996, 106.211222222 -2.224055555999996, 106.211222222 -2.2295833329999937, 106.21341666699999 -2.2295833329999937, 106.21341666699999 -2.2379722219999962, 106.21633333300002 -2.2379722219999962, 106.21633333300002 -2.2434166670000195, 106.22066666699999 -2.2434166670000195, 106.22066666699999 -2.2474444439999957, 106.22272222200002 -2.2474444439999957, 106.22272222200002 -2.2512500000000273, 106.22577777800001 -2.2512500000000273, 106.22577777800001 -2.259055556000021, 106.22841666699998 -2.259055556000021, 106.22841666699998 -2.261361110999985, 106.22677777799998 -2.261361110999985, 106.22677777799998 -2.2641388889999803, 106.22438888900001 -2.2641388889999803, 106.22438888900001 -2.2674166670000204, 106.222944444 -2.2674166670000204, 106.222944444 -2.2717499999999973, 106.22369444399999 -2.2717499999999973, 106.22369444399999 -2.275666666999996, 106.22474999999997 -2.275666666999996, 106.22474999999997 -2.278861111000026, 106.22583333300003 -2.278861111000026, 106.22583333300003 -2.2914444439999784, 106.22633333300001 -2.2914444439999784, 106.22633333300001 -2.29849999999999, 106.22730555599998 -2.29849999999999, 106.22730555599998 -2.3025555560000157))",AKTIF,19.0,04,2.0,11.0
63.0,SUMATERA,GUBERNUR,,KEPULAUAN BANGKA BELITUNG,,4-12 MIL LAUT,,,IUP,PT,MITRA SUKSES GLOBALINDO,2119002112014084,188.44/041/DPE/2012,2012-01-18,2031-12-19,OPERASI PRODUKSI,1393.0,TIMAH DMP,CNC-1, ,BLOK SANGAU A.3.,NO.6 (4MIL-12MIL GARIS PANTAI) KEPULAUAN BANGKA BELITUNG (LAUT TANJUNG SANGAU),"POLYGON ((105.42000807599999 -1.4841588730000126, 105.42000807599999 -1.5063808730000119, 105.44014707600002 -1.5063808730000119, 105.44014707600002 -1.499991872999999, 105.483064076 -1.499991872999999, 105.483064076 -1.4841588730000126, 105.42000807599999 -1.4841588730000126))",AKTIF,19.0,00,2.0,11.0
64.0,SUMATERA,GUBERNUR,,KEPULAUAN BANGKA BELITUNG,,4-12 MIL LAUT,,,IUP,PT,MITRA SUKSES GLOBALINDO,2119002112014085,188.44/044/DPE/2012,2012-01-18,2031-12-19,OPERASI PRODUKSI,1471.0,TIMAH DMP,CNC-1, ,BLOK SANGAU B.3.,NO.9 (4MIL-12MIL GARIS PANTAI) KEPULAUAN BANGKA BELITUNG (LAUT TANJUNG SANGAU),"POLYGON ((105.48778607600002 -1.4638808720000043, 105.48778607600002 -1.4944358729999863, 105.52020207599998 -1.4944358729999863, 105.52020207599998 -1.4802698729999975, 105.52889707600002 -1.4802698729999975, 105.52889707600002 -1.4691588730000262, 105.53973007600001 -1.4691588730000262, 105.53973007600001 -1.4638808720000043, 105.48778607600002 -1.4638808720000043))",AKTIF,19.0,00,2.0,11.0
98.0,SUMATERA,MENTERI,,KEPULAUAN BANGKA BELITUNG,,KAB. BANGKA BARAT,,,IUP,PT,TIMAH TBK,3119052112014133,81201098819560167                                                                                   ,2025-04-30,2035-07-20,OPERASI PRODUKSI,150.0,TIMAH,CNC-3,,,MUNTOK,"POLYGON ((105.19359444399998 -2.070974999999976, 105.19291388900001 -2.070974999999976, 105.19291388900001 -2.069127777999995, 105.19187222199997 -2.069127777999995, 105.19187222199997 -2.0669861110000056, 105.19063888900001 -2.0669861110000056, 105.19063888900001 -2.053413889000012, 105.18492500000002 -2.053413889000012, 105.18492500000002 -2.065533333000019, 105.18635833299999 -2.065533333000019, 105.18635833299999 -2.07404722199999, 105.19359444399998 -2.07404722199999, 105.19359444399998 -2.070974999999976))",AKTIF,19.0,05,2.0,11.0
105.0,SUMATERA,MENTERI,,KEPULAUAN BANGKA BELITUNG,,KAB. BELITUNG TIMUR,,,IUP,PT,TIMAH TBK,3119062112014085,81201098819560158                                                                                   ,2025-04-22,2035-07-21,OPERASI PRODUKSI,3389.0,TIMAH,CNC-14,,,MANGGAR,"POLYGON ((108.18577777799999 -2.902861110999993, 108.18577777799999 -2.9133055560000116, 108.19211111099997 -2.9133055560000116, 108.19211111099997 -2.9375833330000205, 108.17572222199999 -2.9375833330000205, 108.17572222199999 -2.9571111110000174, 108.16481944399999 -2.9571111110000174, 108.16481944399999 -2.969175000000007, 108.17144722199998 -2.969175000000007, 108.17144722199998 -2.9635583329999804, 108.179388889 -2.9635583329999804, 108.179388889 -2.966186111000013, 108.192977778 -2.966186111000013, 108.192977778 -2.9730277780000165, 108.21735555599997 -2.9730277780000165, 108.21735555599997 -2.9709944439999845, 108.218472222 -2.9709944439999845, 108.218472222 -2.9295833329999823, 108.23311111100003 -2.9295833329999823, 108.23311111100003 -2.906361111000024, 108.21118055599999 -2.906361111000024, 108.21118055599999 -2.9083666669999957, 108.20246944399997 -2.9083666669999957, 108.20246944399997 -2.904602778000026, 108.20470833299999 -2.904602778000026, 108.20470833299999 -2.902861110999993, 108.18577777799999 -2.902861110999993))",AKTIF,19.0,06,2.0,11.0
214.0,SUMATERA,GUBERNUR,,KEPULAUAN BANGKA BELITUNG,,BELITUNG,,,IUP,PT,BABEL INTI PERKASA,3119022112014049,188.4/420/ESDM/DPMPTSP/2019,2019-01-07,2028-01-07,OPERASI PRODUKSI,92.1,TIMAH,CNC-1, , ,"DESA BANTAN, KEC. MEMBALANG, KAB. BELITUNG, KEPULAUAN BANGKA BELITUNG","POLYGON ((107.70716299999998 -2.863609999999994, 107.70717400000001 -2.86850800000002, 107.71024799999998 -2.8685009999999806, 107.71025900000001 -2.8730279999999766, 107.71659499999998 -2.8730130000000145, 107.71657299999998 -2.8635869999999954, 107.70716299999998 -2.863609999999994))",AKTIF,19.0,02,2.0,11.0
264.0,SUMATERA,MENTERI,,KEPULAUAN BANGKA BELITUNG,,KAB. BANGKA,,,IUP,PT,TIMAH TBK,3119012112014161,81201098819560122                                                                                   ,2025-05-22,2035-07-20,OPERASI PRODUKSI,837.6,TIMAH,CNC-14,,,SUNGAI LIAT,"POLYGON ((106.02752222200002 -1.6975416669999959, 106.02752222200002 -1.6930027779999932, 106.02521111099998 -1.6930027779999932, 106.02521111099998 -1.6890777780000121, 106.02153333299998 -1.6890777780000121, 106.02153333299998 -1.685305556000003, 106.01504999999997 -1.685305556000003, 106.01504999999997 -1.6879305560000262, 106.01215555599998 -1.6879305560000262, 106.01215555599998 -1.692077777999998, 106.00706944400002 -1.692077777999998, 106.00706944400002 -1.697469443999978, 106.00297499999999 -1.697469443999978, 106.00297499999999 -1.7014333330000113, 105.99791666700003 -1.7014333330000113, 105.99791666700003 -1.7054722220000258, 105.994269444 -1.7054722220000258, 105.994269444 -1.7116666669999745, 106.001652778 -1.7116666669999745, 106.001652778 -1.723669443999995, 105.99811666699998 -1.723669443999995, 105.99811666699998 -1.7320000000000277, 106.006152778 -1.7320000000000277, 106.006152778 -1.7231555559999947, 106.01078888900003 -1.7231555559999947, 106.01078888900003 -1.7118305559999953, 106.01443055599998 -1.7118305559999953, 106.01443055599998 -1.7050361110000267, 106.01256944400001 -1.7050361110000267, 106.01256944400001 -1.699997221999979, 106.01524444400002 -1.699997221999979, 106.01524444400002 -1.695763888999977, 106.019805556 -1.695763888999977, 106.019805556 -1.7084055560000024, 106.02125000000001 -1.7084055560000024, 106.02125000000001 -1.7133000000000038, 106.01974999999999 -1.7133000000000038, 106.01974999999999 -1.719361111000012, 106.02546388899998 -1.719361111000012, 106.02546388899998 -1.7064777780000213, 106.02419166700003 -1.7064777780000213, 106.02419166700003 -1.6975416669999959, 106.02752222200002 -1.6975416669999959))",AKTIF,19.0,01,2.0,11.0
265.0,SUMATERA,MENTERI,,KEPULAUAN BANGKA BELITUNG,,KAB. BELITUNG,,,IUP,PT,TIMAH TBK,2119002112014176,81201098819560156                                                                                   ,2024-09-30,2035-07-20,OPERASI PRODUKSI,5954.0,TIMAH,CNC-1,,,TANJUNG PANDAN,"POLYGON ((107.70022222199998 -2.772555555999986, 107.70022222199998 -2.80058333300002, 107.69397222200001 -2.80058333300002, 107.69397222200001 -2.8171111109999742, 107.70444444399999 -2.8171111109999742, 107.70444444399999 -2.8341944439999907, 107.693888889 -2.8341944439999907, 107.693888889 -2.856166667000025, 107.70827777800002 -2.856166667000025, 107.70827777800002 -2.8379444440000157, 107.77605555600002 -2.8379444440000157, 107.77605555600002 -2.8477777780000224, 107.776302778 -2.8477777780000224, 107.776302778 -2.8480722219999848, 107.77671944399998 -2.8480722219999848, 107.77671944399998 -2.848391666999987, 107.776988889 -2.848391666999987, 107.776988889 -2.8485472219999792, 107.77866388899997 -2.8485472219999792, 107.77866388899997 -2.8492222219999803, 107.77894444399999 -2.8492222219999803, 107.77894444399999 -2.8495361110000204, 107.77918888900001 -2.8495361110000204, 107.77918888900001 -2.8498055559999784, 107.77944722199999 -2.8498055559999784, 107.77944722199999 -2.850091667000015, 107.77969444399997 -2.850091667000015, 107.77969444399997 -2.8504055559999983, 107.77991666700001 -2.8504055559999983, 107.77991666700001 -2.8507333329999938, 107.78034166700002 -2.8507333329999938, 107.78034166700002 -2.8513638890000266, 107.78055277800001 -2.8513638890000266, 107.78055277800001 -2.8516805560000194, 107.78087499999998 -2.8516805560000194, 107.78087499999998 -2.852224999999976, 107.78083611099999 -2.852224999999976, 107.78083611099999 -2.8527500000000146, 107.78107222199998 -2.8527500000000146, 107.78107222199998 -2.853038889000004, 107.78131388899999 -2.853038889000004, 107.78131388899999 -2.853330556000003, 107.78140555599998 -2.853330556000003, 107.78140555599998 -2.8541999999999916, 107.781275 -2.8541999999999916, 107.781275 -2.8576083329999733, 107.781408333 -2.8576083329999733, 107.781408333 -2.8589222219999897, 107.78109999999998 -2.8589222219999897, 107.78109999999998 -2.8655916669999897, 107.779872222 -2.8655916669999897, 107.779872222 -2.8687416669999948, 107.779955556 -2.8687416669999948, 107.779955556 -2.870255556000018, 107.78063333300003 -2.870255556000018, 107.78063333300003 -2.877055556000016, 107.80000000000001 -2.877055556000016, 107.80000000000001 -2.8707222219999835, 107.80361111100001 -2.8707222219999835, 107.80361111100001 -2.8665750000000116, 107.799905556 -2.8665750000000116, 107.799905556 -2.8619111109999835, 107.80361111100001 -2.8619111109999835, 107.80361111100001 -2.860777777999999, 107.79730555600003 -2.860777777999999, 107.79730555600003 -2.8562499999999886, 107.79094444399999 -2.8562499999999886, 107.79094444399999 -2.827305555999999, 107.78113888899998 -2.827305555999999, 107.78113888899998 -2.8331666670000004, 107.76766666700001 -2.8331666670000004, 107.76766666700001 -2.805138888999977, 107.77216666700002 -2.805138888999977, 107.77216666700002 -2.798511110999982, 107.770758333 -2.798511110999982, 107.770758333 -2.7981944439999893, 107.76999444400002 -2.7981944439999893, 107.76999444400002 -2.7979055559999892, 107.76991388900001 -2.7979055559999892, 107.76991388900001 -2.797341667000012, 107.76976111099998 -2.797341667000012, 107.76976111099998 -2.7930749999999875, 107.769516667 -2.7930749999999875, 107.769516667 -2.791961110999978, 107.76933333300002 -2.791961110999978, 107.76933333300002 -2.7906666669999822, 107.75191666699999 -2.7906666669999822, 107.75191666699999 -2.7970000000000255, 107.74516666699998 -2.7970000000000255, 107.74516666699998 -2.789305555999988, 107.738 -2.789305555999988, 107.738 -2.781611111000018, 107.71641666699998 -2.781611111000018, 107.71641666699998 -2.772555555999986, 107.70022222199998 -2.772555555999986))",AKTIF,19.0,02,2.0,11.0
266.0,SUMATERA,MENTERI,,KEPULAUAN BANGKA BELITUNG,,"KOTA PANGKAL PINANG,KAB. BANGKA TENGAH",,,IUP,PT,TIMAH TBK,2119002112014023,81201098819560102                                                                                   ,2025-04-22,2035-07-20,OPERASI PRODUKSI,4382.0,TIMAH,CNC-1,,,PANGKALAN BARU,"POLYGON ((106.20527777799998 -2.209694443999979, 106.20527777799998 -2.2079166670000063, 106.20511111100001 -2.2079166670000063, 106.20511111100001 -2.2033611109999924, 106.20441666699998 -2.2033611109999924, 106.20441666699998 -2.2024166670000227, 106.20333333299999 -2.2024166670000227, 106.20333333299999 -2.199083332999976, 106.20358333299998 -2.199083332999976, 106.20358333299998 -2.197638889000018, 106.20238888900002 -2.197638889000018, 106.20238888900002 -2.193194444000028, 106.200916667 -2.193194444000028, 106.200916667 -2.1913333329999887, 106.19972222199999 -2.1913333329999887, 106.19972222199999 -2.18963888899998, 106.19897222200001 -2.18963888899998, 106.19897222200001 -2.1871944439999993, 106.19880555600002 -2.1871944439999993, 106.19880555600002 -2.1851388889999726, 106.19797222199998 -2.1851388889999726, 106.19797222199998 -2.1834722219999776, 106.195611111 -2.1834722219999776, 106.195611111 -2.1810833330000037, 106.19344444400002 -2.1810833330000037, 106.19344444400002 -2.180888889000016, 106.17630555599999 -2.180888889000016, 106.17630555599999 -2.195805555999982, 106.18200000000002 -2.195805555999982, 106.18200000000002 -2.206166666999991, 106.17497222200001 -2.206166666999991, 106.17497222200001 -2.2119444439999825, 106.16649999999998 -2.2119444439999825, 106.16649999999998 -2.203777778000017, 106.157416667 -2.203777778000017, 106.157416667 -2.1795833329999823, 106.16030555600003 -2.1795833329999823, 106.16030555600003 -2.174055555999985, 106.16644444399998 -2.174055555999985, 106.16644444399998 -2.166888889000006, 106.16992222200003 -2.166888889000006, 106.16992222200003 -2.1600833329999887, 106.163605556 -2.1600833329999887, 106.163605556 -2.1453611109999997, 106.169111111 -2.1453611109999997, 106.169111111 -2.1426944440000284, 106.171333333 -2.1426944440000284, 106.171333333 -2.1382500000000277, 106.17575 -2.1382500000000277, 106.17575 -2.135499999999979, 106.17611111100001 -2.135499999999979, 106.17611111100001 -2.134527778000006, 106.17622222199998 -2.134527778000006, 106.17622222199998 -2.133763889000022, 106.170194444 -2.133763889000022, 106.170194444 -2.140741666999986, 106.169480556 -2.140741666999986, 106.169480556 -2.1419138890000227, 106.16889166700003 -2.1419138890000227, 106.16889166700003 -2.1424166670000204, 106.16851944400003 -2.1424166670000204, 106.16851944400003 -2.143141667000009, 106.16772222200001 -2.143141667000009, 106.16772222200001 -2.14424722199999, 106.16651388899999 -2.14424722199999, 106.16651388899999 -2.1444583329999887, 106.16287222199998 -2.1444583329999887, 106.16287222199998 -2.1611861110000063, 106.16890000000001 -2.1611861110000063, 106.16890000000001 -2.165813888999992, 106.16551666700002 -2.165813888999992, 106.16551666700002 -2.1730944440000144, 106.159438889 -2.1730944440000144, 106.159438889 -2.175725, 106.13639722200003 -2.175725, 106.13639722200003 -2.156111110999973, 106.13566666700001 -2.156111110999973, 106.13566666700001 -2.1499999999999773, 106.146444444 -2.1499999999999773, 106.146444444 -2.1302222219999862, 106.14830555600003 -2.1302222219999862, 106.14830555600003 -2.1223888889999785, 106.14461111100002 -2.1223888889999785, 106.14461111100002 -2.120083333000025, 106.14113888899999 -2.120083333000025, 106.14113888899999 -2.1114166670000145, 106.13511111100001 -2.1114166670000145, 106.13511111100001 -2.105333332999976, 106.12572222199998 -2.105333332999976, 106.12572222199998 -2.109833332999983, 106.12291666700003 -2.109833332999983, 106.12291666700003 -2.114138889000003, 106.12013888899997 -2.114138889000003, 106.12013888899997 -2.1185277779999865, 106.12438888899999 -2.1185277779999865, 106.12438888899999 -2.1166111109999974, 106.12805555599999 -2.1166111109999974, 106.12805555599999 -2.1131388890000267, 106.13544444399997 -2.1131388890000267, 106.13544444399997 -2.121138889000008, 106.13777777799999 -2.121138889000008, 106.13777777799999 -2.1252777779999974, 106.14125000000001 -2.1252777779999974, 106.14125000000001 -2.137999999999977, 106.134194444 -2.137999999999977, 106.134194444 -2.131861110999978, 106.12841666700001 -2.131861110999978, 106.12841666700001 -2.1531388889999903, 106.11811111100002 -2.1531388889999903, 106.11811111100002 -2.1559722220000026, 106.114388889 -2.1559722220000026, 106.114388889 -2.1652222220000112, 106.11247222200001 -2.1652222220000112, 106.11247222200001 -2.1692305560000023, 106.11590277800002 -2.1692305560000023, 106.11590277800002 -2.171625000000006, 106.116663889 -2.171625000000006, 106.116663889 -2.1725888889999965, 106.11838888900002 -2.1725888889999965, 106.11838888900002 -2.1641944439999747, 106.12183333299998 -2.1641944439999747, 106.12183333299998 -2.16061111099998, 106.12377777799998 -2.16061111099998, 106.12377777799998 -2.1566888890000087, 106.13476666700001 -2.1566888890000087, 106.13476666700001 -2.1570194440000137, 106.13549999999998 -2.1570194440000137, 106.13549999999998 -2.1691111110000065, 106.129444444 -2.1691111110000065, 106.129444444 -2.1803333330000214, 106.12588888900001 -2.1803333330000214, 106.12588888900001 -2.1845916670000065, 106.126969444 -2.1845916670000065, 106.126969444 -2.186027777999982, 106.13394444400001 -2.186027777999982, 106.13394444400001 -2.176638889000003, 106.14583333299998 -2.176638889000003, 106.14583333299998 -2.1944722220000017, 106.12838055600002 -2.1944722220000017, 106.12838055600002 -2.1979805560000045, 106.129694444 -2.1979805560000045, 106.129694444 -2.1989166669999918, 106.13238611100002 -2.1989166669999918, 106.13238611100002 -2.200644443999977, 106.13458611099998 -2.200644443999977, 106.13458611099998 -2.2020916669999906, 106.137052778 -2.2020916669999906, 106.137052778 -2.2037333330000024, 106.138230556 -2.2037333330000024, 106.138230556 -2.2045194440000273, 106.13896666699998 -2.2045194440000273, 106.13896666699998 -2.2050138889999857, 106.14077777799997 -2.2050138889999857, 106.14077777799997 -2.2119166670000254, 106.151805556 -2.2119166670000254, 106.151805556 -2.2178055559999734, 106.16424999999998 -2.2178055559999734, 106.16424999999998 -2.22408333300001, 106.16958333299999 -2.22408333300001, 106.16958333299999 -2.2278611109999815, 106.17266666699999 -2.2278611109999815, 106.17266666699999 -2.2309999999999945, 106.17613888900001 -2.2309999999999945, 106.17613888900001 -2.235027778000017, 106.17311111100003 -2.235027778000017, 106.17311111100003 -2.2411388890000126, 106.19772222199998 -2.2411388890000126, 106.19772222199998 -2.2383888890000208, 106.21280555599998 -2.2383888890000208, 106.21280555599998 -2.236861110999996, 106.212361111 -2.236861110999996, 106.212361111 -2.2316111110000065, 106.21172222199999 -2.2316111110000065, 106.21172222199999 -2.230722221999997, 106.21133333300003 -2.230722221999997, 106.21133333300003 -2.2302777780000156, 106.210388889 -2.2302777780000156, 106.210388889 -2.2291666670000154, 106.21002777799998 -2.2291666670000154, 106.21002777799998 -2.228749999999991, 106.20888888899998 -2.228749999999991, 106.20888888899998 -2.226555555999994, 106.20691666699997 -2.226555555999994, 106.20691666699997 -2.2222777779999774, 106.20549999999997 -2.2222777779999774, 106.20549999999997 -2.2186944439999934, 106.20516666700001 -2.2186944439999934, 106.20516666700001 -2.21438888900002, 106.205361111 -2.21438888900002, 106.205361111 -2.213666666999984, 106.20558333299999 -2.213666666999984, 106.20558333299999 -2.2109166669999922, 106.205361111 -2.2109166669999922, 106.205361111 -2.209694443999979, 106.20527777799998 -2.209694443999979))",AKTIF,19.0,"71,04",2.0,11.0
271.0,SUMATERA,MENTERI,,KEPULAUAN BANGKA BELITUNG,,KAB. BANGKA TENGAH,,,IUP,PT,TIMAH TBK,2119002112014024,81201098819560178                                                                                   ,2025-06-13,2035-07-21,OPERASI PRODUKSI,689.4,TIMAH,CNC-1,,,PANGKALAN BARU,"POLYGON ((106.07608333299999 -2.164030556, 106.07608333299999 -2.171997222000016, 106.081725 -2.171997222000016, 106.081725 -2.1863611109999965, 106.078666667 -2.1863611109999965, 106.078666667 -2.199386111000024, 106.08028055599999 -2.199386111000024, 106.08028055599999 -2.2047694440000214, 106.07821944400001 -2.2047694440000214, 106.07821944400001 -2.212483333000023, 106.08318333300002 -2.212483333000023, 106.08318333300002 -2.2030638890000205, 106.08544722200003 -2.2030638890000205, 106.08544722200003 -2.199397222000016, 106.09047500000003 -2.199397222000016, 106.09047500000003 -2.201827777999995, 106.09479722200001 -2.201827777999995, 106.09479722200001 -2.196772221999993, 106.093922222 -2.196772221999993, 106.093922222 -2.194388888999981, 106.08636388899998 -2.194388888999981, 106.08636388899998 -2.187469443999987, 106.08980555599999 -2.187469443999987, 106.08980555599999 -2.1832472219999772, 106.09626666700001 -2.1832472219999772, 106.09626666700001 -2.179169444000024, 106.09441388900001 -2.179169444000024, 106.09441388900001 -2.165055556000027, 106.08643611100001 -2.165055556000027, 106.08643611100001 -2.16032777800001, 106.07905555600001 -2.16032777800001, 106.07905555600001 -2.164030556, 106.07608333299999 -2.164030556))",AKTIF,19.0,04,2.0,11.0
272.0,SUMATERA,MENTERI,,KEPULAUAN BANGKA BELITUNG,,"KAB. BANGKA TENGAH,KAB. BANGKA",,,IUP,PT,TIMAH TBK,2119002112014177,81201098819560100                                                                                   ,2025-03-24,2035-07-20,OPERASI PRODUKSI,3479.0,TIMAH,CNC-1,,,MENDO BARAT,"POLYGON ((105.90980555599998 -2.149138889000028, 105.90980555599998 -2.1705277780000074, 105.94927777800001 -2.1705277780000074, 105.94927777800001 -2.174361110999996, 105.96441666700002 -2.174361110999996, 105.96441666700002 -2.1781388890000244, 105.998333333 -2.1781388890000244, 105.998333333 -2.182444443999998, 106.00258333300002 -2.182444443999998, 106.00258333300002 -2.195555555999988, 106.015055556 -2.195555555999988, 106.015055556 -2.2020833330000187, 106.01719444399998 -2.2020833330000187, 106.01719444399998 -2.2087777780000124, 106.020611111 -2.2087777780000124, 106.020611111 -2.2114777780000168, 106.03270277799999 -2.2114777780000168, 106.03270277799999 -2.2135166670000217, 106.03075000000001 -2.2135166670000217, 106.03075000000001 -2.217333332999999, 106.03500000000003 -2.217333332999999, 106.03500000000003 -2.223805556000002, 106.04002777800002 -2.223805556000002, 106.04002777800002 -2.226722221999978, 106.04227777800003 -2.226722221999978, 106.04227777800003 -2.231277777999992, 106.044083333 -2.231277777999992, 106.044083333 -2.246138889000008, 106.04599999999999 -2.246138889000008, 106.04599999999999 -2.2529166670000222, 106.04927777799998 -2.2529166670000222, 106.04927777799998 -2.228138888999979, 106.046888889 -2.228138888999979, 106.046888889 -2.223583333000022, 106.04413888900001 -2.223583333000022, 106.04413888900001 -2.2194999999999823, 106.04002777800002 -2.2194999999999823, 106.04002777800002 -2.2118055560000016, 106.035444444 -2.2118055560000016, 106.035444444 -2.2066388889999757, 106.02327777800002 -2.2066388889999757, 106.02327777800002 -2.203333332999989, 106.02055555599998 -2.203333332999989, 106.02055555599998 -2.1961388889999967, 106.018388889 -2.1961388889999967, 106.018388889 -2.186694444000011, 106.01044444399997 -2.186694444000011, 106.01044444399997 -2.179333332999988, 106.01683333300002 -2.179333332999988, 106.01683333300002 -2.183166667000023, 106.02444444399998 -2.183166667000023, 106.02444444399998 -2.1866111109999906, 106.03563888899998 -2.1866111109999906, 106.03563888899998 -2.190194443999985, 106.04336111100002 -2.190194443999985, 106.04336111100002 -2.194138888999987, 106.04811111100003 -2.194138888999987, 106.04811111100003 -2.209555555999998, 106.05344444399998 -2.209555555999998, 106.05344444399998 -2.2125277779999806, 106.05874999999997 -2.2125277779999806, 106.05874999999997 -2.2216111110000156, 106.060833333 -2.2216111110000156, 106.060833333 -2.2250000000000227, 106.06652777800002 -2.2250000000000227, 106.06652777800002 -2.218277778000015, 106.06355555599998 -2.218277778000015, 106.06355555599998 -2.2084722220000117, 106.05863888900001 -2.2084722220000117, 106.05863888900001 -2.206416666999985, 106.05380555599999 -2.206416666999985, 106.05380555599999 -2.2006666670000072, 106.05233333299998 -2.2006666670000072, 106.05233333299998 -2.191611110999986, 106.061388889 -2.191611110999986, 106.061388889 -2.1968055560000153, 106.06547222199998 -2.1968055560000153, 106.06547222199998 -2.188583332999997, 106.06213888899998 -2.188583332999997, 106.06213888899998 -2.185055556000009, 106.044611111 -2.185055556000009, 106.044611111 -2.1833333330000073, 106.03888888900002 -2.1833333330000073, 106.03888888900002 -2.179388888999995, 106.02425 -2.179388888999995, 106.02425 -2.1768055559999766, 106.01991666700002 -2.1768055559999766, 106.01991666700002 -2.1741388890000053, 106.015638889 -2.1741388890000053, 106.015638889 -2.171333333000007, 106.01111111099999 -2.171333333000007, 106.01111111099999 -2.1668333329999996, 105.963722222 -2.1668333329999996, 105.963722222 -2.162750000000017, 105.958416667 -2.162750000000017, 105.958416667 -2.158916667000028, 105.953388889 -2.158916667000028, 105.953388889 -2.1532777780000174, 105.943083333 -2.1532777780000174, 105.943083333 -2.149138889000028, 105.90980555599998 -2.149138889000028))",AKTIF,19.0,"04,01",2.0,11.0
273.0,SUMATERA,MENTERI,,KEPULAUAN BANGKA BELITUNG,,"KAB. BANGKA TENGAH,KAB. BANGKA",,,IUP,PT,TIMAH TBK,2119002112014025,81201098819560113                                                                                   ,2024-08-12,2035-07-20,OPERASI PRODUKSI,10530.0,TIMAH,CNC-1,,,MENDO BARAT,"POLYGON ((105.80983333299997 -2.277388889000008, 105.81582222200001 -2.277388889000008, 105.81582222200001 -2.279330555999991, 105.817727778 -2.279330555999991, 105.817727778 -2.283636111000021, 105.818836111 -2.283636111000021, 105.818836111 -2.292669444000012, 105.83051666699998 -2.292669444000012, 105.83051666699998 -2.300755556000013, 105.83572222200002 -2.300755556000013, 105.83572222200002 -2.3103722220000122, 105.83741944399998 -2.3103722220000122, 105.83741944399998 -2.3132777779999856, 105.88600000000002 -2.3132777779999856, 105.88600000000002 -2.3025555560000157, 105.92322222199999 -2.3025555560000157, 105.92322222199999 -2.2319722220000244, 105.92869444399997 -2.2319722220000244, 105.92869444399997 -2.1960000000000264, 105.92172222200003 -2.1960000000000264, 105.92172222200003 -2.1938055559999725, 105.91058333299998 -2.1938055559999725, 105.91058333299998 -2.199555556000007, 105.92194444400002 -2.199555556000007, 105.92194444400002 -2.2109166669999922, 105.91927777799998 -2.2109166669999922, 105.91927777799998 -2.2242222219999803, 105.853194444 -2.2242222219999803, 105.853194444 -2.2400833329999728, 105.81708333300003 -2.2400833329999728, 105.81708333300003 -2.25324999999998, 105.82752777799999 -2.25324999999998, 105.82752777799999 -2.262602777999973, 105.80703333299999 -2.262602777999973, 105.80703333299999 -2.263861110999983, 105.80647499999998 -2.263861110999983, 105.80647499999998 -2.2642527780000137, 105.80582222200002 -2.2642527780000137, 105.80582222200002 -2.2652666669999917, 105.80428611100001 -2.2652666669999917, 105.80428611100001 -2.265908333000027, 105.80313888900002 -2.265908333000027, 105.80313888900002 -2.2670027780000055, 105.80091666700002 -2.2670027780000055, 105.80091666700002 -2.2661111109999865, 105.799361111 -2.2661111109999865, 105.799361111 -2.2679999999999723, 105.80119444399998 -2.2679999999999723, 105.80119444399998 -2.268833332999975, 105.80286111100003 -2.268833332999975, 105.80286111100003 -2.269944443999975, 105.804972222 -2.269944443999975, 105.804972222 -2.2719999999999914, 105.80722222200001 -2.2719999999999914, 105.80722222200001 -2.274361111000019, 105.80983333299997 -2.274361111000019, 105.80983333299997 -2.277388889000008))",AKTIF,19.0,"04,01",2.0,11.0
551.0,SUMATERA,MENTERI,,KEPULAUAN BANGKA BELITUNG,,KAB. BANGKA BARAT,,,IUP,PT,TIMAH TBK,3119052112014084,81201098819560165                                                                                   ,2025-01-22,2035-07-20,OPERASI PRODUKSI,79.71,TIMAH,CNC-2,,,MENTOK,"POLYGON ((105.13475 -2.0064055560000043, 105.13630833299999 -2.0064055560000043, 105.13630833299999 -2.007355555999993, 105.13847500000003 -2.007355555999993, 105.13847500000003 -2.0083361110000055, 105.14016388900001 -2.0083361110000055, 105.14016388900001 -2.0098638889999734, 105.14204999999998 -2.0098638889999734, 105.14204999999998 -2.011819444000025, 105.14666111100001 -2.011819444000025, 105.14666111100001 -2.0078777780000223, 105.14342499999998 -2.0078777780000223, 105.14342499999998 -2.003600000000006, 105.13855555599997 -2.003600000000006, 105.13855555599997 -2.001461111000026, 105.13475 -2.001461111000026, 105.13475 -2.0064055560000043))",AKTIF,19.0,05,2.0,11.0
552.0,SUMATERA,MENTERI,,KEPULAUAN BANGKA BELITUNG,,KAB. BANGKA BARAT,,,IUP,PT,TIMAH TBK,3119052112014096,81201098819560112                                                                                   ,2024-08-12,2035-07-20,OPERASI PRODUKSI,617.0,TIMAH,CNC-18,,,MUNTOK,"POLYGON ((105.16036944400003 -2.0270305559999997, 105.16036944400003 -2.029688888999999, 105.158116667 -2.029688888999999, 105.158116667 -2.033299999999997, 105.148258333 -2.033299999999997, 105.148258333 -2.037947222000014, 105.14553055599998 -2.037947222000014, 105.14553055599998 -2.0409833329999856, 105.14192777800002 -2.0409833329999856, 105.14192777800002 -2.053188889000012, 105.134286111 -2.053188889000012, 105.134286111 -2.0568027780000193, 105.130238889 -2.0568027780000193, 105.130238889 -2.0595138890000158, 105.12481944400002 -2.0595138890000158, 105.12481944400002 -2.062977778000004, 105.12518888900001 -2.062977778000004, 105.12518888900001 -2.069016667000028, 105.13563055600002 -2.069016667000028, 105.13563055600002 -2.0640444439999897, 105.13913888899998 -2.0640444439999897, 105.13913888899998 -2.059069443999988, 105.14027499999997 -2.059069443999988, 105.14027499999997 -2.0569305559999975, 105.14193055599998 -2.0569305559999975, 105.14193055599998 -2.057241667000028, 105.14572500000003 -2.057241667000028, 105.14572500000003 -2.056744444000003, 105.14933333300002 -2.056744444000003, 105.14933333300002 -2.0584249999999997, 105.147108333 -2.0584249999999997, 105.147108333 -2.0602916670000013, 105.14551666699998 -2.0602916670000013, 105.14551666699998 -2.062691667000024, 105.14866388899998 -2.062691667000024, 105.14866388899998 -2.065855555999974, 105.14729722200002 -2.065855555999974, 105.14729722200002 -2.073297222000008, 105.15099166700003 -2.073297222000008, 105.15099166700003 -2.0720888889999856, 105.15448055600001 -2.0720888889999856, 105.15448055600001 -2.069208333000006, 105.15139166699998 -2.069208333000006, 105.15139166699998 -2.065772222000021, 105.150877778 -2.065772222000021, 105.150877778 -2.0627583329999766, 105.154505556 -2.0627583329999766, 105.154505556 -2.061788889000013, 105.15181388899998 -2.061788889000013, 105.15181388899998 -2.056361111000001, 105.14911944400001 -2.056361111000001, 105.14911944400001 -2.0506055559999936, 105.14733055599999 -2.0506055559999936, 105.14733055599999 -2.0444388889999914, 105.15047222200002 -2.0444388889999914, 105.15047222200002 -2.041894443999979, 105.15272222200002 -2.041894443999979, 105.15272222200002 -2.0355111110000053, 105.154927778 -2.0355111110000053, 105.154927778 -2.0378277780000076, 105.157216667 -2.0378277780000076, 105.157216667 -2.040091667000013, 105.16350555600002 -2.040091667000013, 105.16350555600002 -2.0354083330000208, 105.165761111 -2.0354083330000208, 105.165761111 -2.031052778000003, 105.164319444 -2.031052778000003, 105.164319444 -2.0285722219999798, 105.16336111099997 -2.0285722219999798, 105.16336111099997 -2.0270305559999997, 105.16036944400003 -2.0270305559999997))",AKTIF,19.0,05,2.0,11.0
553.0,SUMATERA,MENTERI,,KEPULAUAN BANGKA BELITUNG,,KAB. BANGKA TENGAH,,,IUP,PT,PREMIUM TIN INDONESIA,3119042112014042,81202181115420003                                                                                   ,2023-06-06,2033-01-10,OPERASI PRODUKSI,73.18,TIMAH,CNC-17,,,"DESA KERETAK, KEC. SUNGAISELAN, KAB. BANGKA TENGAH","POLYGON ((106.02128055600002 -2.3046222219999777, 106.02128055600002 -2.315727777999996, 106.02661111100002 -2.315727777999996, 106.02661111100002 -2.3046222219999777, 106.02128055600002 -2.3046222219999777))",AKTIF,19.0,04,2.0,11.0
557.0,SUMATERA,MENTERI,,KEPULAUAN BANGKA BELITUNG,,KAB. BANGKA,,,IUP,PT,TIMAH TBK,3119012112014044,81201098819560218                                                                                   ,2025-02-28,2035-07-20,OPERASI PRODUKSI,2217.0,TIMAH,CNC-14,,,SUNGAI LIAT,"POLYGON ((106.15913888900002 -1.9193944439999768, 106.15913888900002 -1.9177527780000219, 106.15697222199998 -1.9177527780000219, 106.15697222199998 -1.9200166670000272, 106.15315277799999 -1.9200166670000272, 106.15315277799999 -1.92543888900002, 106.14776111100002 -1.92543888900002, 106.14776111100002 -1.9200138890000176, 106.14416111100002 -1.9200138890000176, 106.14416111100002 -1.9154944439999895, 106.14011666699997 -1.9154944439999895, 106.14011666699997 -1.9257222219999903, 106.141577778 -1.9257222219999903, 106.141577778 -1.928583333000006, 106.14265833299999 -1.928583333000006, 106.14265833299999 -1.9295694439999806, 106.143522222 -1.9295694439999806, 106.143522222 -1.9310361110000258, 106.14159722199997 -1.9310361110000258, 106.14159722199997 -1.9301416669999867, 106.14011666699997 -1.9301416669999867, 106.14011666699997 -1.9304138890000218, 106.13810277800002 -1.9304138890000218, 106.13810277800002 -1.9367444439999986, 106.14956111100003 -1.9367444439999986, 106.14956111100003 -1.9417222220000099, 106.145069444 -1.9417222220000099, 106.145069444 -1.945338889000027, 106.14102777800002 -1.945338889000027, 106.14102777800002 -1.9561944440000048, 106.13562777800001 -1.9561944440000048, 106.13562777800001 -1.9631944440000098, 106.14281388900002 -1.9631944440000098, 106.14281388900002 -1.9600333330000126, 106.14596111100002 -1.9600333330000126, 106.14596111100002 -1.9720249999999737, 106.12888333299998 -1.9720249999999737, 106.12888333299998 -1.9665972220000185, 106.12237222200002 -1.9665972220000185, 106.12237222200002 -1.9598138889999746, 106.124616667 -1.9598138889999746, 106.124616667 -1.9548388889999728, 106.11204166700003 -1.9548388889999728, 106.11204166700003 -1.9661444440000082, 106.11113888900002 -1.9661444440000082, 106.11113888900002 -1.9715722220000202, 106.10911666700002 -1.9715722220000202, 106.10911666700002 -1.9772166669999933, 106.111133333 -1.9772166669999933, 106.111133333 -1.9824166669999954, 106.11496388900002 -1.9824166669999954, 106.11496388900002 -1.9982444440000222, 106.11181944399999 -1.9982444440000222, 106.11181944399999 -2.010175000000004, 106.11563055599999 -2.010175000000004, 106.11563055599999 -2.0127166670000065, 106.12395833300002 -2.0127166670000065, 106.12395833300002 -2.007291667000004, 106.12709444400002 -2.007291667000004, 106.12709444400002 -2.0041249999999877, 106.14012500000001 -2.0041249999999877, 106.14012500000001 -2.001408332999972, 106.141816667 -2.001408332999972, 106.141816667 -1.996366667000018, 106.14083888900001 -1.996366667000018, 106.14083888900001 -1.9887888889999772, 106.14009166699998 -1.9887888889999772, 106.14009166699998 -1.9852611109999998, 106.142808333 -1.9852611109999998, 106.142808333 -1.9800305559999742, 106.14486388900002 -1.9800305559999742, 106.14486388900002 -1.9761250000000246, 106.145930556 -1.9761250000000246, 106.145930556 -1.9742555560000028, 106.147477778 -1.9742555560000028, 106.147477778 -1.9698750000000018, 106.146963889 -1.9698750000000018, 106.146963889 -1.9667249999999967, 106.14793611099998 -1.9667249999999967, 106.14793611099998 -1.9629638889999796, 106.14932499999998 -1.9629638889999796, 106.14932499999998 -1.959799999999973, 106.15185555599999 -1.959799999999973, 106.15185555599999 -1.9545777779999867, 106.15102777800001 -1.9545777779999867, 106.15102777800001 -1.949688889000015, 106.151936111 -1.949688889000015, 106.151936111 -1.9468277779999994, 106.15317222200002 -1.9468277779999994, 106.15317222200002 -1.9326694439999983, 106.15365000000003 -1.9326694439999983, 106.15365000000003 -1.9270916670000133, 106.15503055599999 -1.9270916670000133, 106.15503055599999 -1.9245166669999776, 106.15608888899999 -1.9245166669999776, 106.15608888899999 -1.9223388890000024, 106.15714722199999 -1.9223388890000024, 106.15714722199999 -1.9208055560000048, 106.15853611099999 -1.9208055560000048, 106.15853611099999 -1.9193944439999768, 106.15913888900002 -1.9193944439999768))",AKTIF,19.0,01,2.0,11.0
592.0,SUMATERA,MENTERI,,KEPULAUAN BANGKA BELITUNG,,KAB. BANGKA TENGAH,,,IUP,PT,TIMAH TBK,3119042112014012,81201098819560111                                                                                   ,2025-05-26,2035-07-21,OPERASI PRODUKSI,5039.17,TIMAH,CNC-14,,,"DESA BATU BERIGA, KEC. LUBUK BESAR","POLYGON ((106.83032500000002 -2.588799999999992, 106.82876666700002 -2.588799999999992, 106.82876666700002 -2.5891583330000003, 106.82318333299997 -2.5891583330000003, 106.82318333299997 -2.5857750000000124, 106.82241388900002 -2.5857750000000124, 106.82241388900002 -2.5842027780000194, 106.82164444400001 -2.5842027780000194, 106.82164444400001 -2.5828055559999825, 106.82073888899998 -2.5828055559999825, 106.82073888899998 -2.5816222220000213, 106.81962777799998 -2.5816222220000213, 106.81962777799998 -2.5802833330000112, 106.81589166700002 -2.5802833330000112, 106.81589166700002 -2.5789194440000074, 106.80980833299998 -2.5789194440000074, 106.80980833299998 -2.5800833330000046, 106.80626666699999 -2.5800833330000046, 106.80626666699999 -2.581933332999995, 106.80165 -2.581933332999995, 106.80165 -2.5838416670000015, 106.79712222199998 -2.5838416670000015, 106.79712222199998 -2.586266667000018, 106.79165277800001 -2.586266667000018, 106.79165277800001 -2.5883833330000243, 106.78772222200001 -2.5883833330000243, 106.78772222200001 -2.591227778000018, 106.78502500000002 -2.591227778000018, 106.78502500000002 -2.5969833330000256, 106.782191667 -2.5969833330000256, 106.782191667 -2.599997222000013, 106.77965277800001 -2.599997222000013, 106.77965277800001 -2.602666666999994, 106.77660277799998 -2.602666666999994, 106.77660277799998 -2.6069722220000244, 106.773802778 -2.6069722220000244, 106.773802778 -2.609333332999995, 106.77015833299998 -2.609333332999995, 106.77015833299998 -2.603930556000023, 106.768325 -2.603930556000023, 106.768325 -2.6016555560000256, 106.766313889 -2.6016555560000256, 106.766313889 -2.600516667000022, 106.75959722200002 -2.600516667000022, 106.75959722200002 -2.603988888999993, 106.75467500000002 -2.603988888999993, 106.75467500000002 -2.6078999999999724, 106.749563889 -2.6078999999999724, 106.749563889 -2.612088889000006, 106.74481944399997 -2.612088889000006, 106.74481944399997 -2.617597221999972, 106.74043055599998 -2.617597221999972, 106.74043055599998 -2.6405388890000268, 106.83032500000002 -2.6405388890000268, 106.83032500000002 -2.588799999999992))",AKTIF,19.0,04,2.0,11.0
593.0,SUMATERA,Menteri,,KEPULAUAN BANGKA BELITUNG,,KAB. BANGKA SELATAN,,,IUP,PT,TIMAH,3119032112014015,81201098819560183,2025-07-20,2035-07-20,OPERASI PRODUKSI,375.0,Timah,CNC-2,,,"DESA TANJUNG LABU, KEC. LEPAR PONGOK, KAB. BANGKA SELATAN","POLYGON ((106.87819444399997 -2.947063888999992, 106.87819444399997 -2.951361110999983, 106.87663055600001 -2.951361110999983, 106.87663055600001 -2.9617583329999775, 106.87955555600001 -2.9617583329999775, 106.87955555600001 -2.967405556000017, 106.88383333299998 -2.967405556000017, 106.88383333299998 -2.974863889000005, 106.888111111 -2.974863889000005, 106.888111111 -2.9823222219999934, 106.89080555599998 -2.9823222219999934, 106.89080555599998 -2.9853111109999872, 106.89257500000002 -2.9853111109999872, 106.89257500000002 -2.9837666669999976, 106.89394166699998 -2.9837666669999976, 106.89394166699998 -2.9825888889999987, 106.89474999999999 -2.9825888889999987, 106.89474999999999 -2.9818833329999848, 106.895427778 -2.9818833329999848, 106.895427778 -2.9814583329999778, 106.896116667 -2.9814583329999778, 106.896116667 -2.9810666669999932, 106.89668888900002 -2.9810666669999932, 106.89668888900002 -2.980736110999999, 106.89732777799998 -2.980736110999999, 106.89732777799998 -2.9793805560000237, 106.89485000000002 -2.9793805560000237, 106.89485000000002 -2.9726, 106.892597222 -2.9726, 106.892597222 -2.9655944439999757, 106.887647222 -2.9655944439999757, 106.887647222 -2.9597194439999726, 106.88359166700002 -2.9597194439999726, 106.88359166700002 -2.947063888999992, 106.87819444399997 -2.947063888999992))",AKTIF,19.0,03,2.0,11.0
594.0,SUMATERA,MENTERI,,KEPULAUAN BANGKA BELITUNG,,KAB. BELITUNG TIMUR,,,IUP,PT,TIMAH TBK,3119062112014092,81201098819560159                                                                                   ,2024-12-20,2035-07-21,OPERASI PRODUKSI,4653.0,TIMAH,CNC-1,,,MANGGAR,"POLYGON ((108.07569444400002 -2.9467222220000053, 108.07569444400002 -2.96444444399998, 108.08241666700002 -2.96444444399998, 108.08241666700002 -2.968027778000021, 108.09813888899998 -2.968027778000021, 108.09813888899998 -2.9756944439999984, 108.10561111099997 -2.9756944439999984, 108.10561111099997 -2.973472221999998, 108.11836111100001 -2.973472221999998, 108.11836111100001 -2.9860277779999933, 108.106 -2.9860277779999933, 108.106 -2.9944444440000098, 108.10041666699999 -2.9944444440000098, 108.10041666699999 -2.980944443999988, 108.05788888900003 -2.980944443999988, 108.05788888900003 -2.970583332999979, 108.05091666700002 -2.970583332999979, 108.05091666700002 -2.979750000000024, 108.04822222199999 -2.979750000000024, 108.04822222199999 -2.984277777999978, 108.04008333299998 -2.984277777999978, 108.04008333299998 -3.006888888999981, 108.04641666700002 -3.006888888999981, 108.04641666700002 -3.0132222220000244, 108.05902777799997 -3.0132222220000244, 108.05902777799997 -3.006888888999981, 108.06441666699999 -3.006888888999981, 108.06441666699999 -3.0103333330000055, 108.081472222 -3.0103333330000055, 108.081472222 -3.0222777779999888, 108.09141666699998 -3.0222777779999888, 108.09141666699998 -3.021494443999984, 108.090602778 -3.021494443999984, 108.090602778 -3.0210277780000183, 108.08980555599999 -3.0210277780000183, 108.08980555599999 -3.020505555999989, 108.08910555599999 -3.020505555999989, 108.08910555599999 -3.0200777779999726, 108.08834722199998 -3.0200777779999726, 108.08834722199998 -3.0197499999999877, 108.087333333 -3.0197499999999877, 108.087333333 -3.017774999999972, 108.08921666700002 -3.017774999999972, 108.08921666700002 -3.0182611110000153, 108.09005277799997 -3.0182611110000153, 108.09005277799997 -3.018744443999992, 108.090811111 -3.018744443999992, 108.090811111 -3.019405555999981, 108.09141666699998 -3.019405555999981, 108.09141666699998 -3.016869444000008, 108.09698333300003 -3.016869444000008, 108.09698333300003 -3.015497222000022, 108.09764444400003 -3.015497222000022, 108.09764444400003 -3.0145222219999823, 108.09848888900001 -3.0145222219999823, 108.09848888900001 -3.0137583329999984, 108.09924444400002 -3.0137583329999984, 108.09924444400002 -3.012211110999999, 108.09703333300001 -3.012211110999999, 108.09703333300001 -3.01288888900001, 108.09436111100001 -3.01288888900001, 108.09436111100001 -3.0109055560000115, 108.095086111 -3.0109055560000115, 108.095086111 -3.0097749999999905, 108.09611111100003 -3.0097749999999905, 108.09611111100003 -3.008519444000001, 108.09850833299998 -3.008519444000001, 108.09850833299998 -3.0094916670000202, 108.09936666700003 -3.0094916670000202, 108.09936666700003 -3.010180556000023, 108.10005277800002 -3.010180556000023, 108.10005277800002 -3.01094999999998, 108.10118055599997 -3.01094999999998, 108.10118055599997 -3.010366667000028, 108.10415833299999 -3.010366667000028, 108.10415833299999 -3.011944443999994, 108.10336388899998 -3.011944443999994, 108.10336388899998 -3.012758333000022, 108.10271111100002 -3.012758333000022, 108.10271111100002 -3.013633332999973, 108.101991667 -3.013633332999973, 108.101991667 -3.014297221999982, 108.10146111099999 -3.014297221999982, 108.10146111099999 -3.0152722220000214, 108.10070555599998 -3.0152722220000214, 108.10070555599998 -3.016097221999985, 108.09998611100002 -3.016097221999985, 108.09998611100002 -3.0168611110000256, 108.105194444 -3.0168611110000256, 108.105194444 -3.0049999999999955, 108.11563888900002 -3.0049999999999955, 108.11563888900002 -2.9913888890000067, 108.13592499999999 -2.9913888890000067, 108.13592499999999 -2.987863888999982, 108.14097222200002 -2.987863888999982, 108.14097222200002 -2.98066666699998, 108.150944444 -2.98066666699998, 108.150944444 -2.9721666670000104, 108.15436111100001 -2.9721666670000104, 108.15436111100001 -2.9679944439999986, 108.14846666699998 -2.9679944439999986, 108.14846666699998 -2.962472221999974, 108.104916667 -2.962472221999974, 108.104916667 -2.95261111100001, 108.09680555599999 -2.95261111100001, 108.09680555599999 -2.949916667000025, 108.091472222 -2.949916667000025, 108.091472222 -2.9584722220000117, 108.08780555599998 -2.9584722220000117, 108.08780555599998 -2.9467222220000053, 108.07569444400002 -2.9467222220000053))",AKTIF,19.0,06,2.0,11.0
597.0,SUMATERA,MENTERI,,KEPULAUAN BANGKA BELITUNG,,KAB. BANGKA TENGAH,,,IUP,PT,TIMAH TBK,3119042112014032,81201098819560152                                                                                   ,2025-03-24,2035-07-21,OPERASI PRODUKSI,356.8,TIMAH,CNC-16,,,KOBA,"POLYGON ((106.53447222199998 -2.5784499999999753, 106.556772222 -2.5784499999999753, 106.556772222 -2.5769333329999995, 106.55525555600002 -2.5769333329999995, 106.55525555600002 -2.5571916669999837, 106.560702778 -2.5571916669999837, 106.560702778 -2.5479277779999734, 106.55829166699999 -2.5479277779999734, 106.55829166699999 -2.5421138890000066, 106.55678055599998 -2.5421138890000066, 106.55678055599998 -2.5466111110000043, 106.55314166699998 -2.5466111110000043, 106.55314166699998 -2.5502500000000055, 106.55183055600003 -2.5502500000000055, 106.55183055600003 -2.5592777780000233, 106.54886111100001 -2.5592777780000233, 106.54886111100001 -2.5651694439999915, 106.545288889 -2.5651694439999915, 106.545288889 -2.576913889000025, 106.53447222199998 -2.576913889000025, 106.53447222199998 -2.5784499999999753))",AKTIF,19.0,04,2.0,11.0
716.0,SUMATERA,MENTERI,,KEPULAUAN BANGKA BELITUNG,,KAB. BANGKA SELATAN,,,IUP,PT,TIMAH TBK,3119032112014031,81201098819560131                                                                                   ,2025-05-21,2035-07-20,OPERASI PRODUKSI,4403.0,TIMAH,CNC-2,,,"WIL. TANJUNG KUBU, KEC. TOBOALI","POLYGON ((106.52583333299998 -3.1063888890000158, 106.52583333299998 -3.1161111110000093, 106.65638888900003 -3.1161111110000093, 106.65638888900003 -3.1013888890000203, 106.65277777799997 -3.1013888890000203, 106.65277777799997 -3.0866666669999745, 106.63999999999999 -3.0866666669999745, 106.63999999999999 -3.0822222219999844, 106.622222222 -3.0822222219999844, 106.622222222 -3.086388888999977, 106.61388888900001 -3.086388888999977, 106.61388888900001 -3.089166666999972, 106.60416666700002 -3.089166666999972, 106.60416666700002 -3.079999999999984, 106.561944444 -3.079999999999984, 106.561944444 -3.089166666999972, 106.55333333300001 -3.089166666999972, 106.55333333300001 -3.1108333330000164, 106.54388888900002 -3.1108333330000164, 106.54388888900002 -3.102777778000018, 106.53222222199997 -3.102777778000018, 106.53222222199997 -3.1063888890000158, 106.52583333299998 -3.1063888890000158))",AKTIF,19.0,03,2.0,11.0
781.0,SUMATERA,MENTERI,,KEPULAUAN BANGKA BELITUNG,,KAB. BANGKA BARAT,,,IUP,PT,TIMAH TBK,3119052112014061,81201098819560125                                                                                   ,2024-08-12,2035-07-20,OPERASI PRODUKSI,1032.0,TIMAH,CNC-2,,,MUNTOK,"POLYGON ((105.15571111100002 -1.958705555999984, 105.15571111100002 -1.9724861110000234, 105.15300000000002 -1.9724861110000234, 105.15300000000002 -1.969600000000014, 105.15097777800003 -1.969600000000014, 105.15097777800003 -1.9659916670000257, 105.14552500000002 -1.9659916670000257, 105.14552500000002 -1.9641888890000132, 105.13783055599998 -1.9641888890000132, 105.13783055599998 -1.970036111000013, 105.147636111 -1.970036111000013, 105.147636111 -1.9731249999999818, 105.15078888900001 -1.9731249999999818, 105.15078888900001 -1.9776305560000083, 105.15265555600001 -1.9776305560000083, 105.15265555600001 -1.98075277800001, 105.157677778 -1.98075277800001, 105.157677778 -1.9888305559999822, 105.16021666699999 -1.9888305559999822, 105.16021666699999 -1.9997638890000076, 105.16386111100002 -1.9997638890000076, 105.16386111100002 -2.0011916670000005, 105.16507777800001 -2.0011916670000005, 105.16507777800001 -2.0016833330000168, 105.166186111 -2.0016833330000168, 105.166186111 -2.002113888999986, 105.16678333300001 -2.002113888999986, 105.16678333300001 -2.002769444000023, 105.16712222199999 -2.002769444000023, 105.16712222199999 -1.993186111, 105.169519444 -1.993186111, 105.169519444 -1.9748194439999907, 105.16704722200001 -1.9748194439999907, 105.16704722200001 -1.9678277780000144, 105.16483888900001 -1.9678277780000144, 105.16483888900001 -1.960094443999992, 105.16347777800001 -1.960094443999992, 105.16347777800001 -1.947947221999982, 105.16601944400003 -1.947947221999982, 105.16601944400003 -1.9575888890000215, 105.16874722199998 -1.9575888890000215, 105.16874722199998 -1.9677277779999827, 105.17008055600002 -1.9677277779999827, 105.17008055600002 -1.9727944439999874, 105.171280556 -1.9727944439999874, 105.171280556 -1.9778944440000146, 105.176294444 -1.9778944440000146, 105.176294444 -1.965716666999981, 105.17493611100002 -1.965716666999981, 105.17493611100002 -1.956427777999977, 105.17236111099999 -1.956427777999977, 105.17236111099999 -1.9499694439999757, 105.17098055600002 -1.9499694439999757, 105.17098055600002 -1.9375277780000033, 105.16683888900002 -1.9375277780000033, 105.16683888900002 -1.9401694439999915, 105.16544166699998 -1.9401694439999915, 105.16544166699998 -1.9417166669999801, 105.16496944400001 -1.9417166669999801, 105.16496944400001 -1.9463388890000033, 105.162627778 -1.9463388890000033, 105.162627778 -1.947883332999993, 105.16190833299999 -1.947883332999993, 105.16190833299999 -1.9517777780000074, 105.159477778 -1.9517777780000074, 105.159477778 -1.952741666999998, 105.15894166700002 -1.952741666999998, 105.15894166700002 -1.9567444439999804, 105.156208333 -1.9567444439999804, 105.156208333 -1.958705555999984, 105.15571111100002 -1.958705555999984))",AKTIF,19.0,05,2.0,11.0
782.0,SUMATERA,MENTERI,,KEPULAUAN BANGKA BELITUNG,,KAB. BANGKA BARAT,,,IUP,PT,TIMAH TBK,3119052112014112,81201098819560168                                                                                   ,2025-04-30,2035-07-20,OPERASI PRODUKSI,51.34,TIMAH,CNC-14,,,MUNTOK,"POLYGON ((105.181613889 -2.0344055560000243, 105.181613889 -2.036094444000014, 105.17948888900003 -2.036094444000014, 105.17948888900003 -2.041183332999992, 105.18389722199998 -2.041183332999992, 105.18389722199998 -2.0418305559999794, 105.18527222199998 -2.0418305559999794, 105.18527222199998 -2.037516666999977, 105.18726944399998 -2.037516666999977, 105.18726944399998 -2.0348333329999946, 105.18455 -2.0348333329999946, 105.18455 -2.0344055560000243, 105.181613889 -2.0344055560000243))",AKTIF,19.0,05,2.0,11.0
920.0,SUMATERA,GUBERNUR,,KEPULAUAN BANGKA BELITUNG,,4-12 MIL LAUT,,,IUP,PT,MITRA SUKSES GLOBALINDO,2119002112014161,188.44/051/DPE/2012,2012-01-20,2031-12-31,OPERASI PRODUKSI,1451.0,TIMAH DMP,CNC-1, ,BLOK SANGAU C2,LAUT TANJUNG SANGAU,"POLYGON ((105.54500000000002 -1.4241670000000113, 105.54500000000002 -1.4427779999999757, 105.60805599999998 -1.4427779999999757, 105.60805599999998 -1.4241670000000113, 105.54500000000002 -1.4241670000000113))",AKTIF,19.0,00,2.0,11.0
967.0,SUMATERA,GUBERNUR,,KEPULAUAN BANGKA BELITUNG,,KAB. BANGKA,,,IUP,PT,SARANA MARINDO,2119002112014187,188.44/472.B/ESDM/2017                                                                              ,2017-03-30,2027-03-30,OPERASI PRODUKSI,564.3,TIMAH,CNC-1,,,LAUT PENYUSUK,"POLYGON ((105.66522222200001 -1.4565000000000055, 105.66522222200001 -1.4682500000000118, 105.72330555600001 -1.4682500000000118, 105.72330555600001 -1.4617777779999983, 105.6805 -1.4617777779999983, 105.6805 -1.4565000000000055, 105.66522222200001 -1.4565000000000055))",AKTIF,19.0,01,2.0,11.0
968.0,SUMATERA,MENTERI,,KEPULAUAN BANGKA BELITUNG,,KAB. BELITUNG,,,IUP,PT,TIMAH TBK,2119002112014117,81201098819560205                                                                                   ,2025-05-05,2035-07-20,OPERASI PRODUKSI,1219.0,TIMAH,CNC-1,,,GUNUNG  TAMPONG  (KAB.  BELITUNG)  DAN  KELAPA  KAMPIT,"MULTIPOLYGON (((107.90116666699998 -2.6175833330000273, 107.86938888899999 -2.6175833330000273, 107.86938888899999 -2.6330277779999847, 107.916888889 -2.6330277779999847, 107.916888889 -2.62930555600002, 107.916888889 -2.623444443999972, 107.90116666699998 -2.623444443999972, 107.90116666699998 -2.6175833330000273)), ((107.967361111 -2.62930555600002, 107.967361111 -2.621638888999996, 107.97547222200001 -2.621638888999996, 107.97547222200001 -2.59811111099998, 107.96558333299998 -2.59811111099998, 107.96558333299998 -2.61530555600001, 107.959277778 -2.61530555600001, 107.959277778 -2.62930555600002, 107.967361111 -2.62930555600002)))",AKTIF,19.0,02,2.0,11.0
1098.0,SUMATERA,MENTERI,,KEPULAUAN BANGKA BELITUNG,,KAB. BANGKA BARAT,,,IUP,PT,TIMAH TBK,3119052112014098,81201098819560173                                                                                   ,2025-01-22,2035-07-20,OPERASI PRODUKSI,54.6,TIMAH,CNC-3,,,TEMPILANG,"POLYGON ((105.67268333300001 -2.1238833329999807, 105.67268333300001 -2.1172750000000065, 105.672297222 -2.1172750000000065, 105.672297222 -2.114127778000011, 105.675725 -2.114127778000011, 105.675725 -2.116874999999993, 105.67807222200003 -2.116874999999993, 105.67807222200003 -2.11855555599999, 105.67988611099997 -2.11855555599999, 105.67988611099997 -2.113944444000026, 105.66969999999998 -2.113944444000026, 105.66969999999998 -2.1238833329999807, 105.67268333300001 -2.1238833329999807))",AKTIF,19.0,05,2.0,11.0
1157.0,SUMATERA,MENTERI,,KEPULAUAN BANGKA BELITUNG,,KAB. BANGKA BARAT,,,IUP,PT,TIMAH TBK,3119052112014062,81201098819560206                                                                                   ,2025-05-06,2035-07-20,OPERASI PRODUKSI,921.6,TIMAH,CNC-3,,,MUNTOK,"POLYGON ((105.20010277799997 -1.931263888999979, 105.19019444399999 -1.931263888999979, 105.19019444399999 -1.9348222219999798, 105.19274444400003 -1.9348222219999798, 105.19274444400003 -1.9401777780000202, 105.195688889 -1.9401777780000202, 105.195688889 -1.9469250000000216, 105.197977778 -1.9469250000000216, 105.197977778 -1.9536472219999723, 105.20055000000002 -1.9536472219999723, 105.20055000000002 -1.9686305559999937, 105.19713333300001 -1.9686305559999937, 105.19713333300001 -1.9725444439999933, 105.196113889 -1.9725444439999933, 105.196113889 -1.976722221999978, 105.19256111099997 -1.976722221999978, 105.19256111099997 -1.9815944439999953, 105.18938611099998 -1.9815944439999953, 105.18938611099998 -1.9861222220000059, 105.18632777800002 -1.9861222220000059, 105.18632777800002 -1.9900722219999807, 105.18176666699998 -1.9900722219999807, 105.18176666699998 -1.9981527780000192, 105.19031388899998 -1.9981527780000192, 105.19031388899998 -1.9865138889999798, 105.19121388899998 -1.9865138889999798, 105.19121388899998 -1.985847222000018, 105.19181111099999 -1.985847222000018, 105.19181111099999 -1.9854444439999952, 105.19225 -1.9854444439999952, 105.19225 -1.9850250000000074, 105.19279722200002 -1.9850250000000074, 105.19279722200002 -1.9842944439999997, 105.20071388899999 -1.9842944439999997, 105.20071388899999 -1.9815305559999956, 105.20526111100003 -1.9815305559999956, 105.20526111100003 -1.9838194440000052, 105.219491667 -1.9838194440000052, 105.219491667 -1.9771111109999993, 105.21391388900003 -1.9771111109999993, 105.21391388900003 -1.9738083330000222, 105.20801111100002 -1.9738083330000222, 105.20801111100002 -1.9684750000000122, 105.21031944399999 -1.9684750000000122, 105.21031944399999 -1.9523750000000177, 105.20789722199999 -1.9523750000000177, 105.20789722199999 -1.9469277779999743, 105.20460000000003 -1.9469277779999743, 105.20460000000003 -1.942036110999993, 105.20252499999998 -1.942036110999993, 105.20252499999998 -1.9367527780000273, 105.20010277799997 -1.9367527780000273, 105.20010277799997 -1.931263888999979))",AKTIF,19.0,05,2.0,11.0
1158.0,SUMATERA,MENTERI,,KEPULAUAN BANGKA BELITUNG,,KAB. BANGKA BARAT,,,IUP,PT,TIMAH TBK,3119052112014016,81201098819560092                                                                                   ,2025-05-05,2035-07-20,OPERASI PRODUKSI,5383.5,TIMAH,CNC-3,,,LAUT TEMPILANG KEC. TEMPILANG,"POLYGON ((105.64010555599998 -2.120277778000002, 105.60751944399999 -2.120277778000002, 105.60751944399999 -2.166872221999995, 105.70640277799998 -2.166872221999995, 105.70640277799998 -2.1273194440000225, 105.68488333300002 -2.1273194440000225, 105.68488333300002 -2.129555556000014, 105.67989722200002 -2.129555556000014, 105.67989722200002 -2.1238722219999886, 105.66968888899999 -2.1238722219999886, 105.66968888899999 -2.1252416670000116, 105.66689444399998 -2.1252416670000116, 105.66689444399998 -2.1277055560000235, 105.6603 -2.1277055560000235, 105.6603 -2.12351666699999, 105.66157500000003 -2.12351666699999, 105.66157500000003 -2.118338888999972, 105.64010555599998 -2.118338888999972, 105.64010555599998 -2.120277778000002))",AKTIF,19.0,05,2.0,11.0
1225.0,SUMATERA,MENTERI,,KEPULAUAN BANGKA BELITUNG,,KAB. BANGKA,,,IUP,PT,AEGA PRIMA,2119002112014155,02202006025250014                                                                                   ,2024-09-26,2035-05-02,OPERASI PRODUKSI,293.0,TIMAH,CNC-1,,,BELINYU (WILAYAH LAUT TELUK KELABAT YANG BERJARAK 4 S.D 12 MIL DARI GARIS PANTAI),"POLYGON ((105.65308333299998 -1.4353333330000169, 105.65308333299998 -1.441250000000025, 105.658722222 -1.441250000000025, 105.658722222 -1.444749999999999, 105.66663888900001 -1.444749999999999, 105.66663888900001 -1.4488333329999818, 105.66894444399998 -1.4488333329999818, 105.66894444399998 -1.4505833329999973, 105.67236111099999 -1.4505833329999973, 105.67236111099999 -1.4524166670000227, 105.67480555600002 -1.4524166670000227, 105.67480555600002 -1.4558333329999869, 105.678833333 -1.4558333329999869, 105.678833333 -1.449583333000021, 105.676888889 -1.449583333000021, 105.676888889 -1.44608333299999, 105.67372222199998 -1.44608333299999, 105.67372222199998 -1.4437222220000194, 105.67236111099999 -1.4437222220000194, 105.67236111099999 -1.4383055559999889, 105.67061111100003 -1.4383055559999889, 105.67061111100003 -1.4353333330000169, 105.65308333299998 -1.4353333330000169))",AKTIF,19.0,01,2.0,11.0
1272.0,SUMATERA,MENTERI,,KEPULAUAN BANGKA BELITUNG,,KAB. BANGKA,,,IUP,PT,TIMAH TBK,3119012112014152,81201098819560119                                                                                   ,2024-11-17,2037-07-21,OPERASI PRODUKSI,25910.0,TIMAH,CNC-18,,,BELINYU,"POLYGON ((105.89711666699998 -1.6934722220000253, 105.89314999999999 -1.6934722220000253, 105.89314999999999 -1.6974555560000226, 105.88375555599998 -1.6974555560000226, 105.88375555599998 -1.6945555560000116, 105.87363333299999 -1.6945555560000116, 105.87363333299999 -1.7037861109999994, 105.87063611100001 -1.7037861109999994, 105.87063611100001 -1.7119333329999904, 105.87875833300001 -1.7119333329999904, 105.87875833300001 -1.7232694439999818, 105.870527778 -1.7232694439999818, 105.870527778 -1.727316667000025, 105.86477500000001 -1.727316667000025, 105.86477500000001 -1.7311805560000266, 105.85790555599999 -1.7311805560000266, 105.85790555599999 -1.7239111110000067, 105.848763889 -1.7239111110000067, 105.848763889 -1.728680555999972, 105.854466667 -1.728680555999972, 105.854466667 -1.7450722219999761, 105.85136111100002 -1.7450722219999761, 105.85136111100002 -1.7508000000000266, 105.848075 -1.7508000000000266, 105.848075 -1.7588611109999874, 105.84650555600001 -1.7588611109999874, 105.84650555600001 -1.7681194439999786, 105.83197777800001 -1.7681194439999786, 105.83197777800001 -1.757891667000024, 105.83625555600003 -1.757891667000024, 105.83625555600003 -1.7527499999999918, 105.839477778 -1.7527499999999918, 105.839477778 -1.738411111000005, 105.83692777800002 -1.738411111000005, 105.83692777800002 -1.7350944440000262, 105.83176111099999 -1.7350944440000262, 105.83176111099999 -1.7467666669999744, 105.81801388899999 -1.7467666669999744, 105.81801388899999 -1.7391527780000047, 105.81975 -1.7391527780000047, 105.81975 -1.7356333330000098, 105.82273611099998 -1.7356333330000098, 105.82273611099998 -1.7147166670000047, 105.81772222199999 -1.7147166670000047, 105.81772222199999 -1.7314833330000283, 105.81453333299999 -1.7314833330000283, 105.81453333299999 -1.7354277779999734, 105.81170277799998 -1.7354277779999734, 105.81170277799998 -1.7401611110000204, 105.807736111 -1.7401611110000204, 105.807736111 -1.7239222219999988, 105.81250555600002 -1.7239222219999988, 105.81250555600002 -1.7177833329999999, 105.80255555600002 -1.7177833329999999, 105.80255555600002 -1.7302500000000123, 105.79755 -1.7302500000000123, 105.79755 -1.7372777780000206, 105.80265277799998 -1.7372777780000206, 105.80265277799998 -1.7468666670000061, 105.800605556 -1.7468666670000061, 105.800605556 -1.7571805559999802, 105.80061111100002 -1.7571805559999802, 105.80061111100002 -1.758944444000008, 105.80144999999999 -1.758944444000008, 105.80144999999999 -1.7604916669999966, 105.801891667 -1.7604916669999966, 105.801891667 -1.7611055560000182, 105.803055556 -1.7611055560000182, 105.803055556 -1.7625944440000012, 105.80787222200001 -1.7625944440000012, 105.80787222200001 -1.7679083329999798, 105.81026666700001 -1.7679083329999798, 105.81026666700001 -1.7704583330000219, 105.81077499999998 -1.7704583330000219, 105.81077499999998 -1.7710777780000058, 105.81332777799997 -1.7710777780000058, 105.81332777799997 -1.7737388890000148, 105.815055556 -1.7737388890000148, 105.815055556 -1.7754444440000157, 105.81681944399998 -1.7754444440000157, 105.81681944399998 -1.7775027779999846, 105.81959722200003 -1.7775027779999846, 105.81959722200003 -1.7804555559999926, 105.82192777799997 -1.7804555559999926, 105.82192777799997 -1.7828722219999804, 105.823494444 -1.7828722219999804, 105.823494444 -1.7846611109999913, 105.82528888899998 -1.7846611109999913, 105.82528888899998 -1.7864666670000133, 105.82760277800003 -1.7864666670000133, 105.82760277800003 -1.7890055560000064, 105.82940555599998 -1.7890055560000064, 105.82940555599998 -1.7909666670000206, 105.83031666699998 -1.7909666670000206, 105.83031666699998 -1.7917666669999903, 105.83173888900001 -1.7917666669999903, 105.83173888900001 -1.793299999999988, 105.83236388900002 -1.793299999999988, 105.83236388900002 -1.7941166670000257, 105.83293055600001 -1.7941166670000257, 105.83293055600001 -1.7946555560000093, 105.83383611099998 -1.7946555560000093, 105.83383611099998 -1.7956472220000137, 105.835758333 -1.7956472220000137, 105.835758333 -1.7975111110000057, 105.83942777800002 -1.7975111110000057, 105.83942777800002 -1.8015277779999792, 105.84179722200003 -1.8015277779999792, 105.84179722200003 -1.803811111000016, 105.84666666700002 -1.803811111000016, 105.84982777800002 -1.803811111000016, 105.84982777800002 -1.811969443999999, 105.89519999999999 -1.811969443999999, 105.89519999999999 -1.8445166669999935, 105.91613888900002 -1.8445166669999935, 105.91613888900002 -1.8531138889999852, 105.9271 -1.8531138889999852, 105.9271 -1.8584000000000174, 105.94289166700003 -1.8584000000000174, 105.94289166700003 -1.8660333330000185, 105.94810000000001 -1.8660333330000185, 105.94810000000001 -1.8704138890000195, 105.976277778 -1.8704138890000195, 105.976277778 -1.8802222219999862, 106.000766667 -1.8802222219999862, 106.000766667 -1.884061110999994, 106.00935833300002 -1.884061110999994, 106.01020277800001 -1.884061110999994, 106.01020277800001 -1.9062833329999762, 106.02791111099998 -1.9062833329999762, 106.02791111099998 -1.910144444000025, 106.04206666699997 -1.910144444000025, 106.04206666699997 -1.9205055560000233, 106.047155556 -1.9205055560000233, 106.047155556 -1.9143611110000052, 106.055555556 -1.9143611110000052, 106.055555556 -1.9236111110000138, 106.05256111099999 -1.9236111110000138, 106.05256111099999 -1.9379999999999882, 106.06347222199997 -1.9379999999999882, 106.06347222199997 -1.9522611109999843, 106.07318055600001 -1.9522611109999843, 106.07318055600001 -1.958622221999974, 106.08120000000002 -1.958622221999974, 106.08120000000002 -1.9550833330000046, 106.08612499999998 -1.9550833330000046, 106.08612499999998 -1.950702777999993, 106.08326388900002 -1.950702777999993, 106.08326388900002 -1.9449500000000057, 106.08094999999997 -1.9449500000000057, 106.08094999999997 -1.9186444439999946, 106.066905556 -1.9186444439999946, 106.066905556 -1.9149499999999762, 106.06543055600002 -1.9149499999999762, 106.06543055600002 -1.9053555560000177, 106.05401388899998 -1.9053555560000177, 106.05401388899998 -1.8937944439999796, 106.05144722199998 -1.8937944439999796, 106.05144722199998 -1.8923277779999808, 106.06013055599999 -1.8923277779999808, 106.06013055599999 -1.882383333000007, 106.06633333299999 -1.882383333000007, 106.06633333299999 -1.895255555999995, 106.06385555600002 -1.895255555999995, 106.06385555600002 -1.8990999999999758, 106.06826388899998 -1.8990999999999758, 106.06826388899998 -1.9035138890000098, 106.07091111099999 -1.9035138890000098, 106.07091111099999 -1.911822222000012, 106.07626666700003 -1.911822222000012, 106.07626666700003 -1.8978805560000183, 106.08321111100003 -1.8978805560000183, 106.08321111100003 -1.8933833329999743, 106.08754166699998 -1.8933833329999743, 106.08754166699998 -1.8853916670000217, 106.089344444 -1.8853916670000217, 106.089344444 -1.8793722219999722, 106.08420833299999 -1.8793722219999722, 106.08420833299999 -1.8747138890000201, 106.08998333300002 -1.8747138890000201, 106.08998333300002 -1.8660277779999888, 106.084027778 -1.8660277779999888, 106.084027778 -1.8650388890000045, 106.079952778 -1.8650388890000045, 106.079952778 -1.8541500000000042, 106.09249722200002 -1.8541500000000042, 106.09249722200002 -1.8472694440000055, 106.09831111099999 -1.8472694440000055, 106.09831111099999 -1.8442027780000103, 106.10561944400001 -1.8442027780000103, 106.10561944400001 -1.8456444440000155, 106.110883333 -1.8456444440000155, 106.110883333 -1.8395277779999901, 106.10590277799997 -1.8395277779999901, 106.10590277799997 -1.8371666670000195, 106.075505556 -1.8371666670000195, 106.075505556 -1.829272221999986, 106.072263889 -1.829272221999986, 106.072263889 -1.8223555559999909, 106.068202778 -1.8223555559999909, 106.068202778 -1.8323138889999768, 106.041622222 -1.8323138889999768, 106.041622222 -1.8278666670000234, 106.025205556 -1.8278666670000234, 106.025205556 -1.8306972220000262, 106.01642777799998 -1.8306972220000262, 106.01642777799998 -1.8213833330000284, 105.98046111100001 -1.8213833330000284, 105.98046111100001 -1.8071833330000118, 105.97887500000002 -1.8071833330000118, 105.97887500000002 -1.79761944400002, 105.98507222199999 -1.79761944400002, 105.98507222199999 -1.793583333000015, 105.99022777800002 -1.793583333000015, 105.99022777800002 -1.780155556000011, 105.98509444400003 -1.780155556000011, 105.98509444400003 -1.786305556000002, 105.966738889 -1.786305556000002, 105.966738889 -1.7920500000000175, 105.956155556 -1.7920500000000175, 105.956155556 -1.7790833330000169, 105.94587222199999 -1.7790833330000169, 105.94587222199999 -1.7857527780000169, 105.94282777799998 -1.7857527780000169, 105.94282777799998 -1.7664611110000124, 105.936005556 -1.7664611110000124, 105.936005556 -1.769538888999989, 105.93577499999998 -1.769538888999989, 105.93577499999998 -1.7700222220000228, 105.93513055599999 -1.7700222220000228, 105.93513055599999 -1.7704972220000172, 105.93437222199998 -1.7704972220000172, 105.93437222199998 -1.7664611110000124, 105.93437222199998 -1.7534444440000243, 105.941827778 -1.7534444440000243, 105.941827778 -1.7473666669999943, 105.93172222200002 -1.7473666669999943, 105.93172222200002 -1.749050000000011, 105.90491111099999 -1.749050000000011, 105.90491111099999 -1.74096111099999, 105.89658888899999 -1.74096111099999, 105.89658888899999 -1.7452722219999828, 105.887041667 -1.7452722219999828, 105.887041667 -1.7472472219999986, 105.878811111 -1.7472472219999986, 105.878811111 -1.7564249999999788, 105.86960833299997 -1.7564249999999788, 105.86960833299997 -1.763475000000028, 105.86168055600001 -1.763475000000028, 105.86168055600001 -1.7954305559999852, 105.85383333300001 -1.7954305559999852, 105.85383333300001 -1.771069443999977, 105.85270000000003 -1.771069443999977, 105.85270000000003 -1.7635166669999762, 105.85632500000003 -1.7635166669999762, 105.85632500000003 -1.7514833330000101, 105.859388889 -1.7514833330000101, 105.859388889 -1.7438111110000136, 105.86390833299998 -1.7438111110000136, 105.86390833299998 -1.7351055560000077, 105.87523333299998 -1.7351055560000077, 105.87523333299998 -1.7324472220000189, 105.87523333299998 -1.731102777999979, 105.87975 -1.731102777999979, 105.87975 -1.728988888999993, 105.88353611100001 -1.728988888999993, 105.88353611100001 -1.7324499999999716, 105.88714166699998 -1.7324499999999716, 105.88714166699998 -1.7281166669999948, 105.89003611099997 -1.7281166669999948, 105.89003611099997 -1.7230694439999752, 105.894263889 -1.7230694439999752, 105.894263889 -1.7141861110000036, 105.89711666699998 -1.7141861110000036, 105.89711666699998 -1.6934722220000253), (106.02352777800002 -1.8380472220000001, 106.02688055599998 -1.8380472220000001, 106.02688055599998 -1.8368861110000125, 106.02912777799997 -1.8368861110000125, 106.02912777799997 -1.8354499999999803, 106.03445833299998 -1.8354499999999803, 106.03445833299998 -1.8381666669999959, 106.04966111099998 -1.8381666669999959, 106.04966111099998 -1.840138889000002, 106.06242222200001 -1.840138889000002, 106.06242222200001 -1.845269443999996, 106.04321666700002 -1.845269443999996, 106.04321666700002 -1.8659666670000092, 106.063333333 -1.8659666670000092, 106.063333333 -1.8722472219999986, 106.02825555599998 -1.8722472219999986, 106.02825555599998 -1.8670111110000107, 106.0315 -1.8670111110000107, 106.0315 -1.8643472219999921, 106.03478333300001 -1.8643472219999921, 106.03478333300001 -1.8587666669999976, 106.03066944400001 -1.8587666669999976, 106.03066944400001 -1.860336110999981, 106.02462777800002 -1.860336110999981, 106.02462777800002 -1.8662833330000126, 106.01576388900003 -1.8662833330000126, 106.01576388900003 -1.877608333000012, 106.00935833300002 -1.877608333000012, 106.00935833300002 -1.8729027780000251, 106.00585555599997 -1.8729027780000251, 106.00585555599997 -1.8697222220000072, 105.993466667 -1.8697222220000072, 105.993466667 -1.8571666670000013, 106.007633333 -1.8571666670000013, 106.007633333 -1.847180556000012, 106.02044444400002 -1.847180556000012, 106.02044444400002 -1.8505416670000159, 106.02887500000003 -1.8505416670000159, 106.02887500000003 -1.8526527779999924, 106.032361111 -1.8526527779999924, 106.032361111 -1.8476805560000003, 106.02789444400003 -1.8476805560000003, 106.02789444400003 -1.8455388890000108, 106.02446666700001 -1.8455388890000108, 106.02446666700001 -1.840488889000028, 106.02352777800002 -1.840488889000028, 106.02352777800002 -1.8380472220000001))",AKTIF,19.0,01,2.0,11.0
1317.0,SUMATERA,MENTERI,,KEPULAUAN BANGKA BELITUNG,,KAB. BANGKA BARAT,,,IUP,PT,CIPTA MINERAL BUMI SELARAS,2119002112014200,01072200159940011                                                                                   ,2025-10-23,2035-10-23,OPERASI PRODUKSI,4394.0,TIMAH,CNC-1,,,JEBUS,"POLYGON ((105.242722222 -1.5108888890000003, 105.242722222 -1.579638889000023, 105.25799999999998 -1.579638889000023, 105.25799999999998 -1.534388889000013, 105.31733333300002 -1.534388889000013, 105.31733333300002 -1.4906666670000277, 105.27058333299999 -1.4906666670000277, 105.27058333299999 -1.5000277780000033, 105.255305556 -1.5000277780000033, 105.255305556 -1.5108888890000003, 105.242722222 -1.5108888890000003))",AKTIF,19.0,05,2.0,11.0
1746.0,SUMATERA,BUPATI,,KEPULAUAN BANGKA BELITUNG,,KAB. BANGKA SELATAN,,,IUP,PT,SYNERGY MAJU BERSAMA,3119032112014051,188.45/106.A/DPE/2012                                                                               ,2012-03-30,2032-03-30,OPERASI PRODUKSI,1023.0,TIMAH,CNC-9,,,"WIL. LAUT PERMIS, KEC. SIMPANG RIMBA","POLYGON ((105.868016667 -2.514844444000005, 105.868016667 -2.5193722220000154, 105.86352499999998 -2.5193722220000154, 105.86352499999998 -2.5238972220000164, 105.859030556 -2.5238972220000164, 105.859030556 -2.5284083330000158, 105.877922222 -2.5284083330000158, 105.877922222 -2.5333805559999973, 105.88332777800002 -2.5333805559999973, 105.88332777800002 -2.5464888889999884, 105.89501944400001 -2.5464888889999884, 105.89501944400001 -2.541961110999978, 105.89951111099998 -2.541961110999978, 105.89951111099998 -2.537436110999977, 105.90175833299998 -2.537436110999977, 105.90175833299998 -2.5329138889999854, 105.90399722199999 -2.5329138889999854, 105.90399722199999 -2.5193499999999744, 105.89499999999998 -2.5193499999999744, 105.89499999999998 -2.5170916669999883, 105.89050277799998 -2.5170916669999883, 105.89050277799998 -2.514844444000005, 105.868016667 -2.514844444000005))",AKTIF,19.0,03,2.0,11.0
2157.0,SUMATERA,GUBERNUR,,KEPULAUAN BANGKA BELITUNG,,BANGKA,,,IUP,CV,BANGKA TIMAH MAKMUR,3119012112014150,188.4/285/ESDM/DPMPTSP/2018,2017-10-10,2027-10-10,OPERASI PRODUKSI,40.0,TIMAH,CNC-17, ,19010211OP266,"DESA RIDING PANJANG, KEC. MERAWANG","POLYGON ((106.13111836899998 -1.9628745219999928, 106.13111958600001 -1.9646836030000259, 106.127343666 -1.9646861699999931, 106.12734463700002 -1.9661334180000267, 106.129322484 -1.966132072999983, 106.12932394400002 -1.968302988000005, 106.13471809999999 -1.9682993050000164, 106.13471626699999 -1.965585687999976, 106.13651433799998 -1.9655844580000235, 106.13651311500001 -1.9637753819999944, 106.13516458200002 -1.963776304000021, 106.13516397199999 -1.9628717649999885, 106.13111836899998 -1.9628745219999928))",AKTIF,19.0,01,2.0,11.0
2170.0,SUMATERA,GUBERNUR,,KEPULAUAN BANGKA BELITUNG,,BANGKA,,,IUP,PT,MITRA STANIA PRIMA,3119012112014030,188.4/21/ESDM/DPMPTSP/2017 ,2017-10-12,2028-01-31,OPERASI PRODUKSI,234.0,TIMAH,CNC-14, ,19010110OP033,"DESA CIT, KEC. RIAU SILIP","POLYGON ((105.99400000000003 -1.690907999999979, 106.000606 -1.690907999999979, 106.000606 -1.6893220000000042, 106.00869699999998 -1.6893220000000042, 106.00869699999998 -1.6887189999999919, 106.00933600000002 -1.6887189999999919, 106.00933600000002 -1.6907110000000216, 106.011303 -1.6907110000000216, 106.011303 -1.687027999999998, 106.01408900000001 -1.687027999999998, 106.01408900000001 -1.6843220000000088, 106.01898599999998 -1.6843220000000088, 106.01898599999998 -1.6839330000000245, 106.018778 -1.6839330000000245, 106.018778 -1.6834890000000087, 106.01856700000002 -1.6834890000000087, 106.01856700000002 -1.683039000000008, 106.01835299999999 -1.683039000000008, 106.01835299999999 -1.6825810000000274, 106.01813099999998 -1.6825810000000274, 106.01813099999998 -1.6821110000000203, 106.01768099999998 -1.6821110000000203, 106.01768099999998 -1.681867000000011, 106.01792499999999 -1.681867000000011, 106.01792499999999 -1.6814749999999776, 106.01837799999998 -1.6814749999999776, 106.01837799999998 -1.6810889999999858, 106.01882499999999 -1.6810889999999858, 106.01882499999999 -1.680702999999994, 106.019275 -1.680702999999994, 106.019275 -1.6803140000000099, 106.019722 -1.6803140000000099, 106.019722 -1.679916999999989, 106.02018099999998 -1.679916999999989, 106.02018099999998 -1.6795309999999972, 106.02062799999999 -1.6795309999999972, 106.02062799999999 -1.6788310000000024, 106.02044699999999 -1.6788310000000024, 106.02044699999999 -1.6783419999999865, 106.02027199999998 -1.6783419999999865, 106.02027199999998 -1.6778810000000135, 106.020106 -1.6778810000000135, 106.020106 -1.6774310000000128, 106.019947 -1.6774310000000128, 106.019947 -1.6770030000000133, 106.01977799999997 -1.6770030000000133, 106.01977799999997 -1.6765530000000126, 106.019611 -1.6765530000000126, 106.019611 -1.6761000000000195, 106.01944200000003 -1.6761000000000195, 106.01944200000003 -1.6756470000000263, 106.01926700000001 -1.6756470000000263, 106.01926700000001 -1.6751810000000091, 106.01909699999999 -1.6751810000000091, 106.01909699999999 -1.6747250000000236, 106.01893100000001 -1.6747250000000236, 106.01893100000001 -1.6742830000000026, 106.01876099999998 -1.6742830000000026, 106.01876099999998 -1.673825000000022, 106.01859400000001 -1.673825000000022, 106.01859400000001 -1.6733780000000138, 106.01842499999998 -1.6733780000000138, 106.01842499999998 -1.6729250000000206, 106.01825600000001 -1.6729250000000206, 106.01825600000001 -1.6724689999999782, 106.01766900000001 -1.6724689999999782, 106.01766900000001 -1.6728110000000243, 106.01720799999998 -1.6728110000000243, 106.01720799999998 -1.6731439999999793, 106.01676700000002 -1.6731439999999793, 106.01676700000002 -1.673482999999976, 106.01631400000002 -1.673482999999976, 106.01631400000002 -1.673813999999993, 106.015875 -1.673813999999993, 106.015875 -1.6741559999999822, 106.01541700000001 -1.6741559999999822, 106.01541700000001 -1.674496999999974, 106.01495799999998 -1.674496999999974, 106.01495799999998 -1.6746669999999995, 106.014592 -1.6746669999999995, 106.014592 -1.6743690000000129, 106.01438100000001 -1.6743690000000129, 106.01438100000001 -1.673924999999997, 106.014161 -1.673924999999997, 106.014161 -1.673464000000024, 106.01374199999998 -1.673464000000024, 106.01374199999998 -1.673833000000002, 106.01327500000002 -1.673833000000002, 106.01327500000002 -1.6741830000000277, 106.012833 -1.6741830000000277, 106.012833 -1.6745359999999891, 106.01239199999998 -1.6745359999999891, 106.01239199999998 -1.6748919999999998, 106.01193899999998 -1.6748919999999998, 106.01193899999998 -1.675247000000013, 106.01149199999998 -1.675247000000013, 106.01149199999998 -1.6754750000000058, 106.01129700000001 -1.6754750000000058, 106.01129700000001 -1.6757470000000012, 106.01138600000002 -1.6757470000000012, 106.01138600000002 -1.6761999999999944, 106.01156700000001 -1.6761999999999944, 106.01156700000001 -1.6765609999999924, 106.01174700000001 -1.6765609999999924, 106.01174700000001 -1.6768329999999878, 106.01147800000001 -1.6768329999999878, 106.01147800000001 -1.6771059999999807, 106.01111700000001 -1.6771059999999807, 106.01111700000001 -1.6773749999999836, 106.01084700000001 -1.6773749999999836, 106.01084700000001 -1.6775559999999814, 106.01066700000001 -1.6775559999999814, 106.01066700000001 -1.677646999999979, 106.010489 -1.677646999999979, 106.010489 -1.6778279999999768, 106.01012800000001 -1.6778279999999768, 106.01012800000001 -1.6780999999999722, 106.009769 -1.6780999999999722, 106.009769 -1.6783720000000244, 106.009411 -1.6783720000000244, 106.009411 -1.6786440000000198, 106.00905 -1.6786440000000198, 106.00905 -1.6789140000000202, 106.008692 -1.6789140000000202, 106.008692 -1.6791860000000156, 106.008331 -1.6791860000000156, 106.008331 -1.679458000000011, 106.007972 -1.679458000000011, 106.007972 -1.6797310000000039, 106.00761399999999 -1.6797310000000039, 106.00761399999999 -1.6800000000000068, 106.00725299999999 -1.6800000000000068, 106.00725299999999 -1.6802720000000022, 106.00698299999999 -1.6802720000000022, 106.00698299999999 -1.680453, 106.00662499999999 -1.680453, 106.00662499999999 -1.6807249999999954, 106.00626399999999 -1.6807249999999954, 106.00626399999999 -1.6809969999999907, 106.00590599999998 -1.6809969999999907, 106.00590599999998 -1.6812689999999861, 106.00554699999998 -1.6812689999999861, 106.00554699999998 -1.6815389999999866, 106.00518599999998 -1.6815389999999866, 106.00518599999998 -1.681810999999982, 106.00482799999997 -1.681810999999982, 106.00482799999997 -1.6820829999999773, 106.00446699999998 -1.6820829999999773, 106.00446699999998 -1.682356000000027, 106.00410799999997 -1.682356000000027, 106.00410799999997 -1.6826249999999732, 106.00375000000003 -1.6826249999999732, 106.00375000000003 -1.6828970000000254, 106.00348100000002 -1.6828970000000254, 106.00348100000002 -1.6830780000000232, 106.00311900000003 -1.6830780000000232, 106.00311900000003 -1.6833500000000186, 106.00276100000002 -1.6833500000000186, 106.00276100000002 -1.683622000000014, 106.00240300000002 -1.683622000000014, 106.00240300000002 -1.6838940000000093, 106.00204200000002 -1.6838940000000093, 106.00204200000002 -1.6841640000000098, 106.00168300000001 -1.6841640000000098, 106.00168300000001 -1.6844360000000052, 106.00132200000002 -1.6844360000000052, 106.00132200000002 -1.6847080000000005, 106.00096400000001 -1.6847080000000005, 106.00096400000001 -1.6849809999999934, 106.000606 -1.6849809999999934, 106.000606 -1.688869000000011, 106.000156 -1.688869000000011, 106.000156 -1.6895420000000172, 105.995069 -1.6895420000000172, 105.995069 -1.6885639999999853, 105.99400000000003 -1.6885639999999853, 105.99400000000003 -1.690907999999979))",AKTIF,19.0,01,2.0,11.0
2178.0,SUMATERA,MENTERI,,KEPULAUAN BANGKA BELITUNG,,KAB. BANGKA BARAT,,,IUP,PT,TIMAH TBK,3119052112014017,81201098819560172                                                                                   ,2024-11-21,2035-07-20,OPERASI PRODUKSI,255.8,TIMAH,CNC-2,,,JEBUS,"POLYGON ((105.61084444400001 -1.5846722219999947, 105.61084444400001 -1.5648749999999723, 105.61040277799998 -1.5648749999999723, 105.61040277799998 -1.5620000000000118, 105.60945833300002 -1.5620000000000118, 105.60945833300002 -1.5606111110000143, 105.60729166700003 -1.5606111110000143, 105.60729166700003 -1.560974999999985, 105.60763333300002 -1.560974999999985, 105.60763333300002 -1.5612861110000154, 105.60794166699998 -1.5612861110000154, 105.60794166699998 -1.5626777780000225, 105.606594444 -1.5626777780000225, 105.606594444 -1.5621944439999993, 105.60614166699997 -1.5621944439999993, 105.60614166699997 -1.5615694439999857, 105.605708333 -1.5615694439999857, 105.605708333 -1.5610222220000196, 105.60522777800003 -1.5610222220000196, 105.60522777800003 -1.5604444439999838, 105.60469999999998 -1.5604444439999838, 105.60469999999998 -1.5599138889999722, 105.604202778 -1.5599138889999722, 105.604202778 -1.5592888890000154, 105.60368888900001 -1.5592888890000154, 105.60368888900001 -1.558586111000011, 105.603208333 -1.558586111000011, 105.603208333 -1.5580861110000228, 105.602588889 -1.5580861110000228, 105.602588889 -1.5573694440000168, 105.60216944400003 -1.5573694440000168, 105.60216944400003 -1.5571194440000227, 105.59867777800002 -1.5571194440000227, 105.59867777800002 -1.5602083329999914, 105.59953055599999 -1.5602083329999914, 105.59953055599999 -1.5605277779999938, 105.59980000000002 -1.5605277779999938, 105.59980000000002 -1.560822222000013, 105.60011111099999 -1.560822222000013, 105.60011111099999 -1.5611749999999915, 105.60046666699998 -1.5611749999999915, 105.60046666699998 -1.5616055560000177, 105.60075277800001 -1.5616055560000177, 105.60075277800001 -1.5619500000000244, 105.60108888899998 -1.5619500000000244, 105.60108888899998 -1.562366666999992, 105.60136666699998 -1.562366666999992, 105.60136666699998 -1.5638694439999767, 105.60010277800001 -1.5638694439999767, 105.60010277800001 -1.5636861109999813, 105.599863889 -1.5636861109999813, 105.599863889 -1.563413889000003, 105.59957777800003 -1.563413889000003, 105.59957777800003 -1.5630944440000007, 105.59930000000003 -1.5630944440000007, 105.59930000000003 -1.5627999999999815, 105.59903888899998 -1.5627999999999815, 105.59903888899998 -1.5625194439999746, 105.59881388899998 -1.5625194439999746, 105.59881388899998 -1.562255556000025, 105.59856111099998 -1.562255556000025, 105.59856111099998 -1.5619916669999725, 105.59822777800002 -1.5619916669999725, 105.59822777800002 -1.5616222219999827, 105.59795000000003 -1.5616222219999827, 105.59795000000003 -1.561311111000009, 105.59766388899999 -1.561311111000009, 105.59766388899999 -1.5609666670000024, 105.59728055599999 -1.5609666670000024, 105.59728055599999 -1.5605583330000172, 105.595352778 -1.5605583330000172, 105.595352778 -1.5643249999999966, 105.59677777799999 -1.5643249999999966, 105.59677777799999 -1.565080555999998, 105.605325 -1.565080555999998, 105.605325 -1.5711416670000062, 105.59849444399998 -1.5711416670000062, 105.59849444399998 -1.5728333330000055, 105.60010277800001 -1.5728333330000055, 105.60010277800001 -1.5765888889999928, 105.60376388899999 -1.5765888889999928, 105.60376388899999 -1.5802638889999798, 105.60691666700001 -1.5802638889999798, 105.60691666700001 -1.583383332999972, 105.60834722200002 -1.583383332999972, 105.60834722200002 -1.5846722219999947, 105.61084444400001 -1.5846722219999947))",AKTIF,19.0,05,2.0,11.0
2290.0,SUMATERA,MENTERI,,KEPULAUAN BANGKA BELITUNG,,KAB. BANGKA BARAT,,,IUP,PT,TIMAH TBK,3119052112014137,81201098819560193                                                                                   ,2025-04-23,2035-07-20,OPERASI PRODUKSI,680.3,TIMAH,CNC-2,,,JEBUS,"POLYGON ((105.379669444 -1.6919694439999944, 105.37344722199998 -1.6919694439999944, 105.37344722199998 -1.6933361110000078, 105.37083888900003 -1.6933361110000078, 105.37083888900003 -1.6995055560000196, 105.39282500000002 -1.6995055560000196, 105.39282500000002 -1.6898499999999785, 105.400680556 -1.6898499999999785, 105.400680556 -1.6858805559999723, 105.40543611099997 -1.6858805559999723, 105.40543611099997 -1.6815638890000173, 105.41714722199998 -1.6815638890000173, 105.41714722199998 -1.6793861109999852, 105.42174166699999 -1.6793861109999852, 105.42174166699999 -1.6731194440000081, 105.42694722200002 -1.6731194440000081, 105.42694722200002 -1.6697166669999888, 105.41674444400002 -1.6697166669999888, 105.41674444400002 -1.6756111110000234, 105.41088611100002 -1.6756111110000234, 105.41088611100002 -1.66964999999999, 105.40378611099999 -1.66964999999999, 105.40378611099999 -1.6747388890000252, 105.39885833300002 -1.6747388890000252, 105.39885833300002 -1.6805777779999858, 105.39565833299997 -1.6805777779999858, 105.39565833299997 -1.6830472220000274, 105.38622500000002 -1.6830472220000274, 105.38622500000002 -1.6878777779999723, 105.381536111 -1.6878777779999723, 105.381536111 -1.688938888999985, 105.379669444 -1.688938888999985, 105.379669444 -1.6919694439999944))",AKTIF,19.0,05,2.0,11.0
2577.0,SUMATERA,Bupati,,KEPULAUAN BANGKA BELITUNG,,KAB. BANGKA BARAT,,,IUP,PT,TIMAH,3119052112014138,188.45/ 098 /2.03.02/2010,2010-04-28,2027-07-20,OPERASI PRODUKSI,1461.0,Timah,CNC-3,,,LAUT BAKIT KEC. JEBUS,"POLYGON ((105.718816667 -1.6498555559999772, 105.718816667 -1.6542249999999967, 105.71637500000003 -1.6542249999999967, 105.71637500000003 -1.6570166669999935, 105.71321388899997 -1.6570166669999935, 105.71321388899997 -1.6607944439999756, 105.709672222 -1.6607944439999756, 105.709672222 -1.6638638890000266, 105.70685277799998 -1.6638638890000266, 105.70685277799998 -1.6665444440000101, 105.703166667 -1.6665444440000101, 105.703166667 -1.6723694440000259, 105.700691667 -1.6723694440000259, 105.700691667 -1.6764916669999934, 105.69681666700001 -1.6764916669999934, 105.69681666700001 -1.6789527779999958, 105.69252499999999 -1.6789527779999958, 105.69252499999999 -1.6831361110000103, 105.68795 -1.6831361110000103, 105.68795 -1.6864583330000187, 105.68238888899998 -1.6864583330000187, 105.68238888899998 -1.6918888889999835, 105.679775 -1.6918888889999835, 105.679775 -1.6934777779999877, 105.67705277800002 -1.6934777779999877, 105.67705277800002 -1.6950472220000279, 105.67390833299999 -1.6950472220000279, 105.67390833299999 -1.6966388889999848, 105.72446111099998 -1.6966388889999848, 105.72446111099998 -1.6498555559999772, 105.718816667 -1.6498555559999772))",AKTIF,19.0,05,2.0,11.0
2578.0,SUMATERA,MENTERI,,KEPULAUAN BANGKA BELITUNG,,KAB. BANGKA BARAT,,,IUP,PT,TIMAH TBK,3119052112014101,81201098819560094                                                                                   ,2025-03-24,2035-07-20,OPERASI PRODUKSI,14570.0,TIMAH,CNC-3,,,LAUT RANGGAM / LAUT BELO KEC. MUNTOK,"POLYGON ((105.414005556 -2.1188361110000073, 105.41059999999999 -2.1188361110000073, 105.41059999999999 -2.1214222219999783, 105.40535277800001 -2.1214222219999783, 105.40535277800001 -2.1232166670000083, 105.40132222199998 -2.1232166670000083, 105.40132222199998 -2.125924999999995, 105.39683333300002 -2.125924999999995, 105.39683333300002 -2.1272166670000274, 105.39299444400001 -2.1272166670000274, 105.39299444400001 -2.129169444000013, 105.38189166699999 -2.129169444000013, 105.38189166699999 -2.1275611109999772, 105.37735277799999 -2.1275611109999772, 105.37735277799999 -2.125280556000007, 105.37566944399998 -2.125280556000007, 105.37566944399998 -2.123863889000006, 105.373213889 -2.123863889000006, 105.373213889 -2.121424999999988, 105.367577778 -2.121424999999988, 105.367577778 -2.1166527780000024, 105.354822222 -2.1166527780000024, 105.354822222 -2.1200361109999903, 105.34870555600003 -2.1200361109999903, 105.34870555600003 -2.12323055600001, 105.34648611099999 -2.12323055600001, 105.34648611099999 -2.1270999999999844, 105.34390555599998 -2.1270999999999844, 105.34390555599998 -2.129105556000013, 105.32706944400002 -2.129105556000013, 105.32706944400002 -2.133624999999995, 105.32015000000001 -2.133624999999995, 105.32015000000001 -2.1376999999999953, 105.31483888899999 -2.1376999999999953, 105.31483888899999 -2.1409888890000275, 105.31151666699998 -2.1409888890000275, 105.31151666699998 -2.144038889000001, 105.29543055599999 -2.144038889000001, 105.29543055599999 -2.1385555559999716, 105.292191667 -2.1385555559999716, 105.292191667 -2.1362027779999835, 105.2894 -2.1362027779999835, 105.2894 -2.133163889000002, 105.28278055599998 -2.133163889000002, 105.28278055599998 -2.126700000000028, 105.27644166699997 -2.126700000000028, 105.27644166699997 -2.121180556000013, 105.27049722200002 -2.121180556000013, 105.27049722200002 -2.1158722220000072, 105.26776666699999 -2.1158722220000072, 105.26776666699999 -2.1124333330000127, 105.26562777800001 -2.1124333330000127, 105.26562777800001 -2.108297221999976, 105.26328055599998 -2.108297221999976, 105.26328055599998 -2.103580555999997, 105.26170277799997 -2.103580555999997, 105.26170277799997 -2.0976361109999857, 105.25644722200002 -2.0976361109999857, 105.25644722200002 -2.0863388889999896, 105.25176944399999 -2.0863388889999896, 105.25176944399999 -2.0805611110000086, 105.24929444399999 -2.0805611110000086, 105.24929444399999 -2.077244443999973, 105.245105556 -2.077244443999973, 105.245105556 -2.0742611109999984, 105.24214999999998 -2.0742611109999984, 105.24214999999998 -2.0730138889999807, 105.236133333 -2.0730138889999807, 105.236133333 -2.0704694440000253, 105.22953611100002 -2.0704694440000253, 105.22953611100002 -2.066833332999977, 105.2167 -2.066833332999977, 105.2167 -2.0696805559999802, 105.208933333 -2.0696805559999802, 105.208933333 -2.070722221999972, 105.206355556 -2.070722221999972, 105.206355556 -2.071741667000026, 105.20378888900001 -2.071741667000026, 105.20378888900001 -2.072597222000013, 105.201683333 -2.072597222000013, 105.201683333 -2.0740805560000126, 105.17258611099999 -2.0740805560000126, 105.17258611099999 -2.072091666999995, 105.15100555599997 -2.072091666999995, 105.15100555599997 -2.07330555599998, 105.14813333299998 -2.07330555599998, 105.14813333299998 -2.0777138889999947, 105.14166111100002 -2.0777138889999947, 105.14166111100002 -2.0829166670000063, 105.134419444 -2.0829166670000063, 105.134419444 -2.0857388890000266, 105.125952778 -2.0857388890000266, 105.125952778 -2.1216583330000276, 105.24109722200001 -2.1216583330000276, 105.24109722200001 -2.1588638889999743, 105.414005556 -2.1588638889999743, 105.414005556 -2.1188361110000073))",AKTIF,19.0,05,2.0,11.0
2661.0,SUMATERA,MENTERI,,KEPULAUAN BANGKA BELITUNG,,KAB. BANGKA,,,IUP,PT,SEJAHTERA LOGINDO ALAM,3119012112014110,02760009213070004                                                                                   ,2023-12-06,2033-06-06,OPERASI PRODUKSI,40.0,TIMAH,CNC-17,,,SUNGAILIAT,"POLYGON ((106.19426083299999 -1.880047778000005, 106.19426083299999 -1.8877519440000015, 106.19848694400002 -1.8877519440000015, 106.19848694400002 -1.880047778000005, 106.19426083299999 -1.880047778000005))",AKTIF,19.0,01,2.0,11.0
2732.0,SUMATERA,GUBERNUR,,KEPULAUAN BANGKA BELITUNG,,KAB. BANGKA,,,IUP,PT,PRIMA TIMAH UTAMA ,3119012112014195,188.4/089/ESDM/DPMPTSP/2020                                                                         ,2021-11-30,2031-11-30,OPERASI PRODUKSI,58.7,TIMAH,CNC-16,,,"DESA MAPUR, KEC. RIAU SILIP","POLYGON ((105.99506944400002 -1.6895416670000145, 105.99767500000002 -1.6895416670000145, 105.99767500000002 -1.6892333330000042, 105.998188889 -1.6892333330000042, 105.998188889 -1.6888694439999767, 105.99878888900002 -1.6888694439999767, 105.99878888900002 -1.6885972219999985, 106.00015555599998 -1.6885972219999985, 106.00015555599998 -1.68824444400002, 106.00060555599998 -1.68824444400002, 106.00060277799997 -1.6849805560000277, 106.00096388899999 -1.6849805560000277, 106.00096388899999 -1.6847083330000032, 106.001322222 -1.6847083330000032, 106.001322222 -1.684436111000025, 106.00168333300002 -1.684436111000025, 106.00168333300002 -1.68416388899999, 106.00204166700001 -1.68416388899999, 106.00204166700001 -1.683894443999975, 106.00240000000002 -1.683894443999975, 106.00240000000002 -1.6836222219999968, 106.00276111099998 -1.6836222219999968, 106.00276111099998 -1.6833500000000186, 106.00311944399999 -1.6833500000000186, 106.00311944399999 -1.6830777779999835, 106.003480556 -1.6830777779999835, 106.003480556 -1.6828972220000082, 106.00375000000003 -1.6828972220000082, 106.00375000000003 -1.6826249999999732, 106.00410833299998 -1.6826249999999732, 106.00410833299998 -1.6823555560000045, 106.00446666699997 -1.6823555560000045, 106.00446666699997 -1.68208333299998, 106.00482777799999 -1.68208333299998, 106.00482777799999 -1.6818111110000018, 106.005186111 -1.6818111110000018, 106.005186111 -1.6815388890000236, 106.00554722200002 -1.6815388890000236, 106.00554722200002 -1.6812694440000087, 106.00590555600002 -1.6812694440000087, 106.00590555600002 -1.6809972219999736, 106.00626388900002 -1.6809972219999736, 106.00626388900002 -1.6807249999999954, 106.00662499999999 -1.6807249999999954, 106.00662499999999 -1.6804527780000171, 106.006983333 -1.6804527780000171, 106.006983333 -1.680272221999985, 106.00725277800001 -1.680272221999985, 106.00725277800001 -1.6800000000000068, 106.00761388900003 -1.6800000000000068, 106.00761388900003 -1.6797305559999813, 106.00797222199998 -1.6797305559999813, 106.00797222199998 -1.6794583330000137, 106.00833055599998 -1.6794583330000137, 106.00833055599998 -1.6791861109999786, 106.008691667 -1.6791861109999786, 106.008691667 -1.6789138890000004, 106.00905 -1.6789138890000004, 106.00905 -1.6786444439999855, 106.00941111100002 -1.6786444439999855, 106.00941111100002 -1.6783722220000072, 106.00976944400003 -1.6783722220000072, 106.00976944400003 -1.6780999999999722, 106.01012777800003 -1.6780999999999722, 106.01012777800003 -1.677827777999994, 106.01048888899999 -1.677827777999994, 106.01048888899999 -1.6776472220000187, 106.01066666700001 -1.6776472220000187, 106.01066666700001 -1.6775555560000157, 106.010847222 -1.6775555560000157, 106.010847222 -1.6773749999999836, 106.01111666700001 -1.6773749999999836, 106.01111666700001 -1.677105556000015, 106.01147777800003 -1.677105556000015, 106.01147777800003 -1.6768333329999905, 106.011747222 -1.6768333329999905, 106.011747222 -1.6765611110000123, 106.01156666700001 -1.6765611110000123, 106.01156666700001 -1.6761999999999944, 106.01138611099998 -1.6761999999999944, 106.01138611099998 -1.675747221999984, 106.011297222 -1.675747221999984, 106.011297222 -1.6754750000000058, 106.01093611099998 -1.6754750000000058, 106.01093611099998 -1.6755666669999982, 106.01038888900001 -1.6755666669999982, 106.01038888900001 -1.6757583329999761, 106.01003888899999 -1.6757583329999761, 106.01003888899999 -1.6760750000000257, 106.00958888899999 -1.6760750000000257, 106.00958888899999 -1.676400000000001, 106.00913888899998 -1.676400000000001, 106.00913888899998 -1.6767166669999938, 106.00868888899998 -1.6767166669999938, 106.00868888899998 -1.6770416670000259, 106.008241667 -1.6770416670000259, 106.008241667 -1.6773583329999724, 106.00779166699999 -1.6773583329999724, 106.00779166699999 -1.677675000000022, 106.00734166699999 -1.677675000000022, 106.00734166699999 -1.6780027780000069, 106.00689166699999 -1.6780027780000069, 106.00689166699999 -1.6783194440000102, 106.00644444400001 -1.6783194440000102, 106.00644444400001 -1.678636111000003, 106.00599444400001 -1.678636111000003, 106.00599444400001 -1.6789611109999782, 106.00554444400001 -1.6789611109999782, 106.00554444400001 -1.6792777780000279, 106.00509444400001 -1.6792777780000279, 106.00509444400001 -1.6796055560000127, 106.00464722200002 -1.6796055560000127, 106.00464722200002 -1.679922222000016, 106.00419722200002 -1.679922222000016, 106.00419722200002 -1.6802388890000088, 106.00374722200002 -1.6802388890000088, 106.00374722200002 -1.680563888999984, 106.00329722200001 -1.680563888999984, 106.00329722200001 -1.6808805559999769, 106.00285000000002 -1.6808805559999769, 106.00285000000002 -1.6811972219999802, 106.00240000000002 -1.6811972219999802, 106.00240000000002 -1.6815222220000123, 106.00195000000002 -1.6815222220000123, 106.00195000000002 -1.6818416670000147, 106.00150000000002 -1.6818416670000147, 106.00150000000002 -1.68216666699999, 106.00105277799997 -1.68216666699999, 106.00105277799997 -1.6824833329999933, 106.00060277799997 -1.6824833329999933, 106.00060277799997 -1.682799999999986, 106.00015277799997 -1.682799999999986, 106.00015277799997 -1.6831250000000182, 105.99970277800003 -1.6831250000000182, 105.99970277800003 -1.683441667000011, 105.99925555599998 -1.683441667000011, 105.99925555599998 -1.6838416670000242, 105.99880555599998 -1.6838416670000242, 105.99880555599998 -1.684238889000028, 105.99835555599998 -1.684238889000028, 105.99835555599998 -1.6846277779999923, 105.99790555599998 -1.6846277779999923, 105.99790555599998 -1.6850277780000056, 105.997458333 -1.6850277780000056, 105.997458333 -1.6854250000000093, 105.997008333 -1.6854250000000093, 105.997008333 -1.685822222000013, 105.996558333 -1.685822222000013, 105.996558333 -1.6862222220000262, 105.996111111 -1.6862222220000262, 105.996111111 -1.6866111109999906, 105.995661111 -1.6866111109999906, 105.995661111 -1.6868277780000085, 105.99539166699998 -1.6868277780000085, 105.99539166699998 -1.6870888889999947, 105.99506944400002 -1.6870888889999947, 105.99506944400002 -1.6895416670000145))",AKTIF,19.0,01,2.0,11.0
3374.0,SUMATERA,BUPATI,,KEPULAUAN BANGKA BELITUNG,,BANGKA SELATAN,,,IUP,PT,BANGKA PRIMA TIN,3119032112014020,188.45/245.C/DPE/2013,2013-11-08,2033-11-08,OPERASI PRODUKSI,498.6,BIJIH TIMAH,CNC-2, ,KB01,"DESA TOBOALI, KEC. TOBOALI, KAB. BANGKA SELATAN","POLYGON ((106.49473599999999 -3.1192030000000273, 106.49473599999999 -3.139413999999988, 106.52104400000002 -3.139413999999988, 106.52104400000002 -3.1265389999999798, 106.505806 -3.1265389999999798, 106.505806 -3.1228439999999864, 106.501328 -3.1228439999999864, 106.501328 -3.1192030000000273, 106.49473599999999 -3.1192030000000273))",AKTIF,19.0,03,2.0,11.0
3694.0,SUMATERA,MENTERI,,KEPULAUAN BANGKA BELITUNG,,KAB. BANGKA BARAT,,,IUP,PT,TIMAH TBK,3119052112014044,81201098819560108                                                                                   ,2024-08-09,2035-07-20,OPERASI PRODUKSI,1695.0,TIMAH,CNC-3,,,MUNTOK,"POLYGON ((105.27191388900002 -2.090075000000013, 105.27678888899999 -2.090075000000013, 105.27678888899999 -2.0634000000000015, 105.27424722199999 -2.0634000000000015, 105.27424722199999 -2.0528527779999877, 105.27844166699998 -2.0528527779999877, 105.27844166699998 -2.0490388889999736, 105.28313611099998 -2.0490388889999736, 105.28313611099998 -2.0361805559999766, 105.28048055599999 -2.0361805559999766, 105.28048055599999 -2.020027777999985, 105.275138889 -2.020027777999985, 105.275138889 -2.027097222000009, 105.27205277799999 -2.027097222000009, 105.27205277799999 -2.032919444000015, 105.27424166700001 -2.032919444000015, 105.27424166700001 -2.0361861110000063, 105.276461111 -2.0361861110000063, 105.276461111 -2.0406444440000087, 105.27834722199998 -2.0406444440000087, 105.27834722199998 -2.042997221999997, 105.274291667 -2.042997221999997, 105.274291667 -2.0381833330000063, 105.26720277800001 -2.0381833330000063, 105.26720277800001 -2.0302416669999843, 105.25888333300003 -2.0302416669999843, 105.25888333300003 -2.024774999999977, 105.26420555599998 -2.024774999999977, 105.26420555599998 -2.019405555999981, 105.26971111099999 -2.019405555999981, 105.26971111099999 -2.013086111000007, 105.26186666699999 -2.013086111000007, 105.26186666699999 -2.0100194440000223, 105.25605000000002 -2.0100194440000223, 105.25605000000002 -2.011063889000013, 105.25271666700002 -2.011063889000013, 105.25271666700002 -2.008130556000026, 105.25490277799997 -2.008130556000026, 105.25490277799997 -2.0032749999999737, 105.248702778 -2.0032749999999737, 105.248702778 -2.006872222000027, 105.24500555600002 -2.006872222000027, 105.24500555600002 -2.0154888889999825, 105.24783333300002 -2.0154888889999825, 105.24783333300002 -2.01822222200002, 105.250780556 -2.01822222200002, 105.250780556 -2.028786110999988, 105.25321111099998 -2.028786110999988, 105.25321111099998 -2.0541999999999803, 105.260480556 -2.0541999999999803, 105.260480556 -2.0605416669999954, 105.266311111 -2.0605416669999954, 105.266311111 -2.0638833329999784, 105.26750833300002 -2.0638833329999784, 105.26750833300002 -2.0654027780000206, 105.26806388900002 -2.0654027780000206, 105.26806388900002 -2.0663527780000095, 105.27000277799999 -2.0663527780000095, 105.27000277799999 -2.0678027779999866, 105.266313889 -2.0678027779999866, 105.266313889 -2.072924999999998, 105.26402777800001 -2.072924999999998, 105.26402777800001 -2.0793611110000256, 105.269305556 -2.0793611110000256, 105.269305556 -2.0864916670000184, 105.27191388900002 -2.0864916670000184, 105.27191388900002 -2.090075000000013))",AKTIF,19.0,05,2.0,11.0
3695.0,SUMATERA,MENTERI,,KEPULAUAN BANGKA BELITUNG,,KAB. BELITUNG,,,IUP,PT,TIMAH TBK,3119022112014054,81201098819560180                                                                                   ,2025-05-19,2036-07-20,OPERASI PRODUKSI,3767.0,TIMAH,CNC-17,,,MEMBALONG,"POLYGON ((107.612975 -2.946544443999983, 107.612975 -2.948122221999995, 107.612497222 -2.948122221999995, 107.612497222 -2.949869444000001, 107.61188333299998 -2.949869444000001, 107.61188333299998 -2.950544444000002, 107.61166666700001 -2.950544444000002, 107.61166666700001 -2.9514500000000226, 107.611427778 -2.9514500000000226, 107.611427778 -2.9521777780000207, 107.611186111 -2.9521777780000207, 107.611186111 -2.952641667000023, 107.611027778 -2.952641667000023, 107.611027778 -2.953386110999986, 107.610791667 -2.953386110999986, 107.610791667 -2.9541416669999876, 107.61056944400002 -2.9541416669999876, 107.61056944400002 -2.954855555999984, 107.61034722199997 -2.954855555999984, 107.61034722199997 -2.955436110999983, 107.61013333300002 -2.955436110999983, 107.61013333300002 -2.95660277799999, 107.60977777800002 -2.95660277799999, 107.60977777800002 -2.9572972220000224, 107.609533333 -2.9572972220000224, 107.609533333 -2.962413889000004, 107.607786111 -2.962413889000004, 107.607786111 -2.9701833330000227, 107.60528055600003 -2.9701833330000227, 107.60528055600003 -2.977577778000011, 107.60285555600001 -2.977577778000011, 107.60285555600001 -2.9807555560000196, 107.60134166699999 -2.9807555560000196, 107.60134166699999 -2.9834388890000128, 107.599569444 -2.9834388890000128, 107.599569444 -2.983741667000004, 107.59922222199998 -2.983741667000004, 107.59922222199998 -2.9841222219999963, 107.598511111 -2.9841222219999963, 107.598511111 -2.9845111110000175, 107.59805277800001 -2.9845111110000175, 107.59805277800001 -2.9851361109999743, 107.59736388900001 -2.9851361109999743, 107.59736388900001 -2.985500000000002, 107.59661388900003 -2.985500000000002, 107.59661388900003 -2.985888889000023, 107.59604999999999 -2.985888889000023, 107.59604999999999 -2.9865944439999907, 107.59500000000003 -2.9865944439999907, 107.59500000000003 -2.9869888889999743, 107.594466667 -2.9869888889999743, 107.594466667 -2.9871972220000202, 107.59416666700002 -2.9871972220000202, 107.59416666700002 -2.9875277780000147, 107.59363888899998 -2.9875277780000147, 107.59363888899998 -2.987811110999985, 107.593130556 -2.987811110999985, 107.593130556 -2.988252778000003, 107.592572222 -2.988252778000003, 107.592572222 -2.9885694440000066, 107.592216667 -2.9885694440000066, 107.592216667 -2.98882500000002, 107.591791667 -2.98882500000002, 107.591791667 -2.9889777779999918, 107.591527778 -2.9889777779999918, 107.591527778 -2.9892861110000126, 107.59096111100001 -2.9892861110000126, 107.59096111100001 -2.9900388890000045, 107.58946666700001 -2.9900388890000045, 107.58946666700001 -2.9913833329999875, 107.58772499999998 -2.9913833329999875, 107.58772499999998 -2.993499999999983, 107.585361111 -2.993499999999983, 107.585361111 -2.9946277779999946, 107.584658333 -2.9946277779999946, 107.584658333 -2.9963444439999876, 107.583019444 -2.9963444439999876, 107.583019444 -3.0364777780000054, 107.62723055599997 -3.0364777780000054, 107.62723055599997 -3.0320500000000266, 107.622736111 -3.0320500000000266, 107.622736111 -3.0248222220000116, 107.62589722199999 -3.0248222220000116, 107.62589722199999 -3.0076138890000266, 107.595761111 -3.0076138890000266, 107.595761111 -2.9994916669999725, 107.62186111099999 -2.9994916669999725, 107.62186111099999 -2.982325000000003, 107.64614999999998 -2.982325000000003, 107.64614999999998 -2.977905555999996, 107.65289722199998 -2.977905555999996, 107.65289722199998 -2.9723694439999804, 107.62591944399998 -2.9723694439999804, 107.62591944399998 -2.9646944439999743, 107.64840833300002 -2.9646944439999743, 107.64840833300002 -2.9524749999999926, 107.63026388899999 -2.9524749999999926, 107.63026388899999 -2.946544443999983, 107.612975 -2.946544443999983))",AKTIF,19.0,02,2.0,11.0
3698.0,SUMATERA,MENTERI,,KEPULAUAN BANGKA BELITUNG,,KAB. BANGKA,,,IUP,PT,TIMAH TBK,3119012112014207,81201098819560126                                                                                   ,2025-05-21,2037-08-17,OPERASI PRODUKSI,713.0,TIMAH,CNC-2,,,"DAERAH LAUT TANJUNG TERENTANG KELABAT, KAB. BANGKA","POLYGON ((105.71952222200002 -1.617277778000016, 105.74119999999999 -1.617277778000016, 105.74119999999999 -1.611891667000009, 105.740022222 -1.611891667000009, 105.740022222 -1.6097777780000229, 105.73801666700001 -1.6097777780000229, 105.73801666700001 -1.6085388889999876, 105.73587777799997 -1.6085388889999876, 105.73587777799997 -1.6066749999999956, 105.734572222 -1.6066749999999956, 105.734572222 -1.6034916670000143, 105.73328611099998 -1.6034916670000143, 105.73328611099998 -1.6013027779999902, 105.731955556 -1.6013027779999902, 105.731955556 -1.5979916669999739, 105.72933888900002 -1.5979916669999739, 105.72933888900002 -1.595694444000003, 105.72672222199998 -1.595694444000003, 105.72672222199998 -1.591905555999972, 105.72291666699999 -1.591905555999972, 105.72291666699999 -1.5866416669999808, 105.720641667 -1.5866416669999808, 105.720641667 -1.5848944439999855, 105.72000000000003 -1.5848944439999855, 105.72000000000003 -1.5747722219999787, 105.72050000000002 -1.5747722219999787, 105.72050000000002 -1.5691305560000046, 105.70830555600003 -1.5691305560000046, 105.70830555600003 -1.5840499999999906, 105.71952222200002 -1.5840499999999906, 105.71952222200002 -1.617277778000016))",AKTIF,19.0,01,2.0,11.0
3701.0,SUMATERA,MENTERI,,KEPULAUAN BANGKA BELITUNG,,KAB. BANGKA,,,IUP,PT,TIMAH TBK,3119012112014208,81201098819560174                                                                                   ,2025-04-30,2035-07-20,OPERASI PRODUKSI,52.41,TIMAH,CNC-2,,,BELINYU,"POLYGON ((105.749072222 -1.5776944439999738, 105.75023333299998 -1.5776944439999738, 105.75023333299998 -1.5763638889999925, 105.75113055600002 -1.5763638889999925, 105.75113055600002 -1.5738194439999802, 105.75285555599999 -1.5738194439999802, 105.75285555599999 -1.5695333329999812, 105.75230555600001 -1.5695333329999812, 105.75230555600001 -1.5691222219999759, 105.74396111099998 -1.5691222219999759, 105.74396111099998 -1.5697083329999941, 105.744416667 -1.5697083329999941, 105.744416667 -1.5703972219999969, 105.745066667 -1.5703972219999969, 105.745066667 -1.5710861109999996, 105.74564444399999 -1.5710861109999996, 105.74564444399999 -1.5720222219999869, 105.74621111099998 -1.5720222219999869, 105.74621111099998 -1.5732861110000158, 105.74744166699998 -1.5732861110000158, 105.74744166699998 -1.5739111109999726, 105.74821111099999 -1.5739111109999726, 105.74821111099999 -1.5747722219999787, 105.74860555599997 -1.5747722219999787, 105.74860555599997 -1.5758916670000076, 105.749072222 -1.5758916670000076, 105.749072222 -1.5776944439999738))",AKTIF,19.0,01,2.0,11.0
3703.0,SUMATERA,MENTERI,,KEPULAUAN BANGKA BELITUNG,,KAB. BANGKA SELATAN,,,IUP,PT,TIMAH TBK,3119032112014003,81201098819560187                                                                                   ,2025-04-30,2035-07-20,OPERASI PRODUKSI,51.25,TIMAH,CNC-14,,,TOBOALI,"POLYGON ((106.643852778 -3.0645250000000033, 106.64584444399998 -3.0645250000000033, 106.64584444399998 -3.065872221999996, 106.64765277800001 -3.065872221999996, 106.64765277800001 -3.0673499999999763, 106.64935277799998 -3.0673499999999763, 106.64935277799998 -3.06857500000001, 106.65474444400002 -3.06857500000001, 106.65474444400002 -3.06338333299999, 106.643852778 -3.06338333299999, 106.643852778 -3.0645250000000033))",AKTIF,19.0,03,2.0,11.0
3713.0,SUMATERA,MENTERI,,KEPULAUAN BANGKA BELITUNG,,KAB. BELITUNG,,,IUP,PT,TIMAH TBK,3119022112014004,81201098819560162                                                                                   ,2025-07-01,2035-07-21,OPERASI PRODUKSI,2470.0,TIMAH,CNC-17,,,DESA SIJUK,"POLYGON ((107.809272222 -2.5387249999999995, 107.80388333299999 -2.5387249999999995, 107.80388333299999 -2.5457611109999903, 107.796119444 -2.5457611109999903, 107.796119444 -2.547094443999981, 107.79626944400002 -2.547094443999981, 107.79626944400002 -2.548105555999996, 107.79658055599998 -2.548105555999996, 107.79658055599998 -2.548930556000016, 107.798080556 -2.548930556000016, 107.798080556 -2.550374999999974, 107.799361111 -2.550374999999974, 107.799361111 -2.5513055559999884, 107.799863889 -2.5513055559999884, 107.799863889 -2.5518111110000063, 107.800541667 -2.5518111110000063, 107.800541667 -2.552697222000006, 107.80085000000003 -2.552697222000006, 107.80085000000003 -2.5531166669999834, 107.80123888899999 -2.5531166669999834, 107.80123888899999 -2.5536194439999917, 107.80166944400003 -2.5536194439999917, 107.80166944400003 -2.5546861110000236, 107.802086111 -2.5546861110000236, 107.802086111 -2.5558416669999815, 107.80347499999999 -2.5558416669999815, 107.80347499999999 -2.5571611110000276, 107.80429444399999 -2.5571611110000276, 107.80429444399999 -2.558552777999978, 107.80511944400001 -2.558552777999978, 107.80511944400001 -2.5599222220000115, 107.80333888899997 -2.5599222220000115, 107.80333888899997 -2.5615888890000065, 107.80082222200002 -2.5615888890000065, 107.80082222200002 -2.563055555999995, 107.79828055600001 -2.563055555999995, 107.79828055600001 -2.56426944399999, 107.793369444 -2.56426944399999, 107.793369444 -2.5743249999999875, 107.79942499999999 -2.5743249999999875, 107.79942499999999 -2.5786305560000073, 107.79336388899998 -2.5786305560000073, 107.79336388899998 -2.5922333330000242, 107.80791388900002 -2.5922333330000242, 107.80791388900002 -2.5812944439999796, 107.81074722199997 -2.5812944439999796, 107.81074722199997 -2.573663888999988, 107.81599444400001 -2.573663888999988, 107.81599444400001 -2.5869333329999904, 107.81918611100002 -2.5869333329999904, 107.81918611100002 -2.5955583329999854, 107.82838333299998 -2.5955583329999854, 107.82838333299998 -2.589947221999978, 107.88036111100001 -2.589947221999978, 107.88036111100001 -2.585847221999984, 107.87415833300003 -2.585847221999984, 107.87415833300003 -2.5849138890000063, 107.86892499999999 -2.5849138890000063, 107.86892499999999 -2.5830555559999766, 107.87571944400003 -2.5830555559999766, 107.87571944400003 -2.583902777999981, 107.88025555600001 -2.583902777999981, 107.88025555600001 -2.579272221999986, 107.86570277800001 -2.579272221999986, 107.86570277800001 -2.576000000000022, 107.85411944399999 -2.576000000000022, 107.85411944399999 -2.571427777999986, 107.852361111 -2.571427777999986, 107.852361111 -2.571077778000017, 107.84976666699998 -2.571077778000017, 107.84976666699998 -2.5705083330000207, 107.846527778 -2.5705083330000207, 107.846527778 -2.5696194440000113, 107.842386111 -2.5696194440000113, 107.842386111 -2.568691666999996, 107.83789999999999 -2.568691666999996, 107.83789999999999 -2.5668583330000274, 107.83546944400001 -2.5668583330000274, 107.83546944400001 -2.5660055559999932, 107.830744444 -2.5660055559999932, 107.830744444 -2.5644638890000238, 107.826155556 -2.5644638890000238, 107.826155556 -2.5631083330000024, 107.82247222199999 -2.5631083330000024, 107.82247222199999 -2.561800000000005, 107.82161111099998 -2.561800000000005, 107.82161111099998 -2.5602388890000043, 107.82112222199999 -2.5602388890000043, 107.82112222199999 -2.5592416669999807, 107.81998611099999 -2.5592416669999807, 107.81998611099999 -2.556666667000002, 107.81872777799998 -2.556666667000002, 107.81872777799998 -2.554533332999995, 107.81802222200002 -2.554533332999995, 107.81802222200002 -2.5525611109999886, 107.81731944400002 -2.5525611109999886, 107.81731944400002 -2.5516361109999934, 107.816311111 -2.5516361109999934, 107.816311111 -2.5522944439999833, 107.815622222 -2.5522944439999833, 107.815622222 -2.552786110999989, 107.81375555599999 -2.552786110999989, 107.81375555599999 -2.550113888999988, 107.81457222199998 -2.550113888999988, 107.81457222199998 -2.5487638889999857, 107.81533333300001 -2.5487638889999857, 107.81533333300001 -2.5470861109999987, 107.81603888900003 -2.5470861109999987, 107.81603888900003 -2.546061110999972, 107.81501666700001 -2.546061110999972, 107.81501666700001 -2.5455138890000057, 107.81461388899999 -2.5455138890000057, 107.81461388899999 -2.5452305559999786, 107.81372777799999 -2.5452305559999786, 107.81372777799999 -2.5461916670000164, 107.81332777799997 -2.5461916670000164, 107.81332777799997 -2.5479555559999767, 107.81216388899998 -2.5479555559999767, 107.81216388899998 -2.54895555600001, 107.81053888899999 -2.54895555600001, 107.81053888899999 -2.5475638890000027, 107.809802778 -2.5475638890000027, 107.809802778 -2.5458777779999764, 107.808888889 -2.5458777779999764, 107.808888889 -2.5439694440000267, 107.80816666700002 -2.5439694440000267, 107.80816666700002 -2.5418861109999966, 107.808463889 -2.5418861109999966, 107.808463889 -2.539338889000021, 107.809272222 -2.539338889000021, 107.809272222 -2.5387249999999995), (107.85411944399999 -2.5817222219999962, 107.85582777799999 -2.5817222219999962, 107.85582777799999 -2.584688889000006, 107.844477778 -2.584688889000006, 107.844477778 -2.579180555999983, 107.847188889 -2.579180555999983, 107.847188889 -2.5817222219999962, 107.85411944399999 -2.5817222219999962))",AKTIF,19.0,02,2.0,11.0
3714.0,SUMATERA,MENTERI,,KEPULAUAN BANGKA BELITUNG,,KAB. BELITUNG,,,IUP,PT,TIMAH TBK,3119022112014122,81201098819560201                                                                                   ,2025-05-21,2035-07-21,OPERASI PRODUKSI,309.0,TIMAH,CNC-14,,,SIJUK,"POLYGON ((107.79158055599999 -2.5935361109999917, 107.79158055599999 -2.6188583329999915, 107.806586111 -2.6188583329999915, 107.806586111 -2.613755556000001, 107.805516667 -2.613755556000001, 107.805516667 -2.6136444439999877, 107.80514722200002 -2.6136444439999877, 107.80514722200002 -2.613344444000006, 107.80482222199998 -2.613344444000006, 107.80482222199998 -2.6130583330000263, 107.80442222200003 -2.6130583330000263, 107.80442222200003 -2.6126416669999912, 107.80403888900003 -2.6126416669999912, 107.80403888900003 -2.612252778000027, 107.80366944399998 -2.612252778000027, 107.80366944399998 -2.611891667000009, 107.803358333 -2.611891667000009, 107.803358333 -2.611547222000013, 107.80290000000002 -2.611547222000013, 107.80290000000002 -2.611111111000014, 107.80268055599998 -2.611111111000014, 107.80268055599998 -2.6105305560000147, 107.80245277799997 -2.6105305560000147, 107.80245277799997 -2.6098138890000087, 107.79831944400001 -2.6098138890000087, 107.79831944400001 -2.602580556000021, 107.800116667 -2.602580556000021, 107.800116667 -2.5935361109999917, 107.79158055599999 -2.5935361109999917))",AKTIF,19.0,02,2.0,11.0
3718.0,SUMATERA,GUBERNUR,,KEPULAUAN BANGKA BELITUNG,,KAB. BANGKA TENGAH,,,IUP,PT,TIMAH TBK,3119042112014020,81201098819560147                                                                                   ,2024-08-23,2035-07-20,OPERASI PRODUKSI,3101.0,TIMAH,CNC-1,,,SUNGAI SELAN,"POLYGON ((106.14377777800001 -2.4112499999999955, 106.12783333300001 -2.4112499999999955, 106.12783333300001 -2.412224999999978, 106.12835277800002 -2.412224999999978, 106.12835277800002 -2.413030556000024, 106.12906666700002 -2.413030556000024, 106.12906666700002 -2.4158083329999727, 106.127725 -2.4158083329999727, 106.127725 -2.413286110999991, 106.12733611099998 -2.413286110999991, 106.12733611099998 -2.4125888890000056, 106.12644444400001 -2.4125888890000056, 106.12644444400001 -2.4112499999999955, 106.12200000000001 -2.4112499999999955, 106.12200000000001 -2.410394444000019, 106.11998055599997 -2.410394444000019, 106.11998055599997 -2.409388889000013, 106.11680555599997 -2.409388889000013, 106.11680555599997 -2.4077722220000055, 106.115330556 -2.4077722220000055, 106.115330556 -2.4043888890000176, 106.11316666699997 -2.4043888890000176, 106.11316666699997 -2.388444444000015, 106.118055556 -2.388444444000015, 106.118055556 -2.3736111110000024, 106.12088888900001 -2.3736111110000024, 106.12088888900001 -2.366833332999988, 106.126138889 -2.366833332999988, 106.126138889 -2.343999999999994, 106.11258333299998 -2.343999999999994, 106.11258333299998 -2.3482500000000073, 106.11722222200001 -2.3482500000000073, 106.11722222200001 -2.3521944440000198, 106.12058333300001 -2.3521944440000198, 106.12058333300001 -2.3587777779999897, 106.11605555599999 -2.3587777779999897, 106.11605555599999 -2.353027778000012, 106.10927777799998 -2.353027778000012, 106.10927777799998 -2.349666667000008, 106.10180555599999 -2.349666667000008, 106.10180555599999 -2.3571111109999947, 106.10752777800002 -2.3571111109999947, 106.10752777800002 -2.362666666999985, 106.11180555599998 -2.362666666999985, 106.11180555599998 -2.3843611109999756, 106.108833333 -2.3843611109999756, 106.108833333 -2.3884722220000185, 106.10725000000002 -2.3884722220000185, 106.10725000000002 -2.409749999999974, 106.11152777799998 -2.409749999999974, 106.11152777799998 -2.4136666669999727, 106.116888889 -2.4136666669999727, 106.116888889 -2.4242499999999723, 106.11458333299998 -2.4242499999999723, 106.11458333299998 -2.428555555999992, 106.087861111 -2.428555555999992, 106.087861111 -2.425333333000026, 106.081694444 -2.425333333000026, 106.081694444 -2.429027777999977, 106.07680555600001 -2.429027777999977, 106.07680555600001 -2.4356388890000176, 106.10733333299999 -2.4356388890000176, 106.10733333299999 -2.4374444439999934, 106.130505556 -2.4374444439999934, 106.130505556 -2.4270833329999846, 106.14605555600002 -2.4270833329999846, 106.14605555600002 -2.417500000000018, 106.15105555600002 -2.417500000000018, 106.15105555600002 -2.3770000000000095, 106.148694444 -2.3770000000000095, 106.148694444 -2.3536666670000272, 106.14347222200001 -2.3536666670000272, 106.14347222200001 -2.3469722219999767, 106.14111111099999 -2.3469722219999767, 106.14111111099999 -2.3389999999999986, 106.13805555599998 -2.3389999999999986, 106.13805555599998 -2.332083333000014, 106.13413888899998 -2.332083333000014, 106.13413888899998 -2.3284555559999944, 106.13128611100001 -2.3284555559999944, 106.13128611100001 -2.32724166700001, 106.13197777800002 -2.32724166700001, 106.13197777800002 -2.3264805559999786, 106.133319444 -2.3264805559999786, 106.133319444 -2.326011111000014, 106.13413888899998 -2.326011111000014, 106.13413888899998 -2.31680555600002, 106.13183333299997 -2.31680555600002, 106.13183333299997 -2.3108611110000083, 106.129694444 -2.3108611110000083, 106.129694444 -2.3037499999999795, 106.12433333299998 -2.3037499999999795, 106.12433333299998 -2.3000000000000114, 106.11880555599998 -2.3000000000000114, 106.11880555599998 -2.3086666670000113, 106.12577777799999 -2.3086666670000113, 106.12577777799999 -2.3124722219999967, 106.12261111100003 -2.3124722219999967, 106.12261111100003 -2.3198055560000057, 106.129194444 -2.3198055560000057, 106.129194444 -2.323500000000024, 106.125991667 -2.323500000000024, 106.125991667 -2.3264916670000275, 106.129694444 -2.3264916670000275, 106.129694444 -2.3343888890000244, 106.13091666700001 -2.3343888890000244, 106.13091666700001 -2.3516666670000177, 106.13916666699998 -2.3516666670000177, 106.13916666699998 -2.354138889000012, 106.14097222200002 -2.354138889000012, 106.14097222200002 -2.357027777999974, 106.14299999999997 -2.357027777999974, 106.14299999999997 -2.3667500000000246, 106.13816666700001 -2.3667500000000246, 106.13816666700001 -2.37077777799999, 106.14333333299999 -2.37077777799999, 106.14333333299999 -2.38580555599998, 106.14111111099999 -2.38580555599998, 106.14111111099999 -2.3950555559999884, 106.14505555599999 -2.3950555559999884, 106.14505555599999 -2.400416667000002, 106.14377777800001 -2.400416667000002, 106.14377777800001 -2.4112499999999955))",AKTIF,19.0,04,2.0,11.0
3727.0,SUMATERA,MENTERI,,KEPULAUAN BANGKA BELITUNG,,"KAB. BANGKA TENGAH,KAB. BANGKA SELATAN",,,IUP,PT,TIMAH TBK,2119002112014036,81201098819560107                                                                                   ,2025-04-22,2035-07-20,OPERASI PRODUKSI,56539.0,TIMAH,CNC-1,,,TOBOALI,"MULTIPOLYGON (((106.45555555599998 -2.6315555560000234, 106.46674999999999 -2.6315555560000234, 106.46674999999999 -2.6249722219999967, 106.42972222200001 -2.6249722219999967, 106.42972222200001 -2.6578888889999917, 106.43644444400002 -2.6578888889999917, 106.43644444400002 -2.6769166670000004, 106.44608333299999 -2.6769166670000004, 106.44608333299999 -2.6881666670000186, 106.44991666700002 -2.6881666670000186, 106.44991666700002 -2.7196388890000094, 106.44430555600002 -2.7196388890000094, 106.44430555600002 -2.723944443999983, 106.42491666699999 -2.723944443999983, 106.42491666699999 -2.723083332999977, 106.42399999999998 -2.723083332999977, 106.42399999999998 -2.7220833330000005, 106.42316666699998 -2.7220833330000005, 106.42316666699998 -2.7212222219999944, 106.42247222200001 -2.7212222219999944, 106.42247222200001 -2.720444444000009, 106.42180555599998 -2.720444444000009, 106.42180555599998 -2.7197499999999764, 106.420722222 -2.7197499999999764, 106.420722222 -2.7185833330000264, 106.420222222 -2.7185833330000264, 106.420222222 -2.7180555560000244, 106.4185 -2.7180555560000244, 106.4185 -2.716222221999999, 106.41083333300003 -2.716222221999999, 106.41083333300003 -2.7112222220000035, 106.405694444 -2.7112222220000035, 106.405694444 -2.703944444000001, 106.40908333300001 -2.703944444000001, 106.40908333300001 -2.6975555559999975, 106.410972222 -2.6975555559999975, 106.410972222 -2.6884999999999764, 106.41375 -2.6884999999999764, 106.41375 -2.6818888889999926, 106.417416667 -2.6818888889999926, 106.417416667 -2.673999999999978, 106.407111111 -2.673999999999978, 106.407111111 -2.6913333329999887, 106.40050000000002 -2.6913333329999887, 106.40050000000002 -2.6865555559999734, 106.39636111099998 -2.6865555559999734, 106.39636111099998 -2.6778888889999735, 106.39280555599998 -2.6778888889999735, 106.39280555599998 -2.6757499999999936, 106.39125000000001 -2.6757499999999936, 106.39125000000001 -2.659388889000013, 106.39755555599999 -2.659388889000013, 106.39755555599999 -2.654194443999984, 106.40077777800002 -2.654194443999984, 106.40077777800002 -2.650055555999984, 106.40422222199999 -2.650055555999984, 106.40422222199999 -2.6457777780000242, 106.39716666700002 -2.6457777780000242, 106.39716666700002 -2.6489722219999976, 106.39238888900002 -2.6489722219999976, 106.39238888900002 -2.653500000000008, 106.38913888899998 -2.653500000000008, 106.38913888899998 -2.6583611109999765, 106.38647222200001 -2.6583611109999765, 106.38647222200001 -2.6669166670000095, 106.373916667 -2.6669166670000095, 106.373916667 -2.6693611110000006, 106.36675000000002 -2.6693611110000006, 106.36675000000002 -2.670749999999998, 106.36333333300001 -2.670749999999998, 106.36333333300001 -2.676027777999991, 106.36827777799999 -2.676027777999991, 106.36827777799999 -2.673861111000008, 106.38383333299998 -2.673861111000008, 106.38383333299998 -2.675222222000002, 106.38436111099998 -2.675222222000002, 106.38436111099998 -2.676527777999979, 106.38494444399998 -2.676527777999979, 106.38494444399998 -2.6778888889999735, 106.38547222199998 -2.6778888889999735, 106.38547222199998 -2.679166667000004, 106.38638888899999 -2.679166667000004, 106.38638888899999 -2.6813888890000044, 106.38716666699997 -2.6813888890000044, 106.38716666699997 -2.6833055559999934, 106.388138889 -2.6833055559999934, 106.388138889 -2.685694443999978, 106.39002777799999 -2.685694443999978, 106.39002777799999 -2.6902222219999885, 106.39125000000001 -2.6902222219999885, 106.39125000000001 -2.693194444000028, 106.39350000000002 -2.693194444000028, 106.39350000000002 -2.6985833329999878, 106.39605555600002 -2.6985833329999878, 106.39605555600002 -2.7047222219999867, 106.39877777800001 -2.7047222219999867, 106.39877777800001 -2.7114166669999804, 106.39952777799999 -2.7114166669999804, 106.39952777799999 -2.7131944440000098, 106.39244444399998 -2.7131944440000098, 106.39244444399998 -2.716833333000011, 106.39544444400002 -2.716833333000011, 106.39544444400002 -2.7189444439999875, 106.39658333300002 -2.7189444439999875, 106.39658333300002 -2.72844444399999, 106.40055555599997 -2.72844444399999, 106.40055555599997 -2.7205000000000155, 106.40227777799998 -2.7205000000000155, 106.40227777799998 -2.718500000000006, 106.40713888900001 -2.718500000000006, 106.40713888900001 -2.719805555999983, 106.41066666699999 -2.719805555999983, 106.41066666699999 -2.7214722219999885, 106.41222222200003 -2.7214722219999885, 106.41222222200003 -2.7221944440000243, 106.41391666700002 -2.7221944440000243, 106.41391666700002 -2.730722221999997, 106.39888888899998 -2.730722221999997, 106.39888888899998 -2.7345555559999752, 106.38752777799999 -2.7345555559999752, 106.38752777799999 -2.7280833329999723, 106.38163888899999 -2.7280833329999723, 106.38163888899999 -2.736722222000026, 106.37402777800003 -2.736722222000026, 106.37402777800003 -2.7327777780000133, 106.37766666700003 -2.7327777780000133, 106.37766666700003 -2.7262777779999965, 106.38150000000002 -2.7262777779999965, 106.38150000000002 -2.716000000000008, 106.375833333 -2.716000000000008, 106.375833333 -2.7222777779999774, 106.37083333300001 -2.7222777779999774, 106.37083333300001 -2.7282500000000027, 106.36544444399999 -2.7282500000000027, 106.36544444399999 -2.7329444439999975, 106.36347222199998 -2.7329444439999975, 106.36347222199998 -2.744055555999978, 106.34130555600001 -2.744055555999978, 106.34130555600001 -2.732194444000015, 106.33688888900002 -2.732194444000015, 106.33688888900002 -2.7143055559999993, 106.332916667 -2.7143055559999993, 106.332916667 -2.709694443999979, 106.32774999999998 -2.709694443999979, 106.32774999999998 -2.688111111000012, 106.322 -2.688111111000012, 106.322 -2.682055556000023, 106.31747222199999 -2.682055556000023, 106.31747222199999 -2.6802222219999976, 106.31511111100002 -2.6802222219999976, 106.31511111100002 -2.6767222220000235, 106.30877777799998 -2.6767222220000235, 106.30877777799998 -2.671833332999995, 106.305805556 -2.671833332999995, 106.305805556 -2.652888888999996, 106.27155555600001 -2.652888888999996, 106.27155555600001 -2.6708333330000187, 106.29497222200001 -2.6708333330000187, 106.29497222200001 -2.675444443999993, 106.30208333299998 -2.675444443999993, 106.30208333299998 -2.6799722220000035, 106.30652777799997 -2.6799722220000035, 106.30652777799997 -2.6833333330000073, 106.312222222 -2.6833333330000073, 106.312222222 -2.6875277780000033, 106.31455555600002 -2.6875277780000033, 106.31455555600002 -2.6939166669999963, 106.31969444399999 -2.6939166669999963, 106.31969444399999 -2.705897221999976, 106.323666667 -2.705897221999976, 106.323666667 -2.7072111109999923, 106.32622222200001 -2.7072111109999923, 106.32622222200001 -2.709583333000012, 106.32263888900002 -2.709583333000012, 106.32263888900002 -2.7154166669999995, 106.32475 -2.7154166669999995, 106.32475 -2.7436666670000136, 106.33280555599998 -2.7436666670000136, 106.33280555599998 -2.7621111110000243, 106.337888889 -2.7621111110000243, 106.337888889 -2.7765555560000053, 106.334555556 -2.7765555560000053, 106.334555556 -2.779694443999972, 106.33047222200003 -2.779694443999972, 106.33047222200003 -2.783777778000001, 106.32513888900002 -2.783777778000001, 106.32513888900002 -2.788138888999981, 106.319472222 -2.788138888999981, 106.319472222 -2.7924166669999977, 106.31383333299999 -2.7924166669999977, 106.31383333299999 -2.796305555999993, 106.28186111100001 -2.796305555999993, 106.28186111100001 -2.810305556000003, 106.27300000000002 -2.810305556000003, 106.27300000000002 -2.8447499999999764, 106.31069444399998 -2.8447499999999764, 106.31069444399998 -2.821944443999996, 106.315305556 -2.821944443999996, 106.315305556 -2.801027777999991, 106.32205555600001 -2.801027777999991, 106.32205555600001 -2.7957777780000015, 106.328666667 -2.7957777780000015, 106.328666667 -2.7903611109999815, 106.33547222200002 -2.7903611109999815, 106.33547222200002 -2.785583332999977, 106.341472222 -2.785583332999977, 106.341472222 -2.7821944440000266, 106.345694444 -2.7821944440000266, 106.345694444 -2.7792777779999938, 106.34938888900001 -2.7792777779999938, 106.34938888900001 -2.76191666699998, 106.356583333 -2.76191666699998, 106.356583333 -2.751555556000028, 106.37074999999999 -2.751555556000028, 106.37074999999999 -2.745888889000014, 106.38433333299997 -2.745888889000014, 106.38433333299997 -2.7396666669999945, 106.39691666700003 -2.7396666669999945, 106.39691666700003 -2.7418055559999743, 106.40080555600002 -2.7418055559999743, 106.40080555600002 -2.754666666999981, 106.40277777799997 -2.754666666999981, 106.40277777799997 -2.7730000000000246, 106.38805555599998 -2.7730000000000246, 106.38805555599998 -2.7806666669999913, 106.403722222 -2.7806666669999913, 106.403722222 -2.7995277780000265, 106.41580555600001 -2.7995277780000265, 106.41580555600001 -2.7734722220000094, 106.40930555599999 -2.7734722220000094, 106.40930555599999 -2.7413666670000225, 106.41173333299997 -2.7413666670000225, 106.41173333299997 -2.7426777779999725, 106.41435555599998 -2.7426777779999725, 106.41435555599998 -2.744933333000006, 106.42336111100002 -2.744933333000006, 106.42336111100002 -2.7476944439999897, 106.43394444400002 -2.7476944439999897, 106.43394444400002 -2.7506666670000186, 106.44319444400003 -2.7506666670000186, 106.44319444400003 -2.7563333329999864, 106.46686111100001 -2.7563333329999864, 106.46686111100001 -2.772416667000016, 106.47252777800003 -2.772416667000016, 106.47252777800003 -2.781805555999995, 106.45999999999998 -2.781805555999995, 106.45999999999998 -2.7745833330000096, 106.455666667 -2.7745833330000096, 106.455666667 -2.7687777780000147, 106.447527778 -2.7687777780000147, 106.447527778 -2.7652777779999838, 106.43855555599998 -2.7652777779999838, 106.43855555599998 -2.759888889000024, 106.43155555599998 -2.759888889000024, 106.43155555599998 -2.7564722220000135, 106.425444444 -2.7564722220000135, 106.425444444 -2.765222221999977, 106.43241666699998 -2.765222221999977, 106.43241666699998 -2.7691388889999757, 106.43819444399998 -2.7691388889999757, 106.43819444399998 -2.7720277779999947, 106.42533333300003 -2.7720277779999947, 106.42533333300003 -2.777249999999981, 106.43188888899999 -2.777249999999981, 106.43188888899999 -2.781472221999991, 106.45108333299999 -2.781472221999991, 106.45108333299999 -2.790888888999973, 106.46719444399997 -2.790888888999973, 106.46719444399997 -2.796333333000007, 106.473805556 -2.796333333000007, 106.473805556 -2.8499722220000194, 106.46313888899999 -2.8499722220000194, 106.46313888899999 -2.8393611110000165, 106.46116666699999 -2.8393611110000165, 106.46116666699999 -2.8291666669999813, 106.45530555599998 -2.8291666669999813, 106.45530555599998 -2.825083333000009, 106.44547222199998 -2.825083333000009, 106.44547222199998 -2.8323055559999943, 106.45100000000002 -2.8323055559999943, 106.45100000000002 -2.835222222000027, 106.455333333 -2.835222222000027, 106.455333333 -2.843500000000006, 106.44891666699999 -2.843500000000006, 106.44891666699999 -2.853027778000012, 106.46136111099997 -2.853027778000012, 106.46136111099997 -2.8640833329999964, 106.470111111 -2.8640833329999964, 106.470111111 -2.8708333330000073, 106.48833333300001 -2.8708333330000073, 106.48833333300001 -2.9333055559999934, 106.466805556 -2.9333055559999934, 106.466805556 -2.9314444440000216, 106.465138889 -2.9314444440000216, 106.465138889 -2.9291388890000007, 106.46311111099999 -2.9291388890000007, 106.46311111099999 -2.926388889000009, 106.46194444399998 -2.926388889000009, 106.46194444399998 -2.924805556000024, 106.461194444 -2.924805556000024, 106.461194444 -2.9237777779999874, 106.460333333 -2.9237777779999874, 106.460333333 -2.9226111109999806, 106.45958333300001 -2.9226111109999806, 106.45958333300001 -2.921583333000001, 106.45875000000001 -2.921583333000001, 106.45875000000001 -2.920472222000001, 106.45752777799999 -2.920472222000001, 106.45752777799999 -2.9188055559999952, 106.45633333299998 -2.9188055559999952, 106.45633333299998 -2.9171666670000036, 106.45527777799998 -2.9171666670000036, 106.45527777799998 -2.9157500000000027, 106.454194444 -2.9157500000000027, 106.454194444 -2.9142499999999814, 106.45294444400002 -2.9142499999999814, 106.45294444400002 -2.9125833329999864, 106.451444444 -2.9125833329999864, 106.451444444 -2.9105277780000165, 106.44966666699997 -2.9105277780000165, 106.44966666699997 -2.9081111109999824, 106.44772222199998 -2.9081111109999824, 106.44772222199998 -2.9054722220000144, 106.445611111 -2.9054722220000144, 106.445611111 -2.902611110999999, 106.44258333300002 -2.902611110999999, 106.44258333300002 -2.8984722220000094, 106.44008333300002 -2.8984722220000094, 106.44008333300002 -2.8950833330000023, 106.42644444400003 -2.8950833330000023, 106.42644444400003 -2.8995277779999924, 106.42083333300002 -2.8995277779999924, 106.42083333300002 -2.9034444440000016, 106.41194444400003 -2.9034444440000016, 106.41194444400003 -2.9142777779999847, 106.42958333299998 -2.9142777779999847, 106.42958333299998 -2.9071388890000094, 106.44119444400002 -2.9071388890000094, 106.44119444400002 -2.911111111000025, 106.44208333300003 -2.911111111000025, 106.44208333300003 -2.912249999999972, 106.443638889 -2.912249999999972, 106.443638889 -2.9136944439999866, 106.44541666700002 -2.9136944439999866, 106.44541666700002 -2.9166944439999725, 106.44713888899997 -2.9166944439999725, 106.44713888899997 -2.918333333000021, 106.44983333300002 -2.918333333000021, 106.44983333300002 -2.922527778000017, 106.45244444399998 -2.922527778000017, 106.45244444399998 -2.9258055560000003, 106.45499999999998 -2.9258055560000003, 106.45499999999998 -2.929388888999995, 106.457583333 -2.929388888999995, 106.457583333 -2.932833333000019, 106.46061111099999 -2.932833333000019, 106.46061111099999 -2.9369166669999913, 106.46383333300003 -2.9369166669999913, 106.46383333300003 -2.941138889000001, 106.47533333299998 -2.941138889000001, 106.47533333299998 -2.9641388890000258, 106.48061111099997 -2.9641388890000258, 106.48061111099997 -2.9607222220000153, 106.48763888899998 -2.9607222220000153, 106.48763888899998 -2.9649166670000113, 106.49005555600002 -2.9649166670000113, 106.49005555600002 -2.9750555559999725, 106.49208333299998 -2.9750555559999725, 106.49208333299998 -2.987833333000026, 106.49566666700002 -2.987833333000026, 106.49566666700002 -2.980305556000019, 106.498833333 -2.980305556000019, 106.498833333 -2.9767777779999847, 106.49650000000003 -2.9767777779999847, 106.49650000000003 -2.9567499999999995, 106.498916667 -2.9567499999999995, 106.498916667 -2.9436111109999956, 106.50563888900001 -2.9436111109999956, 106.50563888900001 -2.9472222219999935, 106.509222222 -2.9472222219999935, 106.509222222 -2.9828055560000166, 106.51361111099999 -2.9828055560000166, 106.51361111099999 -2.9860555559999966, 106.52024999999998 -2.9860555559999966, 106.52024999999998 -2.9764166670000236, 106.51908333300003 -2.9764166670000236, 106.51908333300003 -2.970833332999973, 106.52300000000002 -2.970833332999973, 106.52300000000002 -2.957527777999985, 106.52866666699998 -2.957527777999985, 106.52866666699998 -2.9622777779999865, 106.53388888900002 -2.9622777779999865, 106.53388888900002 -2.958250000000021, 106.53663888900002 -2.958250000000021, 106.53663888900002 -2.960777778000022, 106.54149999999998 -2.960777778000022, 106.54149999999998 -2.957083333000014, 106.54447222200002 -2.957083333000014, 106.54447222200002 -2.9538055560000203, 106.54719444400001 -2.9538055560000203, 106.54719444400001 -2.9588055560000157, 106.54561111100003 -2.9588055560000157, 106.54561111100003 -2.962555555999984, 106.55102777799999 -2.962555555999984, 106.55102777799999 -2.9576111110000056, 106.55466666699999 -2.9576111110000056, 106.55466666699999 -2.9626944440000216, 106.56097222199998 -2.9626944440000216, 106.56097222199998 -2.9673611110000024, 106.56377777799997 -2.9673611110000024, 106.56377777799997 -2.9691944439999816, 106.56177777800002 -2.9691944439999816, 106.56177777800002 -2.971138888999974, 106.55288888899997 -2.971138888999974, 106.55288888899997 -2.9804444439999997, 106.55483333299998 -2.9804444439999997, 106.55483333299998 -2.983722221999983, 106.55402777799998 -2.983722221999983, 106.55402777799998 -2.9876111109999783, 106.54708333299999 -2.9876111109999783, 106.54708333299999 -3.0060833329999923, 106.54152777799999 -3.0060833329999923, 106.54152777799999 -3.012277777999998, 106.53455555599999 -3.012277777999998, 106.53455555599999 -3.0104444439999725, 106.53205555599999 -3.0104444439999725, 106.53205555599999 -3.015083333000007, 106.53330555600002 -3.015083333000007, 106.53330555600002 -3.022583333, 106.52436111100002 -3.022583333, 106.52436111100002 -3.0180833329999928, 106.520666667 -3.0180833329999928, 106.520666667 -3.0130555559999834, 106.51491666700002 -3.0130555559999834, 106.51491666700002 -3.0100833330000114, 106.50886111099999 -3.0100833330000114, 106.50886111099999 -3.0129722219999735, 106.50475 -3.0129722219999735, 106.50475 -3.0180833329999928, 106.49897222200002 -3.0180833329999928, 106.49897222200002 -3.014861111000016, 106.49677777800002 -3.014861111000016, 106.49677777800002 -3.011666666999986, 106.493833333 -3.011666666999986, 106.493833333 -3.0147777779999956, 106.48825 -3.0147777779999956, 106.48825 -3.0180277779999756, 106.48458333299999 -3.0180277779999756, 106.48458333299999 -3.0094722219999994, 106.48275000000001 -3.0094722219999994, 106.48275000000001 -3.0036944440000184, 106.48641666700001 -3.0036944440000184, 106.48641666700001 -2.998833332999993, 106.50069444399998 -2.998833332999993, 106.50069444399998 -3.000222221999991, 106.509444444 -3.000222221999991, 106.509444444 -2.996638888999996, 106.50475 -2.996638888999996, 106.50475 -2.9945277780000197, 106.49238888899998 -2.9945277780000197, 106.49238888899998 -2.992138888999989, 106.48616666700002 -2.992138888999989, 106.48616666700002 -2.989138889000003, 106.48212222199999 -2.989138889000003, 106.48212222199999 -2.991833332999988, 106.47983333299999 -2.991833332999988, 106.47983333299999 -2.9995555560000184, 106.47438888900001 -2.9995555560000184, 106.47438888900001 -3.0034444440000243, 106.48038333300002 -3.0034444440000243, 106.48038333300002 -3.0053194440000084, 106.47577777800001 -3.0053194440000084, 106.47577777800001 -3.0067305559999795, 106.47763888899999 -3.0067305559999795, 106.47763888899999 -3.011305556000025, 106.475219444 -3.011305556000025, 106.475219444 -3.0123944439999946, 106.47289999999998 -3.0123944439999946, 106.47289999999998 -3.0114638890000265, 106.47121666700002 -3.0114638890000265, 106.47121666700002 -3.0122277780000104, 106.46998611100003 -3.0122277780000104, 106.46998611100003 -3.013458333000017, 106.469030556 -3.013458333000017, 106.469030556 -3.0215833330000237, 106.46674166700001 -3.0215833330000237, 106.46674166700001 -3.0223722220000013, 106.46795555599999 -3.0223722220000013, 106.46795555599999 -3.02318333300002, 106.46949722199997 -3.02318333300002, 106.46949722199997 -3.024883332999991, 106.47023611100002 -3.024883332999991, 106.47023611100002 -3.025658333000024, 106.472188889 -3.025658333000024, 106.472188889 -3.027355555999975, 106.47361388899998 -3.027355555999975, 106.47361388899998 -3.0279611110000246, 106.474558333 -3.0279611110000246, 106.474558333 -3.0286555559999897, 106.47551388900001 -3.0286555559999897, 106.47551388900001 -3.029405555999972, 106.47663888900001 -3.029405555999972, 106.47663888900001 -3.0305416670000227, 106.477388889 -3.0305416670000227, 106.477388889 -3.031499999999994, 106.48041111100002 -3.031499999999994, 106.48041111100002 -3.029433332999986, 106.483502778 -3.029433332999986, 106.483502778 -3.028438888999972, 106.48597222199999 -3.028438888999972, 106.48597222199999 -3.0275722220000034, 106.48996388900002 -3.0275722220000034, 106.48996388900002 -3.027977777999979, 106.492644444 -3.027977777999979, 106.492644444 -3.029497221999975, 106.49692777799999 -3.029497221999975, 106.49692777799999 -3.031569444000013, 106.50155555600003 -3.031569444000013, 106.50155555600003 -3.034119443999998, 106.50480555600001 -3.034119443999998, 106.50480555600001 -3.0368833329999916, 106.50606388900002 -3.0368833329999916, 106.50606388900002 -3.0426499999999805, 106.507302778 -3.0426499999999805, 106.507302778 -3.046316666999985, 106.508336111 -3.046316666999985, 106.508336111 -3.0494638889999806, 106.50961666699999 -3.0494638889999806, 106.50961666699999 -3.0531444439999973, 106.51115833300003 -3.0531444439999973, 106.51115833300003 -3.0574361110000154, 106.512833333 -3.0574361110000154, 106.512833333 -3.0623805559999937, 106.51536666700002 -3.0623805559999937, 106.51536666700002 -3.0693388889999937, 106.51846111100002 -3.0693388889999937, 106.51846111100002 -3.073466666999991, 106.52256111100002 -3.073466666999991, 106.52256111100002 -3.077513888999988, 106.52856111099999 -3.077513888999988, 106.52856111099999 -3.075680556000009, 106.53265555600001 -3.075680556000009, 106.53265555600001 -3.073849999999993, 106.536394444 -3.073849999999993, 106.536394444 -3.071858333000023, 106.54062777799999 -3.071858333000023, 106.54062777799999 -3.070144443999993, 106.54438333299998 -3.070144443999993, 106.54438333299998 -3.068613889000005, 106.54755 -3.068613889000005, 106.54755 -3.0670749999999884, 106.55073333299998 -3.0670749999999884, 106.55073333299998 -3.064975000000004, 106.55533888899998 -3.064975000000004, 106.55533888899998 -3.0628638890000275, 106.55986944400001 -3.0628638890000275, 106.55986944400001 -3.059972221999999, 106.57302499999997 -3.059972221999999, 106.57302499999997 -3.058530555999994, 106.601555556 -3.058530555999994, 106.601555556 -3.0550833330000273, 106.60888888900001 -3.0550833330000273, 106.60888888900001 -3.0586527780000097, 106.61328611099998 -3.0586527780000097, 106.61328611099998 -3.05819444399998, 106.62299999999999 -3.05819444399998, 106.62299999999999 -3.0466111110000043, 106.629472222 -3.0466111110000043, 106.629472222 -3.0519166670000004, 106.63375000000002 -3.0519166670000004, 106.63375000000002 -3.045749999999998, 106.63958333300002 -3.045749999999998, 106.63958333300002 -3.0307222220000085, 106.645638889 -3.0307222220000085, 106.645638889 -3.0495277780000265, 106.657333333 -3.0495277780000265, 106.657333333 -3.025333332999992, 106.66311111099998 -3.025333332999992, 106.66311111099998 -3.0374166670000022, 106.66638888900002 -3.0374166670000022, 106.66638888900002 -3.0470555559999752, 106.67258333299998 -3.0470555559999752, 106.67258333299998 -3.0398611109999933, 106.68011111099997 -3.0398611109999933, 106.68011111099997 -3.0532499999999914, 106.685555556 -3.0532499999999914, 106.685555556 -3.041888889000006, 106.68975 -3.041888889000006, 106.68975 -3.054444444000012, 106.69911111099998 -3.054444444000012, 106.69911111099998 -3.059722222000005, 106.697305556 -3.059722222000005, 106.697305556 -3.0669166669999868, 106.70069444400002 -3.0669166669999868, 106.70069444400002 -3.062388888999976, 106.70333333299999 -3.062388888999976, 106.70333333299999 -3.059361110999987, 106.70736111100001 -3.059361110999987, 106.70736111100001 -3.0538611110000033, 106.71075000000002 -3.0538611110000033, 106.71075000000002 -3.0508055560000003, 106.72055555600002 -3.0508055560000003, 106.72055555600002 -3.042805556000019, 106.73149999999998 -3.042805556000019, 106.73149999999998 -3.0381944439999984, 106.729916667 -3.0381944439999984, 106.729916667 -3.0267222219999894, 106.73291666699998 -3.0267222219999894, 106.73291666699998 -3.021000000000015, 106.73825 -3.021000000000015, 106.73825 -3.0161111109999865, 106.74288888900003 -3.0161111109999865, 106.74288888900003 -3.008555555999976, 106.74063888900002 -3.008555555999976, 106.74063888900002 -3.0067222220000076, 106.69766666700002 -3.0067222220000076, 106.69766666700002 -3.022555555999986, 106.69574999999998 -3.022555555999986, 106.69574999999998 -3.0186111109999842, 106.69213888899998 -3.0186111109999842, 106.69213888899998 -3.0156388890000017, 106.694444444 -3.0156388890000017, 106.694444444 -3.0099166670000272, 106.689722222 -3.0099166670000272, 106.689722222 -3.0140277780000133, 106.68713888899998 -3.0140277780000133, 106.68713888899998 -3.017861111000002, 106.68366666700001 -3.017861111000002, 106.68366666700001 -3.025250000000028, 106.67877777799998 -3.025250000000028, 106.67877777799998 -3.01400000000001, 106.67166666700001 -3.01400000000001, 106.67166666700001 -3.0004444439999816, 106.66766666699999 -3.0004444439999816, 106.66766666699999 -2.9841388890000076, 106.67086111100002 -2.9841388890000076, 106.67086111100002 -2.978749999999991, 106.65563888899999 -2.978749999999991, 106.65563888899999 -2.9942500000000223, 106.65891666700003 -2.9942500000000223, 106.65891666700003 -3.010972222000021, 106.60958333299999 -3.010972222000021, 106.60958333299999 -3.0022222220000003, 106.59447222199998 -3.0022222220000003, 106.59447222199998 -2.9970277780000174, 106.59222222199998 -2.9970277780000174, 106.59222222199998 -2.9929444439999884, 106.58916666699997 -2.9929444439999884, 106.58916666699997 -2.9685555560000125, 106.60370833299999 -2.9685555560000125, 106.60370833299999 -2.9653277780000167, 106.59949722200002 -2.9653277780000167, 106.59949722200002 -2.9613638889999834, 106.59653611099998 -2.9613638889999834, 106.59653611099998 -2.9579944440000077, 106.59373333299999 -2.9579944440000077, 106.59373333299999 -2.9549277780000125, 106.590680556 -2.9549277780000125, 106.590680556 -2.9516944439999975, 106.57466666699997 -2.9516944439999975, 106.57466666699997 -2.9606111109999915, 106.57244444399998 -2.9606111109999915, 106.57244444399998 -2.96550000000002, 106.57549999999998 -2.96550000000002, 106.57549999999998 -2.963583332999974, 106.58338888899999 -2.963583332999974, 106.58338888899999 -2.9678333329999873, 106.577583333 -2.9678333329999873, 106.577583333 -2.976722221999978, 106.566972222 -2.976722221999978, 106.566972222 -2.977833332999978, 106.56494444399999 -2.977833332999978, 106.56494444399999 -2.9712499999999977, 106.56938888899998 -2.9712499999999977, 106.56938888899998 -2.9642222219999894, 106.56630555599997 -2.9642222219999894, 106.56630555599997 -2.96016666700001, 106.568638889 -2.96016666700001, 106.568638889 -2.953583332999983, 106.56313888900002 -2.953583332999983, 106.56313888900002 -2.947638889000018, 106.54780555600001 -2.947638889000018, 106.54780555600001 -2.9446388889999753, 106.55141666700001 -2.9446388889999753, 106.55141666700001 -2.9405555559999925, 106.555277778 -2.9405555559999925, 106.555277778 -2.936416667000003, 106.56536111100002 -2.936416667000003, 106.56536111100002 -2.927472222000006, 106.58338611099998 -2.927472222000006, 106.58338611099998 -2.9069055560000265, 106.574472222 -2.9069055560000265, 106.574472222 -2.89544444400002, 106.55900000000003 -2.89544444400002, 106.55900000000003 -2.859083333000001, 106.5455 -2.859083333000001, 106.5455 -2.817583333000016, 106.53622222199999 -2.817583333000016, 106.53622222199999 -2.793694443999982, 106.532083333 -2.793694443999982, 106.532083333 -2.759388888999979, 106.52413888900003 -2.759388888999979, 106.52413888900003 -2.785972221999998, 106.51627777800002 -2.785972221999998, 106.51627777800002 -2.780277778000027, 106.50597222200003 -2.780277778000027, 106.50597222200003 -2.7906111109999756, 106.51333333299999 -2.7906111109999756, 106.51333333299999 -2.794027777999986, 106.51972222199998 -2.794027777999986, 106.51972222199998 -2.8013333330000023, 106.52530555599998 -2.8013333330000023, 106.52530555599998 -2.8066388889999985, 106.518138889 -2.8066388889999985, 106.518138889 -2.828583332999983, 106.527666667 -2.828583332999983, 106.527666667 -2.859527777999972, 106.50680555600002 -2.859527777999972, 106.50680555600002 -2.851972221999972, 106.492722222 -2.851972221999972, 106.492722222 -2.818444444000022, 106.489388889 -2.818444444000022, 106.489388889 -2.775722222000013, 106.491388889 -2.775722222000013, 106.491388889 -2.7643888889999744, 106.49372222199997 -2.7643888889999744, 106.49372222199997 -2.756611110999984, 106.49683333299998 -2.756611110999984, 106.49683333299998 -2.7468055560000266, 106.49280555600001 -2.7468055560000266, 106.49280555600001 -2.7531944439999734, 106.491361111 -2.7531944439999734, 106.491361111 -2.7564722220000135, 106.48897222199997 -2.7564722220000135, 106.48897222199997 -2.76191666699998, 106.486861111 -2.76191666699998, 106.486861111 -2.7756944440000098, 106.48505555600002 -2.7756944440000098, 106.48505555600002 -2.764722221999989, 106.47986111099999 -2.764722221999989, 106.47986111099999 -2.7513611109999943, 106.48116666700002 -2.7513611109999943, 106.48116666700002 -2.7481111110000143, 106.48252777800002 -2.7481111110000143, 106.48252777800002 -2.745166666999978, 106.48372222199998 -2.745166666999978, 106.48372222199998 -2.741694444000018, 106.48516666699999 -2.741694444000018, 106.48516666699999 -2.7372777780000206, 106.48697222200002 -2.7372777780000206, 106.48697222200002 -2.734416667000005, 106.48816666699997 -2.734416667000005, 106.48816666699997 -2.7266388890000144, 106.49144444400002 -2.7266388890000144, 106.49144444400002 -2.7323333329999855, 106.49683333299998 -2.7323333329999855, 106.49683333299998 -2.726722221999978, 106.49572222199998 -2.726722221999978, 106.49572222199998 -2.7120277779999924, 106.49836111100001 -2.7120277779999924, 106.49836111100001 -2.714027778000002, 106.50119444400002 -2.714027778000002, 106.50119444400002 -2.7183055560000184, 106.50408333299998 -2.7183055560000184, 106.50408333299998 -2.7211666669999772, 106.507222222 -2.7211666669999772, 106.507222222 -2.730583333000027, 106.51474999999999 -2.730583333000027, 106.51474999999999 -2.7346388889999957, 106.522638889 -2.7346388889999957, 106.522638889 -2.742027778000022, 106.53216666700001 -2.742027778000022, 106.53216666700001 -2.747916667000027, 106.53783333299998 -2.747916667000027, 106.543805556 -2.747916667000027, 106.543805556 -2.738749999999982, 106.55200000000002 -2.738749999999982, 106.55200000000002 -2.7283055560000093, 106.565861111 -2.7283055560000093, 106.565861111 -2.7318333329999973, 106.57038888900001 -2.7318333329999973, 106.57038888900001 -2.7358611110000197, 106.58233333300001 -2.7358611110000197, 106.58233333300001 -2.742638888999977, 106.601027778 -2.742638888999977, 106.601027778 -2.752277778000007, 106.61394999999999 -2.752277778000007, 106.61394999999999 -2.742605556000001, 106.61846111099999 -2.742605556000001, 106.61846111099999 -2.7296388890000003, 106.60563888899998 -2.7296388890000003, 106.60563888899998 -2.721416667000028, 106.60091666699998 -2.721416667000028, 106.60091666699998 -2.713583332999974, 106.58880555600001 -2.713583332999974, 106.58880555600001 -2.710416667000004, 106.58472222199998 -2.710416667000004, 106.58472222199998 -2.705972222000014, 106.58380555600002 -2.705972222000014, 106.572277778 -2.705972222000014, 106.572277778 -2.7054444440000225, 106.571944444 -2.7054444440000225, 106.571944444 -2.7049722219999808, 106.570888889 -2.7049722219999808, 106.570888889 -2.703444444000013, 106.570055556 -2.703444444000013, 106.570055556 -2.7022499999999923, 106.56922222200001 -2.7022499999999923, 106.56922222200001 -2.7010833329999855, 106.56830555599998 -2.7010833329999855, 106.56830555599998 -2.699777777999998, 106.56747222199999 -2.699777777999998, 106.56747222199999 -2.698611110999991, 106.56655555600003 -2.698611110999991, 106.56655555600003 -2.697277778, 106.56569444399997 -2.697277778, 106.56569444399997 -2.696055555999976, 106.565 -2.696055555999976, 106.565 -2.695111111000017, 106.56400000000002 -2.695111111000017, 106.56400000000002 -2.6936666670000022, 106.562777778 -2.6936666670000022, 106.562777778 -2.6919444440000007, 106.56241666699998 -2.6919444440000007, 106.56241666699998 -2.6914166669999986, 106.56127777799998 -2.6914166669999986, 106.56127777799998 -2.689777778000007, 106.55977777800001 -2.689777778000007, 106.55977777800001 -2.687638889000027, 106.55786111100002 -2.687638889000027, 106.55786111100002 -2.6849444439999957, 106.55452777800002 -2.6849444439999957, 106.55452777800002 -2.6778888889999735, 106.56877777800003 -2.6778888889999735, 106.56877777800003 -2.6850277780000056, 106.57527777799999 -2.6850277780000056, 106.57527777799999 -2.691250000000025, 106.585111111 -2.691250000000025, 106.585111111 -2.7002499999999827, 106.61241666699999 -2.7002499999999827, 106.61241666699999 -2.7142222219999894, 106.62683333299998 -2.7142222219999894, 106.62683333299998 -2.7087888890000045, 106.633613889 -2.7087888890000045, 106.633613889 -2.6849444439999957, 106.63047222199998 -2.6849444439999957, 106.63047222199998 -2.68319444399998, 106.63047222199998 -2.6747777780000206, 106.60508333299998 -2.6747777780000206, 106.60508333299998 -2.6582500000000095, 106.595166667 -2.6582500000000095, 106.595166667 -2.669638888999998, 106.58411111100003 -2.669638888999998, 106.58411111100003 -2.6433250000000044, 106.58130833299998 -2.6433250000000044, 106.58130833299998 -2.647100000000023, 106.57774999999998 -2.647100000000023, 106.57774999999998 -2.6494638890000033, 106.5711 -2.6494638890000033, 106.5711 -2.6522444440000186, 106.56300833300003 -2.6522444440000186, 106.56300833300003 -2.6551055560000236, 106.55480833299998 -2.6551055560000236, 106.55480833299998 -2.65773333300001, 106.54732777800001 -2.65773333300001, 106.54732777800001 -2.661066667, 106.53807222199998 -2.661066667, 106.53807222199998 -2.658305556000016, 106.534133333 -2.658305556000016, 106.534133333 -2.654583333000005, 106.53046111100002 -2.654583333000005, 106.53046111100002 -2.6524833330000206, 106.52780555599998 -2.6524833330000206, 106.52780555599998 -2.650655556000004, 106.525111111 -2.650655556000004, 106.525111111 -2.6711944439999797, 106.52141666699998 -2.6711944439999797, 106.52141666699998 -2.680000000000007, 106.52016666700001 -2.680000000000007, 106.52016666700001 -2.6831111110000165, 106.51155555600002 -2.6831111110000165, 106.51155555600002 -2.6812777779999806, 106.508083333 -2.6812777779999806, 106.508083333 -2.6869166669999913, 106.506138889 -2.6869166669999913, 106.506138889 -2.692472221999992, 106.499944444 -2.692472221999992, 106.499944444 -2.6865833329999873, 106.49797222199999 -2.6865833329999873, 106.49797222199999 -2.6772222220000117, 106.49577777799999 -2.6772222220000117, 106.49577777799999 -2.671805555999981, 106.49113888900001 -2.671805555999981, 106.49113888900001 -2.6898055560000103, 106.49430555599997 -2.6898055560000103, 106.49430555599997 -2.698805556000025, 106.49061111100002 -2.698805556000025, 106.49061111100002 -2.691750000000013, 106.486333333 -2.691750000000013, 106.486333333 -2.708138888999997, 106.48338888900003 -2.708138888999997, 106.48338888900003 -2.7172222219999753, 106.484944444 -2.7172222219999753, 106.484944444 -2.7224444440000184, 106.48230555599997 -2.7224444440000184, 106.48230555599997 -2.7364444440000284, 106.48075 -2.7364444440000284, 106.48075 -2.738277777999997, 106.47994444400001 -2.738277777999997, 106.47994444400001 -2.7396666669999945, 106.479333333 -2.7396666669999945, 106.479333333 -2.7424722220000035, 106.47808333299997 -2.7424722220000035, 106.47808333299997 -2.7466944440000134, 106.47622222199999 -2.7466944440000134, 106.47622222199999 -2.7500833330000205, 106.472111111 -2.7500833330000205, 106.472111111 -2.748833332999993, 106.469305556 -2.748833332999993, 106.469305556 -2.7475000000000023, 106.466472222 -2.7475000000000023, 106.466472222 -2.7461111110000047, 106.46408333300002 -2.7461111110000047, 106.46408333300002 -2.7431666670000254, 106.46494444400003 -2.7431666670000254, 106.46494444400003 -2.739972222000006, 106.46641666699998 -2.739972222000006, 106.46641666699998 -2.737083332999987, 106.46777777800003 -2.737083332999987, 106.46777777800003 -2.73488888899999, 106.468805556 -2.73488888899999, 106.468805556 -2.732138888999998, 106.47008333299999 -2.732138888999998, 106.47008333299999 -2.730000000000018, 106.47108333300002 -2.730000000000018, 106.47108333300002 -2.728749999999991, 106.47166666700002 -2.728749999999991, 106.47166666700002 -2.7280000000000086, 106.47202777799998 -2.7280000000000086, 106.47202777799998 -2.726833333000002, 106.47258333299999 -2.726833333000002, 106.47258333299999 -2.7254166669999904, 106.473222222 -2.7254166669999904, 106.473222222 -2.723555556000008, 106.47411111100001 -2.723555556000008, 106.47411111100001 -2.7213055560000043, 106.475166667 -2.7213055560000043, 106.475166667 -2.719305555999995, 106.47608333300002 -2.719305555999995, 106.47608333300002 -2.716583333000017, 106.477361111 -2.716583333000017, 106.477361111 -2.712972222000019, 106.47905555599999 -2.712972222000019, 106.47905555599999 -2.7107222220000153, 106.48011111099999 -2.7107222220000153, 106.48011111099999 -2.709583333000012, 106.47838888899997 -2.709583333000012, 106.47838888899997 -2.7063888889999816, 106.47927777799998 -2.7063888889999816, 106.47927777799998 -2.704194443999995, 106.48038888899998 -2.704194443999995, 106.48038888899998 -2.7022499999999923, 106.48138888900002 -2.7022499999999923, 106.48138888900002 -2.6956944440000257, 106.48372222199998 -2.6956944440000257, 106.48372222199998 -2.690027778000001, 106.47947222200003 -2.690027778000001, 106.47947222200003 -2.6939722220000135, 106.47719444400002 -2.6939722220000135, 106.47719444400002 -2.701999999999998, 106.473805556 -2.701999999999998, 106.473805556 -2.706916666999973, 106.470138889 -2.706916666999973, 106.470138889 -2.717444444000023, 106.46586111099998 -2.717444444000023, 106.46586111099998 -2.731333333000009, 106.462638889 -2.731333333000009, 106.462638889 -2.738416667000024, 106.45947222199999 -2.738416667000024, 106.45947222199999 -2.7155555560000266, 106.461777778 -2.7155555560000266, 106.461777778 -2.707083333000014, 106.46480555599999 -2.707083333000014, 106.46480555599999 -2.6945277780000083, 106.46841666699999 -2.6945277780000083, 106.46841666699999 -2.665388888999985, 106.45555555599998 -2.665388888999985, 106.45555555599998 -2.6315555560000234), (106.53611111100003 -2.7040555560000143, 106.531 -2.7040555560000143, 106.531 -2.701388888999986, 106.52697222199998 -2.701388888999986, 106.52697222199998 -2.6958888890000026, 106.52227777799999 -2.6958888890000026, 106.52227777799999 -2.6946388889999753, 106.52055555599998 -2.6946388889999753, 106.52055555599998 -2.688555555999983, 106.52333333299998 -2.688555555999983, 106.52333333299998 -2.6865555559999734, 106.52724999999998 -2.6865555559999734, 106.52724999999998 -2.67780555600001, 106.53674999999998 -2.67780555600001, 106.53674999999998 -2.681472222000025, 106.543 -2.681472222000025, 106.543 -2.6838055559999816, 106.55227777800002 -2.6838055559999816, 106.55227777800002 -2.6858888890000117, 106.55322222199999 -2.6858888890000117, 106.55322222199999 -2.6871944439999993, 106.553861111 -2.6871944439999993, 106.553861111 -2.688055555999995, 106.55461111099999 -2.688055555999995, 106.55461111099999 -2.689083332999985, 106.55541666699997 -2.689083332999985, 106.55541666699997 -2.690166667000028, 106.55641666700001 -2.690166667000028, 106.55641666700001 -2.691500000000019, 106.55775 -2.691500000000019, 106.55775 -2.693333332999998, 106.55950000000001 -2.693333332999998, 106.55950000000001 -2.6956944440000257, 106.56130555599998 -2.6956944440000257, 106.56130555599998 -2.698138889000006, 106.563583333 -2.698138889000006, 106.563583333 -2.7012222220000126, 106.565861111 -2.7012222220000126, 106.565861111 -2.7043055560000084, 106.56788888900002 -2.7043055560000084, 106.56788888900002 -2.707083333000014, 106.57036111100001 -2.707083333000014, 106.57036111100001 -2.710416667000004, 106.57269444399998 -2.710416667000004, 106.57269444399998 -2.713583332999974, 106.57519444399998 -2.713583332999974, 106.57519444399998 -2.7169722219999812, 106.58380555600002 -2.7169722219999812, 106.58380555600002 -2.7216111110000156, 106.58863888899998 -2.7216111110000156, 106.58863888899998 -2.7248333329999923, 106.577305556 -2.7248333329999923, 106.577305556 -2.7216666670000222, 106.570833333 -2.7216666670000222, 106.570833333 -2.7183055560000184, 106.56522222199999 -2.7183055560000184, 106.56522222199999 -2.7146944439999743, 106.55683333299999 -2.7146944439999743, 106.55683333299999 -2.7103611109999974, 106.549361111 -2.7103611109999974, 106.549361111 -2.7119722219999858, 106.53938888900001 -2.7119722219999858, 106.53938888900001 -2.7074722219999785, 106.53611111100003 -2.7074722219999785, 106.53611111100003 -2.7040555560000143), (106.50536111100001 -2.710416667000004, 106.51291666700001 -2.710416667000004, 106.51291666700001 -2.707638889000009, 106.51627777800002 -2.707638889000009, 106.51627777800002 -2.7054444440000225, 106.52563888899999 -2.7054444440000225, 106.52563888899999 -2.7089444439999966, 106.52955555599999 -2.7089444439999966, 106.52955555599999 -2.7160277780000115, 106.53783333299998 -2.7160277780000115, 106.53783333299998 -2.7294444440000234, 106.52350000000001 -2.7294444440000234, 106.52350000000001 -2.7265277779999906, 106.51749999999998 -2.7265277779999906, 106.51749999999998 -2.7223055559999807, 106.513416667 -2.7223055559999807, 106.513416667 -2.7173888890000057, 106.508416667 -2.7173888890000057, 106.508416667 -2.714027778000002, 106.50536111100001 -2.714027778000002, 106.50536111100001 -2.710416667000004)), ((106.65241666700001 -2.658194444000003, 106.64613888899999 -2.658194444000003, 106.64613888899999 -2.668444443999988, 106.65016666700001 -2.668444443999988, 106.65016666700001 -2.6758888890000208, 106.644805556 -2.6758888890000208, 106.644805556 -2.68319444399998, 106.64883333300003 -2.68319444399998, 106.64883333300003 -2.68128055599999, 106.65007777800002 -2.68128055599999, 106.65007777800002 -2.6789666669999974, 106.65135833300002 -2.6789666669999974, 106.65135833300002 -2.6769388889999846, 106.65265833299998 -2.6769388889999846, 106.65265833299998 -2.6752944439999737, 106.65370555599998 -2.6752944439999737, 106.65370555599998 -2.6732972219999738, 106.65480277799998 -2.6732972219999738, 106.65480277799998 -2.6714972220000277, 106.655841667 -2.6714972220000277, 106.655841667 -2.669516666999982, 106.65719444400003 -2.669516666999982, 106.65719444400003 -2.664333333000002, 106.65241666700001 -2.664333333000002, 106.65241666700001 -2.658194444000003)))",AKTIF,19.0,"04,03",2.0,11.0
3744.0,SUMATERA,GUBERNUR,,KEPULAUAN BANGKA BELITUNG,,4-12 MIL LAUT,,,IUP,PT,MITRA SUKSES GLOBALINDO,2119002112014107,188.44/111/DPE/2012,2012-01-27,2031-12-19,OPERASI PRODUKSI,1397.0,TIMAH DMP,CNC-1, ,BLOK RAMBAT A.1,NO. 33 (4 MIL S.D 12 MIL DARI GARIS PANTAI) KEP. BANGKA BELITUNG (LAUT TANJUNG CEBIA),"POLYGON ((105.24472200000002 -1.7624999999999886, 105.24472200000002 -1.7894440000000031, 105.28666700000002 -1.7894440000000031, 105.28666700000002 -1.7624999999999886, 105.24472200000002 -1.7624999999999886))",AKTIF,19.0,00,2.0,11.0
3837.0,SUMATERA,GUBERNUR,,KEPULAUAN BANGKA BELITUNG,,BELITUNG,,,IUP,PT,BUMI HERO PERKASA,3119022112014104,188.4/441/ESDM/DPMPTSP/2019,2019-08-11,2029-08-11,OPERASI PRODUKSI,138.2,PASIR TIMAH,CNC-6, , ,"DESA BANTAN, KEC.MEMBALONG. KAB.BELITUNG","POLYGON ((107.65261238900001 -2.897691473000009, 107.64298611100003 -2.897694444000024, 107.64298611100003 -2.9018111109999722, 107.640147222 -2.9018111109999722, 107.640147222 -2.902836110999999, 107.63822466800002 -2.9028314820000105, 107.63822499999998 -2.9058972220000214, 107.63970555600002 -2.9058972220000214, 107.63970555600002 -2.907711111000026, 107.640230556 -2.907711111000026, 107.640230556 -2.9061555559999874, 107.64306111100001 -2.9061555559999874, 107.64306111100001 -2.909463888999994, 107.64415555599999 -2.909463888999994, 107.64415555599999 -2.906749999999988, 107.64484722200001 -2.906749999999988, 107.64484722200001 -2.905574999999999, 107.64755277799998 -2.905574999999999, 107.64755277799998 -2.9062000000000126, 107.64840833300002 -2.9062000000000126, 107.64840833300002 -2.9070111109999743, 107.64953333300002 -2.9070111109999743, 107.64953333300002 -2.9098111110000104, 107.64994444400003 -2.9098111110000104, 107.64994028299998 -2.908181171000024, 107.65200833300003 -2.908183333000011, 107.65200833300003 -2.9097666669999853, 107.65261388900001 -2.9097666669999853, 107.65261238900001 -2.897691473000009))",AKTIF,19.0,02,2.0,11.0
3850.0,SUMATERA,MENTERI,,KEPULAUAN BANGKA BELITUNG,,KAB. BANGKA SELATAN,,,IUP,PT,TIMAH TBK,3119032112014041,81201098819560137                                                                                   ,2025-05-06,2035-06-12,OPERASI PRODUKSI,199.85,TIMAH,CNC-17,,,PERMIS,"POLYGON ((105.84227222200002 -2.5579027780000274, 105.84227222200002 -2.5703694439999936, 105.85043611100002 -2.5703694439999936, 105.85043611100002 -2.5666194440000254, 105.857322222 -2.5666194440000254, 105.857322222 -2.5579027780000274, 105.84227222200002 -2.5579027780000274))",AKTIF,19.0,03,2.0,11.0
3867.0,SUMATERA,MENTERI,,KEPULAUAN BANGKA BELITUNG,,KAB. BANGKA SELATAN,,,IUP,PT,TIMAH TBK,3119032112014006,81201098819560114                                                                                   ,2024-10-01,2035-07-20,OPERASI PRODUKSI,10660.0,TIMAH,CNC-17,,,AIR GEGAS,"POLYGON ((106.26359722199999 -2.6803305560000013, 106.26359722199999 -2.692672221999999, 106.27011944399999 -2.692672221999999, 106.27011944399999 -2.6945611109999845, 106.27818611100002 -2.6945611109999845, 106.27818611100002 -2.7005833329999973, 106.28102777800001 -2.7005833329999973, 106.28102777800001 -2.703619444000026, 106.28333055600001 -2.703619444000026, 106.28333055600001 -2.743880556000022, 106.279186111 -2.743880556000022, 106.279186111 -2.7546500000000265, 106.27663611100002 -2.7546500000000265, 106.27663611100002 -2.7621388890000276, 106.27156388899999 -2.7621388890000276, 106.27156388899999 -2.7677555559999973, 106.26638333300002 -2.7677555559999973, 106.26638333300002 -2.7638583329999733, 106.26900833299999 -2.7638583329999733, 106.26900833299999 -2.756044443999997, 106.273127778 -2.756044443999997, 106.273127778 -2.7235055560000205, 106.23448611100002 -2.7235055560000205, 106.23448611100002 -2.7190749999999753, 106.24245277799997 -2.7190749999999753, 106.24245277799997 -2.708891666999989, 106.236677778 -2.708891666999989, 106.236677778 -2.7029138890000013, 106.2353 -2.7029138890000013, 106.2353 -2.700347222000005, 106.24040000000002 -2.700347222000005, 106.24040000000002 -2.696666666999988, 106.231425 -2.696666666999988, 106.231425 -2.7045888889999787, 106.23260555600001 -2.7045888889999787, 106.23260555600001 -2.7112527780000164, 106.235736111 -2.7112527780000164, 106.235736111 -2.7150083330000143, 106.22493888899999 -2.7150083330000143, 106.22493888899999 -2.7331194440000104, 106.26083888900001 -2.7331194440000104, 106.26083888900001 -2.7457527779999964, 106.26664166699999 -2.7457527779999964, 106.26664166699999 -2.7516499999999837, 106.26483333300001 -2.7516499999999837, 106.26483333300001 -2.756119443999978, 106.258386111 -2.756119443999978, 106.258386111 -2.7532472220000273, 106.24902500000002 -2.7532472220000273, 106.24902500000002 -2.759277778000012, 106.255663889 -2.759277778000012, 106.255663889 -2.76191666699998, 106.259883333 -2.76191666699998, 106.259883333 -2.7726499999999987, 106.25606388900002 -2.7726499999999987, 106.25606388900002 -2.7867499999999836, 106.24921388899998 -2.7867499999999836, 106.24921388899998 -2.7994638889999806, 106.24427500000002 -2.7994638889999806, 106.24427500000002 -2.7868138889999727, 106.23955277800002 -2.7868138889999727, 106.23955277800002 -2.791138889000024, 106.23542777799997 -2.791138889000024, 106.23542777799997 -2.80249444399999, 106.23919444400002 -2.80249444399999, 106.23919444400002 -2.820455556000013, 106.233263889 -2.820455556000013, 106.233263889 -2.8268416669999965, 106.22477777799998 -2.8268416669999965, 106.22477777799998 -2.786963888999992, 106.21534166700002 -2.786963888999992, 106.21534166700002 -2.7788249999999834, 106.21064722199998 -2.7788249999999834, 106.21064722199998 -2.7707777780000242, 106.20258055599999 -2.7707777780000242, 106.20258055599999 -2.7882583329999875, 106.20979722200002 -2.7882583329999875, 106.20979722200002 -2.8101166669999884, 106.20080555599998 -2.8101166669999884, 106.20080555599998 -2.7954055559999915, 106.19204444399998 -2.7954055559999915, 106.19204444399998 -2.8079027780000274, 106.18766111100001 -2.8079027780000274, 106.18766111100001 -2.7755111110000144, 106.17754166700001 -2.7755111110000144, 106.17754166700001 -2.759377777999987, 106.19041666700002 -2.759377777999987, 106.19041666700002 -2.7506944439999756, 106.20591944400002 -2.7506944439999756, 106.20591944400002 -2.742444444, 106.21594722200001 -2.742444444, 106.21594722200001 -2.736208332999979, 106.20096388899998 -2.736208332999979, 106.20096388899998 -2.739955555999984, 106.17585000000003 -2.739955555999984, 106.17585000000003 -2.749813888999995, 106.16338333300001 -2.749813888999995, 106.16338333300001 -2.7995305559999792, 106.16864166699997 -2.7995305559999792, 106.16864166699997 -2.8524527779999858, 106.20835833299998 -2.8524527779999858, 106.20835833299998 -2.8592027779999967, 106.23789722200002 -2.8592027779999967, 106.23789722200002 -2.832813889000022, 106.24987222200002 -2.832813889000022, 106.24987222200002 -2.8082972220000215, 106.25242500000002 -2.8082972220000215, 106.25242500000002 -2.802391666999995, 106.26370833300001 -2.802391666999995, 106.26370833300001 -2.7830749999999966, 106.27044999999998 -2.7830749999999966, 106.27044999999998 -2.7728555560000245, 106.27858611099998 -2.7728555560000245, 106.27858611099998 -2.7655111110000234, 106.28273055599999 -2.7655111110000234, 106.28273055599999 -2.754658333000009, 106.28540833300002 -2.754658333000009, 106.28540833300002 -2.7487444440000104, 106.28984722199999 -2.7487444440000104, 106.28984722199999 -2.7235305560000143, 106.29854999999998 -2.7235305560000143, 106.29854999999998 -2.720841667000002, 106.309944444 -2.720841667000002, 106.309944444 -2.70150000000001, 106.30303333299997 -2.70150000000001, 106.30303333299997 -2.6933444439999903, 106.29820555600003 -2.6933444439999903, 106.29820555600003 -2.7015833329999737, 106.28966944400003 -2.7015833329999737, 106.28966944400003 -2.700119443999995, 106.28674722199997 -2.700119443999995, 106.28674722199997 -2.6974611109999955, 106.28542222200002 -2.6974611109999955, 106.28542222200002 -2.6803305560000013, 106.26359722199999 -2.6803305560000013))",AKTIF,19.0,03,2.0,11.0
3916.0,SUMATERA,MENTERI,,KEPULAUAN BANGKA BELITUNG,,KAB. BANGKA SELATAN,,,IUP,PT,TIMAH TBK,3119032112014037,81201098819560188                                                                                   ,2024-11-17,2035-07-20,OPERASI PRODUKSI,272.9,TIMAH,CNC-14,,,TOBOALI,"POLYGON ((106.71366388899997 -3.0861555559999942, 106.71366388899997 -3.083652777999987, 106.71693333299999 -3.083652777999987, 106.71693333299999 -3.081322221999983, 106.72402499999998 -3.081322221999983, 106.72402499999998 -3.075550000000021, 106.71591388899998 -3.075550000000021, 106.71591388899998 -3.071938889000023, 106.71051666699998 -3.071938889000023, 106.71051666699998 -3.0764611110000146, 106.707819444 -3.0764611110000146, 106.707819444 -3.073977778000028, 106.70062222199999 -3.073977778000028, 106.70062222199999 -3.080308333000005, 106.70377500000001 -3.080308333000005, 106.70377500000001 -3.0837000000000216, 106.70062777800001 -3.0837000000000216, 106.70062777800001 -3.085544443999993, 106.70392222200002 -3.085544443999993, 106.70392222200002 -3.085922222000022, 106.705375 -3.085922222000022, 106.705375 -3.0861555559999942, 106.71366388899997 -3.0861555559999942))",AKTIF,19.0,03,2.0,11.0
3919.0,SUMATERA,MENTERI,,KEPULAUAN BANGKA BELITUNG,,KAB. BANGKA SELATAN,,,IUP,PT,TIMAH TBK,3119032112014056,81201098819560191                                                                                   ,2025-04-30,2035-07-20,OPERASI PRODUKSI,3155.0,TIMAH,CNC-2,,,KEC.TOBOALI,"POLYGON ((106.55365833299999 -2.7494138889999817, 106.55365833299999 -2.758905556000002, 106.56468888900002 -2.758905556000002, 106.56468888900002 -2.7833249999999907, 106.55591666700002 -2.7833249999999907, 106.55591666700002 -2.774961110999982, 106.54984999999999 -2.774961110999982, 106.54984999999999 -2.7851388889999953, 106.54198611100003 -2.7851388889999953, 106.54198611100003 -2.8018638890000034, 106.55278333299998 -2.8018638890000034, 106.55278333299998 -2.8140694439999834, 106.557961111 -2.8140694439999834, 106.557961111 -2.8298861110000075, 106.57594722200002 -2.8298861110000075, 106.57594722200002 -2.7903249999999957, 106.60109999999997 -2.7903249999999957, 106.60109999999997 -2.75821111099998, 106.573216667 -2.75821111099998, 106.573216667 -2.7494138889999817, 106.55365833299999 -2.7494138889999817))",AKTIF,19.0,03,2.0,11.0
3927.0,SUMATERA,MENTERI,,KEPULAUAN BANGKA BELITUNG,,KAB. BANGKA SELATAN,,,IUP,PT,TIMAH TBK,3119032112014032,81201098819560099                                                                                   ,2025-03-03,2035-07-20,OPERASI PRODUKSI,5199.0,TIMAH,CNC-16,,,"DESA AIR BARA, RANGGAS, PAKU DAN PAYUNG","POLYGON ((106.18044444399999 -2.5853888890000007, 106.18044444399999 -2.5859166669999922, 106.17919444400002 -2.5859166669999922, 106.17919444400002 -2.587722222000025, 106.17847222199998 -2.587722222000025, 106.17847222199998 -2.5889999999999986, 106.17766666699998 -2.5889999999999986, 106.17766666699998 -2.590250000000026, 106.176666667 -2.590250000000026, 106.176666667 -2.591694443999984, 106.17613888900001 -2.591694443999984, 106.17613888900001 -2.5934166669999854, 106.17558333300002 -2.5934166669999854, 106.17558333300002 -2.5944166670000186, 106.17488888899999 -2.5944166670000186, 106.17488888899999 -2.595333332999985, 106.17397222199997 -2.595333332999985, 106.17397222199997 -2.5960555560000103, 106.17308333300002 -2.5960555560000103, 106.17308333300002 -2.597138889000007, 106.17397222199997 -2.597138889000007, 106.17397222199997 -2.5976666669999986, 106.17452777800003 -2.5976666669999986, 106.17452777800003 -2.5985000000000014, 106.17649999999998 -2.5985000000000014, 106.17649999999998 -2.600388888999987, 106.17847222199998 -2.600388888999987, 106.17847222199998 -2.6011944439999866, 106.17947222200002 -2.6011944439999866, 106.17947222200002 -2.6041944439999725, 106.18063888900002 -2.6041944439999725, 106.18063888900002 -2.605916666999974, 106.181611111 -2.605916666999974, 106.181611111 -2.60663888900001, 106.18269444399999 -2.60663888900001, 106.18269444399999 -2.606888889000004, 106.18422222200002 -2.606888889000004, 106.18422222200002 -2.6074166669999954, 106.187472222 -2.6074166669999954, 106.187472222 -2.6084444439999857, 106.19061111100001 -2.6084444439999857, 106.19061111100001 -2.609055555999987, 106.191694444 -2.609055555999987, 106.191694444 -2.610527778000005, 106.19 -2.610527778000005, 106.19 -2.60988888899999, 106.187472222 -2.60988888899999, 106.187472222 -2.609444444000019, 106.18586111100001 -2.609444444000019, 106.18586111100001 -2.6125000000000114, 106.25070555600001 -2.612305556000024, 106.25070555600001 -2.6218749999999886, 106.286383333 -2.6218749999999886, 106.286383333 -2.612472222000008, 106.313361111 -2.612472222000008, 106.313361111 -2.5943888890000153, 106.304388889 -2.5943888890000153, 106.304388889 -2.589888889000008, 106.29988888899999 -2.589888889000008, 106.29988888899999 -2.571777778000012, 106.29088888899997 -2.571777778000012, 106.29088888899997 -2.5708888890000026, 106.28280555600003 -2.5708888890000026, 106.28280555600003 -2.5763055560000225, 106.27738888900001 -2.5763055560000225, 106.27738888900001 -2.5853611109999974, 106.272888889 -2.5853611109999974, 106.272888889 -2.5799444439999775, 106.268416667 -2.5799444439999775, 106.268416667 -2.5781388890000017, 106.264805556 -2.5781388890000017, 106.264805556 -2.5799444439999775, 106.26299999999998 -2.5799444439999775, 106.26299999999998 -2.5835555560000216, 106.26122222200001 -2.5835555560000216, 106.26122222200001 -2.5853888890000007, 106.18044444399999 -2.5853888890000007))",AKTIF,19.0,03,2.0,11.0
3943.0,SUMATERA,BUPATI,,KEPULAUAN BANGKA BELITUNG,,KAB. BELITUNG,,,IUP,PT,BELITUNG INDUSTRI SEJAHTERA,3119022112014116,188.44/1165.J/DPE/2016,2016-10-25,2036-10-25,OPERASI PRODUKSI,179.8,Timah,CNC-14,,,DESA BANTAN KEC. MEMBALONG KAB. BELITUNG,"POLYGON ((107.74312500000002 -2.9166060000000016, 107.74311111100002 -2.916646281999988, 107.74311111100002 -2.9175277780000215, 107.742807175 -2.9175277780000215, 107.74255555600001 -2.9175277780000215, 107.74255555600001 -2.918257541999992, 107.74255555600001 -2.91927777799998, 107.74220378199999 -2.91927777799998, 107.74177777800003 -2.91927777799998, 107.74177777800003 -2.920513303000007, 107.74177777800003 -2.9216944440000248, 107.74222222200001 -2.9216944440000248, 107.74222222200001 -2.9223611109999865, 107.74263888899998 -2.9223611109999865, 107.74263888899998 -2.923249999999996, 107.74308333300002 -2.923249999999996, 107.74308333300002 -2.9241944440000225, 107.74352777799999 -2.9241944440000225, 107.74352777799999 -2.9251111109999783, 107.74402777799997 -2.9251111109999783, 107.74402777799997 -2.9262222219999785, 107.74430555599997 -2.9262222219999785, 107.74430555599997 -2.926888888999997, 107.74402777799997 -2.926888888999997, 107.74402777799997 -2.9276944439999966, 107.74369444400003 -2.9276944439999966, 107.74369444400003 -2.928944444000024, 107.74327777799999 -2.928944444000024, 107.74327777799999 -2.9304444439999884, 107.74286111100002 -2.9304444439999884, 107.74286111100002 -2.931111111000007, 107.742444444 -2.931111111000007, 107.742444444 -2.9306944439999825, 107.74152777799998 -2.9306944439999825, 107.74152777799998 -2.9301944439999943, 107.74041666699998 -2.9301944439999943, 107.74041666699998 -2.9295000000000186, 107.739111111 -2.9295000000000186, 107.739111111 -2.9288611110000033, 107.73791666699998 -2.9288611110000033, 107.73791666699998 -2.928305555999998, 107.73700000000002 -2.928305555999998, 107.73700000000002 -2.923249999999996, 107.73517650000002 -2.923249999999996, 107.72949999999997 -2.923249999999996, 107.72949999999997 -2.9263055559999884, 107.729784693 -2.9263055559999884, 107.73036111099998 -2.9263055559999884, 107.73036111099998 -2.926835591999975, 107.73036111099998 -2.9274166669999886, 107.730993034 -2.9274166669999886, 107.73191666700001 -2.9274166669999886, 107.73191666700001 -2.928265978000013, 107.73191666700001 -2.9287499999999795, 107.73244304399998 -2.9287499999999795, 107.73325 -2.9287499999999795, 107.73325 -2.9294920219999767, 107.73325 -2.930111110999974, 107.73392326499999 -2.930111110999974, 107.734944444 -2.930111110999974, 107.734944444 -2.9310501179999733, 107.734944444 -2.9316388889999985, 107.73558473999998 -2.9316388889999985, 107.73641666700001 -2.9316388889999985, 107.73641666700001 -2.9324038710000195, 107.73641666700001 -2.9331111110000165, 107.73718579899997 -2.9331111110000165, 107.738 -2.9331111110000165, 107.738 -2.9338597930000105, 107.738 -2.934138888999996, 107.73830352099998 -2.934138888999996, 107.738833333 -2.934138888999996, 107.738833333 -2.934626066000021, 107.738833333 -2.9350833330000228, 107.739330618 -2.9350833330000228, 107.74002777800001 -2.9350833330000228, 107.74002777800001 -2.935724391000008, 107.74002777800001 -2.936194444000023, 107.74053896800001 -2.936194444000023, 107.74122222199998 -2.936194444000023, 107.74122222199998 -2.9368227150000052, 107.74122222199998 -2.937111110999979, 107.74153585800002 -2.937111110999979, 107.74263244399998 -2.937111110999979, 107.74458333299998 -2.937111110999979, 107.74458333299998 -2.937053488999993, 107.74458333299998 -2.9360555559999852, 107.744893736 -2.9360555559999852, 107.74505555600001 -2.9360555559999852, 107.74505555600001 -2.9355353130000026, 107.74505555600001 -2.933749999999975, 107.74561086900002 -2.933749999999975, 107.74586111100001 -2.933749999999975, 107.74586111100001 -2.9329454769999757, 107.74586111100001 -2.9323888889999807, 107.74603423500002 -2.9323888889999807, 107.74644444400002 -2.9323888889999807, 107.74644444400002 -2.931070076000026, 107.74644444400002 -2.929638888999989, 107.74688960700001 -2.929638888999989, 107.74716666699999 -2.929638888999989, 107.74716666699999 -2.9287481470000216, 107.74716666699999 -2.9287210670000263, 107.74716666699999 -2.9279999999999973, 107.74677951199999 -2.9279999999999973, 107.74644444400002 -2.9279999999999973, 107.74644444400002 -2.9273759430000155, 107.74644444400002 -2.923749999999984, 107.74547222199999 -2.923749999999984, 107.74547222199999 -2.924111111000002, 107.744691499 -2.924111111000002, 107.74425000000002 -2.924111111000002, 107.74425000000002 -2.9226111109999806, 107.74480518299998 -2.9226111109999806, 107.74536111100002 -2.9226111109999806, 107.74536111100002 -2.9219137599999954, 107.74536111100002 -2.9211666670000227, 107.74595669399997 -2.9211666670000227, 107.74650000000003 -2.9211666670000227, 107.74650000000003 -2.9204851480000116, 107.74650000000003 -2.919777778000025, 107.74706391500001 -2.919777778000025, 107.74755555600001 -2.919777778000025, 107.74755555600001 -2.9191610670000046, 107.74755555600001 -2.918444443999988, 107.748126845 -2.918444443999988, 107.748611111 -2.918444443999988, 107.748611111 -2.9178369840000187, 107.748611111 -2.917222222000021, 107.74910119700002 -2.917222222000021, 107.749610991 -2.917222222000021, 107.74960600000003 -2.9165889999999877, 107.74312500000002 -2.9166060000000016))",AKTIF,19.0,02,2.0,11.0
3950.0,SUMATERA,GUBERNUR,,KEPULAUAN BANGKA BELITUNG,,KAB. BELITUNG,,,IUP,PT,BELITUNG INDUSTRI SEJAHTERA,3119022112014091,188.4/302/ESDM/DPMPTSP/2018,2018-07-23,2028-07-02,OPERASI PRODUKSI,174.0,Timah,CNC-14,,,DESA LASSAR KEC. MEMBALONG KAB. BELITUNG,"POLYGON ((107.626261 -2.9721329999999853, 107.64558333299999 -2.9720860329999823, 107.64558333299999 -2.971777777999989, 107.64578296100001 -2.971777777999989, 107.646194444 -2.971777777999989, 107.646194444 -2.971095762999994, 107.646194444 -2.970416666999995, 107.64660416499999 -2.970416666999995, 107.64697222199999 -2.970416666999995, 107.64697222199999 -2.9698066290000042, 107.64697222199999 -2.9692777779999915, 107.647291295 -2.9692777779999915, 107.647638889 -2.9692777779999915, 107.647638889 -2.968701655000018, 107.647638889 -2.968250000000012, 107.64791138700002 -2.968250000000012, 107.64825000000002 -2.968250000000012, 107.64825000000002 -2.9676111109999965, 107.64748004400002 -2.9676111109999965, 107.64711111100002 -2.9676111109999965, 107.64711111100002 -2.9674553159999846, 107.64711111100002 -2.967166667000015, 107.64642756900002 -2.967166667000015, 107.64502777799999 -2.967166667000015, 107.64502777799999 -2.9665755560000093, 107.64502777799999 -2.966305556000009, 107.64438840000003 -2.966305556000009, 107.64305555599998 -2.966305556000009, 107.64305555599998 -2.965742714999976, 107.64305555599998 -2.965388888999996, 107.64221767200002 -2.965388888999996, 107.64108333299998 -2.965388888999996, 107.64108333299998 -2.964999999999975, 107.62625000000003 -2.964999999999975, 107.626244133 -2.9650033899999926, 107.626261 -2.9721329999999853))",AKTIF,19.0,02,2.0,11.0
3954.0,SUMATERA,GUBERNUR,,KEPULAUAN BANGKA BELITUNG,,BELITUNG,,,IUP,PT,BABEL INTI PERKASA,3119022112014059,188.4/421/ESDM/DPMPTSP/2019,2019-01-07,2027-01-07,OPERASI PRODUKSI,48.7,TIMAH,CNC-1, , ,DESA BULUH TUMBANG KEC. TANJUNGPANDAN KAB. BELITUNG,"POLYGON ((107.70069444400002 -2.7715833330000237, 107.700866437 -2.7715833330000237, 107.70113888899999 -2.7715833330000237, 107.70113888899999 -2.7723611110000093, 107.70113934099999 -2.7723779930000205, 107.706342 -2.7723669999999743, 107.70632799999998 -2.7669970000000035, 107.69597499999998 -2.767021999999997, 107.69598100000002 -2.7688719999999876, 107.69994400000002 -2.7688640000000078, 107.69994444399998 -2.768865310000024, 107.69994444399998 -2.7692499999999995, 107.70007493700001 -2.7692499999999995, 107.70027777799999 -2.7692499999999995, 107.70027777799999 -2.769847973000026, 107.70027777799999 -2.770388889000003, 107.70046126400001 -2.770388889000003, 107.70069444400002 -2.770388889000003, 107.70069444400002 -2.7710763009999937, 107.70069444400002 -2.7715833330000237))",AKTIF,19.0,02,2.0,11.0
3982.0,SUMATERA,MENTERI,,KEPULAUAN BANGKA BELITUNG,,KAB. BANGKA,,,IUP,PT,BERKAT BERJAYA SEJAHTERA,3119012112014018,11042200497860002                                                                                   ,2022-12-27,2032-12-27,OPERASI PRODUKSI,35.0,TIMAH,CNC-14,,,"DESA AIR ANYIR, KEC. MERAWANG, KAB. BANGKA","POLYGON ((106.114969444 -2.013538889000017, 106.114969444 -2.0167000000000144, 106.12396111100003 -2.0167000000000144, 106.12396111100003 -2.013538889000017, 106.114969444 -2.013538889000017))",AKTIF,19.0,01,2.0,11.0
4011.0,SUMATERA,GUBERNUR,,KEPULAUAN BANGKA BELITUNG,,BANGKA,,,IUP,PT,SUMBER ALAM TIMAH JAYA,3119012112014108,188.4/286/ESDM/DPMPTSP/2018,2018-06-22,2028-08-08,OPERASI PRODUKSI,32.5,TIMAH,CNC-14, ,19010110OP082,"KEL. BUKIT KETOK, KEC. BELINY*","POLYGON ((105.79560600000002 -1.5888219999999933, 105.79560800000002 -1.5957859999999755, 105.79830600000003 -1.5957859999999755, 105.79830299999998 -1.5930720000000065, 105.80010299999998 -1.5930720000000065, 105.80009999999999 -1.5888190000000009, 105.79560600000002 -1.5888219999999933))",AKTIF,19.0,01,2.0,11.0
4254.0,SUMATERA,MENTERI,,KEPULAUAN BANGKA BELITUNG,,KAB. BANGKA BARAT,,,IUP,PT,TIMAH TBK,3119052112014135,81201098819560194                                                                                   ,2025-05-27,2035-07-20,OPERASI PRODUKSI,1049.0,TIMAH,CNC-2,,,JEBUS,"POLYGON ((105.417866667 -1.619519443999991, 105.417866667 -1.6205027780000023, 105.41500555599998 -1.6205027780000023, 105.41500555599998 -1.6214277779999975, 105.41208888900002 -1.6214277779999975, 105.41208888900002 -1.6254305560000262, 105.41682500000002 -1.6254305560000262, 105.41682500000002 -1.6217888890000154, 105.42017777799998 -1.6217888890000154, 105.42017777799998 -1.625063888999989, 105.42342777800002 -1.625063888999989, 105.42342777800002 -1.6296888890000218, 105.43306111099997 -1.6296888890000218, 105.43306111099997 -1.6330166669999926, 105.435555556 -1.6330166669999926, 105.435555556 -1.639063888999999, 105.42772777800002 -1.639063888999999, 105.42772777800002 -1.6443888890000267, 105.42485833299997 -1.6443888890000267, 105.42485833299997 -1.6501888889999918, 105.433027778 -1.6501888889999918, 105.433027778 -1.6480833329999882, 105.435752778 -1.6480833329999882, 105.435752778 -1.6433722219999822, 105.43851388899998 -1.6433722219999822, 105.43851388899998 -1.6399916670000039, 105.44170000000003 -1.6399916670000039, 105.44170000000003 -1.6480666670000232, 105.443611111 -1.6480666670000232, 105.443611111 -1.6564694439999812, 105.44654722199999 -1.6564694439999812, 105.44654722199999 -1.6644638889999896, 105.45196944399999 -1.6644638889999896, 105.45196944399999 -1.650088889000017, 105.45016666700002 -1.650088889000017, 105.45016666700002 -1.6440000000000055, 105.44769722199999 -1.6440000000000055, 105.44769722199999 -1.6389722220000067, 105.446269444 -1.6389722220000067, 105.446269444 -1.6328777780000223, 105.45090833299997 -1.6328777780000223, 105.45090833299997 -1.6310333330000049, 105.45232499999997 -1.6310333330000049, 105.45232499999997 -1.6434055560000047, 105.455402778 -1.6434055560000047, 105.455402778 -1.6481999999999744, 105.46248888899999 -1.6481999999999744, 105.46248888899999 -1.6408944440000255, 105.45720555600002 -1.6408944440000255, 105.45720555600002 -1.6329444439999747, 105.46406388899999 -1.6329444439999747, 105.46406388899999 -1.6346111110000265, 105.470283333 -1.6346111110000265, 105.470283333 -1.629419444000007, 105.46508888900001 -1.629419444000007, 105.46508888900001 -1.6273361109999769, 105.45523333300002 -1.6273361109999769, 105.45523333300002 -1.6242222220000144, 105.44706388899999 -1.6242222220000144, 105.44706388899999 -1.6273055560000103, 105.44012500000002 -1.6273055560000103, 105.44012500000002 -1.6255222219999723, 105.43701666700002 -1.6255222219999723, 105.43701666700002 -1.6226250000000277, 105.43065555599998 -1.6226250000000277, 105.43065555599998 -1.6200472219999824, 105.42616388900001 -1.6200472219999824, 105.42616388900001 -1.6177999999999884, 105.42202777799997 -1.6177999999999884, 105.42202777799997 -1.619519443999991, 105.417866667 -1.619519443999991))",AKTIF,19.0,05,2.0,11.0
4257.0,SUMATERA,MENTERI,,KEPULAUAN BANGKA BELITUNG,,KAB. BANGKA BARAT,,,IUP,PT,TIMAH TBK,3119052112014019,81201098819560105                                                                                   ,2025-05-06,2035-07-20,OPERASI PRODUKSI,3800.0,TIMAH,CNC-3,,,SIMPANG TERITIP,"POLYGON ((105.273708333 -1.9159166669999763, 105.26741944399998 -1.9159194439999965, 105.26741944399998 -1.9180499999999938, 105.27018055600001 -1.9180499999999938, 105.27018055600001 -1.9251388889999816, 105.27451111099998 -1.9251388889999816, 105.27451111099998 -1.9320111110000084, 105.28428888899998 -1.9320111110000084, 105.28428888899998 -1.9370305560000247, 105.288330556 -1.9370305560000247, 105.288330556 -1.9425194440000269, 105.284161111 -1.9425194440000269, 105.284161111 -1.9460805560000267, 105.28151111099999 -1.9460805560000267, 105.28151111099999 -1.9609388889999764, 105.27988055600002 -1.9609388889999764, 105.27988055600002 -1.965511111000012, 105.27811944400003 -1.965511111000012, 105.27811944400003 -1.968080556000018, 105.27811944400003 -1.9811000000000263, 105.27653055600001 -1.9811000000000263, 105.27653055600001 -1.9904111110000144, 105.26960000000003 -1.9904111110000144, 105.26960000000003 -1.9924888890000148, 105.26603888900001 -1.9924888890000148, 105.26603888900001 -1.9975305560000152, 105.262861111 -1.9975305560000152, 105.262861111 -2.000588889000028, 105.26748055600001 -2.000588889000028, 105.26748055600001 -1.9977888889999917, 105.26985000000002 -1.9977888889999917, 105.26985000000002 -1.9951611110000158, 105.27693055600002 -1.9951611110000158, 105.27693055600002 -2.0062305559999913, 105.26928055600001 -2.0062305559999913, 105.26928055600001 -2.0095888889999856, 105.27488888900001 -2.0095888889999856, 105.27488888900001 -2.0154111109999917, 105.281330556 -2.0154111109999917, 105.281330556 -2.009900000000016, 105.28556111099999 -2.009900000000016, 105.28556111099999 -2.0013888889999976, 105.28971111099997 -2.0013888889999976, 105.28971111099997 -2.014219443999991, 105.29536944400002 -2.014219443999991, 105.29536944400002 -2.0073305559999994, 105.298038889 -2.0073305559999994, 105.298038889 -2.012619443999995, 105.30033888899999 -2.012619443999995, 105.30033888899999 -2.014530556000011, 105.308730556 -2.014530556000011, 105.308730556 -2.010400000000004, 105.312011111 -2.010400000000004, 105.312011111 -2.0046111109999742, 105.30829999999997 -2.0046111109999742, 105.30829999999997 -2.000150000000019, 105.31513888900002 -2.000150000000019, 105.31513888900002 -2.0060888890000115, 105.32418055599999 -2.0060888890000115, 105.32418055599999 -1.997611111000026, 105.32248055600002 -1.997611111000026, 105.32248055600002 -1.978680555999972, 105.321138889 -1.978680555999972, 105.321138889 -1.9695111109999743, 105.325861111 -1.9695111109999743, 105.325861111 -1.9713388889999806, 105.32956944400001 -1.9713388889999806, 105.32956944400001 -1.9733694440000136, 105.33153055600002 -1.9733694440000136, 105.33153055600002 -1.9751694440000165, 105.333788889 -1.9751694440000165, 105.333788889 -1.9852388890000157, 105.3401 -1.9852388890000157, 105.3401 -1.9748805560000164, 105.34521111100003 -1.9748805560000164, 105.34521111100003 -1.9716194439999981, 105.34861944400001 -1.9716194439999981, 105.34861944400001 -1.969319444000007, 105.35143055600003 -1.969319444000007, 105.35143055600003 -1.9653111110000054, 105.35523888900002 -1.9653111110000054, 105.35523888900002 -1.959730556000011, 105.35693055600001 -1.959730556000011, 105.35693055600001 -1.9565805560000058, 105.36271111100001 -1.9565805560000058, 105.36271111100001 -1.9517111110000087, 105.35553055600002 -1.9517111110000087, 105.35553055600002 -1.9542999999999893, 105.35163888900001 -1.9542999999999893, 105.35163888900001 -1.959938889, 105.34996111100003 -1.959938889, 105.34996111100003 -1.9645611110000232, 105.345919444 -1.9645611110000232, 105.345919444 -1.9666500000000156, 105.34306944399998 -1.9666500000000156, 105.34306944399998 -1.9529694440000185, 105.346530556 -1.9529694440000185, 105.346530556 -1.9505388889999722, 105.35036944400002 -1.9505388889999722, 105.35036944400002 -1.94588055600002, 105.341288889 -1.94588055600002, 105.341288889 -1.957311111000024, 105.33895000000001 -1.957311111000024, 105.33895000000001 -1.9668194440000093, 105.33681111099997 -1.9668194440000093, 105.33681111099997 -1.9693388890000278, 105.33331944399998 -1.9693388890000278, 105.33331944399998 -1.9671388890000117, 105.32724999999999 -1.9671388890000117, 105.32724999999999 -1.9650500000000193, 105.32458888899998 -1.9650500000000193, 105.32458888899998 -1.9636305559999983, 105.32100000000003 -1.9636305559999983, 105.32100000000003 -1.958500000000015, 105.3143 -1.958500000000015, 105.3143 -1.954038889000003, 105.31063055599998 -1.954038889000003, 105.31063055599998 -1.950288888999978, 105.30441944400002 -1.950288888999978, 105.30441944400002 -1.945361111000011, 105.29883055599998 -1.945361111000011, 105.29883055599998 -1.9390888890000042, 105.294111111 -1.9390888890000042, 105.294111111 -1.933499999999981, 105.2892 -1.933499999999981, 105.2892 -1.922788889000003, 105.27768888899999 -1.922788889000003, 105.27768888899999 -1.9166000000000167, 105.273708333 -1.9166000000000167, 105.273708333 -1.9159166669999763), (105.299269444 -1.9587694439999837, 105.30916111099998 -1.9587694439999837, 105.30916111099998 -1.9633000000000038, 105.315438889 -1.9633000000000038, 105.315438889 -1.971430555999973, 105.31361944399998 -1.971430555999973, 105.31361944399998 -1.978680555999972, 105.300619444 -1.978680555999972, 105.300619444 -1.9709805559999722, 105.299269444 -1.9709805559999722, 105.299269444 -1.9587694439999837), (105.285311111 -1.968080556000018, 105.28893888900001 -1.968080556000018, 105.28893888900001 -1.9474611109999955, 105.29298055599997 -1.9474611109999955, 105.29298055599997 -1.9628305559999717, 105.29073055600003 -1.9628305559999717, 105.29073055600003 -1.971430555999973, 105.292969444 -1.971430555999973, 105.292969444 -1.9868000000000166, 105.28848055600002 -1.9868000000000166, 105.28848055600002 -1.976850000000013, 105.285311111 -1.976850000000013, 105.285311111 -1.968080556000018))",AKTIF,19.0,05,2.0,11.0
4258.0,SUMATERA,MENTERI,,KEPULAUAN BANGKA BELITUNG,,KAB. BANGKA BARAT,,,IUP,PT,TIMAH TBK,3119052112014147,81201098819560098                                                                                   ,2024-08-09,2035-07-20,OPERASI PRODUKSI,2655.0,TIMAH,CNC-14,,,SIMPANG TERITIP,"POLYGON ((105.38890277799999 -1.8677000000000135, 105.38890277799999 -1.8751250000000255, 105.391802778 -1.8751250000000255, 105.391802778 -1.882705556000019, 105.38828611100001 -1.882705556000019, 105.38828611100001 -1.886980556000026, 105.39330000000001 -1.886980556000026, 105.39330000000001 -1.8930055559999914, 105.39047499999998 -1.8930055559999914, 105.39047499999998 -1.8967388890000052, 105.38753333300002 -1.8967388890000052, 105.38753333300002 -1.900275000000022, 105.396752778 -1.900275000000022, 105.396752778 -1.9098111110000104, 105.39816111099998 -1.9098111110000104, 105.39816111099998 -1.9147388889999775, 105.39701111099998 -1.9147388889999775, 105.39701111099998 -1.9192583330000161, 105.39454999999998 -1.9192583330000161, 105.39454999999998 -1.9218722219999904, 105.39389722200002 -1.9218722219999904, 105.39389722200002 -1.934000000000026, 105.38456388899999 -1.934000000000026, 105.38456388899999 -1.9356138890000238, 105.38196388900002 -1.9356138890000238, 105.38196388900002 -1.9374027779999778, 105.36183888900001 -1.9374027779999778, 105.36183888900001 -1.9356694439999842, 105.35331111099998 -1.9356694439999842, 105.35331111099998 -1.9397166670000274, 105.356822222 -1.9397166670000274, 105.356822222 -1.9410916670000233, 105.36253055600002 -1.9410916670000233, 105.36253055600002 -1.941827778000004, 105.369602778 -1.941827778000004, 105.369602778 -1.9426000000000272, 105.381072222 -1.9426000000000272, 105.381072222 -1.941319443999987, 105.38522499999999 -1.941319443999987, 105.38522499999999 -1.9508805560000155, 105.38211111099997 -1.9508805560000155, 105.38211111099997 -1.9568472220000217, 105.378891667 -1.9568472220000217, 105.378891667 -1.9641638890000195, 105.37219166699998 -1.9641638890000195, 105.37219166699998 -1.9697027779999985, 105.37883333299999 -1.9697027779999985, 105.37883333299999 -1.9734861109999997, 105.37328611100003 -1.9734861109999997, 105.37328611100003 -1.9775000000000205, 105.38266666700002 -1.9775000000000205, 105.38266666700002 -1.9710000000000036, 105.386138889 -1.9710000000000036, 105.386138889 -1.9570666669999923, 105.38797777799999 -1.9570666669999923, 105.38797777799999 -1.9526638890000072, 105.39159444400002 -1.9526638890000072, 105.39159444400002 -1.9649, 105.39681944400002 -1.9649, 105.39681944400002 -1.9491388889999826, 105.39529722200001 -1.9491388889999826, 105.39529722200001 -1.9410166669999853, 105.39840277799999 -1.9410166669999853, 105.39840277799999 -1.9263333330000023, 105.401472222 -1.9263333330000023, 105.401472222 -1.9190444440000078, 105.40786666700001 -1.9190444440000078, 105.40786666700001 -1.9217861110000172, 105.41269166699999 -1.9217861110000172, 105.41269166699999 -1.9267083330000219, 105.40999166699999 -1.9267083330000219, 105.40999166699999 -1.9335083330000202, 105.414636111 -1.9335083330000202, 105.414636111 -1.9298194439999747, 105.41911388900002 -1.9298194439999747, 105.41911388900002 -1.9340083330000084, 105.42062222200002 -1.9340083330000084, 105.42062222200002 -1.938449999999989, 105.4176 -1.938449999999989, 105.4176 -1.9435666670000273, 105.41329444399997 -1.9435666670000273, 105.41329444399997 -1.9487666669999726, 105.41464166700001 -1.9487666669999726, 105.41464166700001 -1.9592388890000052, 105.41918611099999 -1.9592388890000052, 105.41918611099999 -1.9487500000000182, 105.424069444 -1.9487500000000182, 105.424069444 -1.9407972220000147, 105.42726388900002 -1.9407972220000147, 105.42726388900002 -1.9334777779999968, 105.423436111 -1.9334777779999968, 105.423436111 -1.9251027779999959, 105.41908055599998 -1.9251027779999959, 105.41908055599998 -1.9175666670000169, 105.41537222199997 -1.9175666670000169, 105.41537222199997 -1.9106499999999755, 105.41135555599999 -1.9106499999999755, 105.41135555599999 -1.9081694440000092, 105.40794166699999 -1.9081694440000092, 105.40794166699999 -1.9053555560000177, 105.41280555600002 -1.9053555560000177, 105.41280555600002 -1.9076444440000273, 105.41661388900002 -1.9076444440000273, 105.41661388900002 -1.9104416669999864, 105.42111666699998 -1.9104416669999864, 105.42111666699998 -1.9127750000000106, 105.42668055600001 -1.9127750000000106, 105.42668055600001 -1.9092055560000176, 105.43519166700003 -1.9092055560000176, 105.43519166700003 -1.8747444439999867, 105.431069444 -1.8747444439999867, 105.431069444 -1.8700138890000062, 105.41883055599999 -1.8700138890000062, 105.41883055599999 -1.8743861109999784, 105.425975 -1.8743861109999784, 105.425975 -1.8849250000000097, 105.42297777800002 -1.8849250000000097, 105.42297777800002 -1.8934249999999793, 105.42781111099998 -1.8934249999999793, 105.42781111099998 -1.8891472220000196, 105.43056111099997 -1.8891472220000196, 105.43056111099997 -1.8997305560000086, 105.424572222 -1.8997305560000086, 105.424572222 -1.9024944440000127, 105.416411111 -1.9024944440000127, 105.416411111 -1.8997611109999752, 105.401077778 -1.8997611109999752, 105.401077778 -1.895750000000021, 105.407163889 -1.895750000000021, 105.407163889 -1.8909388889999832, 105.39853055600003 -1.8909388889999832, 105.39853055600003 -1.8886583330000235, 105.39720555600002 -1.8886583330000235, 105.39720555600002 -1.8859333330000254, 105.39828888900001 -1.8859333330000254, 105.39828888900001 -1.873002778, 105.39514722199999 -1.873002778, 105.39514722199999 -1.8677000000000135, 105.38890277799999 -1.8677000000000135))",AKTIF,19.0,05,2.0,11.0
4259.0,SUMATERA,MENTERI,,KEPULAUAN BANGKA BELITUNG,,KAB. BANGKA BARAT,,,IUP,PT,TIMAH TBK,3119052112014132,81201098819560141                                                                                   ,2024-08-05,2035-07-20,OPERASI PRODUKSI,908.94,TIMAH,CNC-3,,,SIMPANG TERITIP,"POLYGON ((105.29637777800002 -2.022974999999974, 105.302391667 -2.022974999999974, 105.302391667 -2.0281777779999857, 105.30823055600001 -2.0281777779999857, 105.30823055600001 -2.0320222220000232, 105.30283611099998 -2.0320222220000232, 105.30283611099998 -2.0340555559999984, 105.308227778 -2.0340555559999984, 105.308227778 -2.0442305560000023, 105.305977778 -2.0442305560000023, 105.305977778 -2.037899999999979, 105.30126111099997 -2.037899999999979, 105.30126111099997 -2.0340555559999984, 105.30036388899998 -2.0340555559999984, 105.30036388899998 -2.0286277779999864, 105.29519722200001 -2.0286277779999864, 105.29519722200001 -2.0243305559999953, 105.28958055599998 -2.0243305559999953, 105.28958055599998 -2.028622222000024, 105.285536111 -2.028622222000024, 105.285536111 -2.032013888999984, 105.28957777800002 -2.032013888999984, 105.28957777800002 -2.033597222000026, 105.29497222200001 -2.033597222000026, 105.29497222200001 -2.0421916669999973, 105.30103333300002 -2.0421916669999973, 105.30103333300002 -2.0492027779999944, 105.30844722199998 -2.0492027779999944, 105.30844722199998 -2.0614138889999936, 105.311588889 -2.0614138889999936, 105.311588889 -2.078824999999995, 105.32102500000002 -2.078824999999995, 105.32102500000002 -2.0609666670000024, 105.315858333 -2.0609666670000024, 105.315858333 -2.057799999999986, 105.313836111 -2.057799999999986, 105.313836111 -2.0460416669999972, 105.31654444399999 -2.0460416669999972, 105.31654444399999 -2.032024999999976, 105.314072222 -2.032024999999976, 105.314072222 -2.0198166669999864, 105.29637777800002 -2.0198166669999864, 105.29637777800002 -2.022974999999974))",AKTIF,19.0,05,2.0,11.0
4260.0,SUMATERA,MENTERI,,KEPULAUAN BANGKA BELITUNG,,KAB. BANGKA BARAT,,,IUP,PT,TIMAH TBK,3119052112014074,81201098819560139                                                                                   ,2025-02-19,2035-07-20,OPERASI PRODUKSI,4753.0,TIMAH,CNC-3,,,S. MANCUNG / MANCUNG-P.BERAS,"POLYGON ((105.548263889 -1.89900555600002, 105.53913055599998 -1.89900555600002, 105.53913055599998 -1.9024583330000269, 105.54369722199999 -1.9024583330000269, 105.54369722199999 -1.9089722219999885, 105.536755556 -1.9089722219999885, 105.536755556 -1.9124611110000274, 105.55518055599998 -1.9124611110000274, 105.55518055599998 -1.9210305560000052, 105.548886111 -1.9210305560000052, 105.548886111 -1.9161888890000114, 105.54377499999998 -1.9161888890000114, 105.54377499999998 -1.9239749999999844, 105.56029999999998 -1.9239749999999844, 105.56029999999998 -1.9270888890000037, 105.57382777800001 -1.9270888890000037, 105.57382777800001 -1.9310722220000116, 105.577266667 -1.9310722220000116, 105.577266667 -1.9349166669999818, 105.58187777799998 -1.9349166669999818, 105.58187777799998 -1.9386805560000084, 105.58515833299998 -1.9386805560000084, 105.58515833299998 -1.9441361109999775, 105.58958888900003 -1.9441361109999775, 105.58958888900003 -1.9626055560000282, 105.57963055599998 -1.9626055560000282, 105.57963055599998 -1.9546944439999834, 105.56991944399999 -1.9546944439999834, 105.56991944399999 -1.951319443999978, 105.56207222199998 -1.951319443999978, 105.56207222199998 -1.9636638889999745, 105.55028333299998 -1.9636638889999745, 105.55028333299998 -1.9421166669999934, 105.547244444 -1.9421166669999934, 105.547244444 -1.9318694439999717, 105.53843055599998 -1.9318694439999717, 105.53843055599998 -1.9361111110000024, 105.54199722200002 -1.9361111110000024, 105.54199722200002 -1.9420972219999726, 105.53831111099998 -1.9420972219999726, 105.53831111099998 -1.9389666669999883, 105.53600277800001 -1.9389666669999883, 105.53600277800001 -1.9274722220000058, 105.533047222 -1.9274722220000058, 105.533047222 -1.9208972220000078, 105.52708055599999 -1.9208972220000078, 105.52708055599999 -1.9280749999999784, 105.52361944400002 -1.9280749999999784, 105.52361944400002 -1.9366222219999827, 105.53086944400002 -1.9366222219999827, 105.53086944400002 -1.9461999999999762, 105.53653888899998 -1.9461999999999762, 105.53653888899998 -1.9499555560000204, 105.54130277799999 -1.9499555560000204, 105.54130277799999 -1.9636416669999903, 105.52486944399999 -1.9636416669999903, 105.52486944399999 -1.9552305560000036, 105.52190000000002 -1.9552305560000036, 105.52190000000002 -1.932497221999995, 105.51746111099999 -1.932497221999995, 105.51746111099999 -1.9296694440000124, 105.502766667 -1.9296694440000124, 105.502766667 -1.9342222220000167, 105.51693055599998 -1.9342222220000167, 105.51693055599998 -1.9457694440000068, 105.514394444 -1.9457694440000068, 105.514394444 -1.9408583329999942, 105.51019444399998 -1.9408583329999942, 105.51019444399998 -1.9373833330000139, 105.50035555599999 -1.9373833330000139, 105.50035555599999 -1.941116667000017, 105.50686944400002 -1.941116667000017, 105.50686944400002 -1.9458500000000072, 105.51061666700002 -1.9458500000000072, 105.51061666700002 -1.948447222000027, 105.50333611100001 -1.948447222000027, 105.50333611100001 -1.9526138890000198, 105.510452778 -1.9526138890000198, 105.510452778 -1.9557888890000186, 105.51633333299998 -1.9557888890000186, 105.51633333299998 -1.9736277779999796, 105.55966666699999 -1.9736277779999796, 105.55966666699999 -1.969280556000001, 105.61121666700001 -1.969280556000001, 105.61121666700001 -1.9554166670000086, 105.61538055599999 -1.9554166670000086, 105.61538055599999 -1.915975000000003, 105.59032777800002 -1.915975000000003, 105.59032777800002 -1.9277222219999999, 105.58333055600002 -1.9277222219999999, 105.58333055600002 -1.9096694439999737, 105.578325 -1.9096694439999737, 105.578325 -1.92039444400001, 105.57466388900002 -1.92039444400001, 105.57466388900002 -1.9139277780000157, 105.56923611100001 -1.9139277780000157, 105.56923611100001 -1.9093805559999737, 105.55245000000002 -1.9093805559999737, 105.55245000000002 -1.896069443999977, 105.548263889 -1.896069443999977, 105.548263889 -1.89900555600002))",AKTIF,19.0,05,2.0,11.0
4261.0,SUMATERA,MENTERI,,KEPULAUAN BANGKA BELITUNG,,"KAB. BANGKA BARAT,KAB. BANGKA",,,IUP,PT,TIMAH TBK,3119052112014075,81201098819560101                                                                                   ,2025-03-24,2035-07-20,OPERASI PRODUKSI,4156.78,TIMAH,CNC-3,,,TEMPILANG (KAB. BANGKA BARAT) DAN KELAPA (KAB. BANGKA),"POLYGON ((105.58861388899999 -2.0694500000000176, 105.61423888899998 -2.0694500000000176, 105.61423888899998 -2.0652166670000156, 105.62168333300002 -2.0652166670000156, 105.62168333300002 -2.075102777999973, 105.62716388899997 -2.075102777999973, 105.62716388899997 -2.0834611110000196, 105.63198055599997 -2.0834611110000196, 105.63198055599997 -2.093291667000017, 105.64625277800002 -2.093291667000017, 105.64625277800002 -2.104797222000002, 105.64114444400002 -2.104797222000002, 105.64114444400002 -2.1183416669999815, 105.66200277799999 -2.1183416669999815, 105.66200277799999 -2.107947222000007, 105.65722499999998 -2.107947222000007, 105.65722499999998 -2.1001694440000165, 105.66173888899999 -2.1001694440000165, 105.66173888899999 -2.0882611110000084, 105.655866667 -2.0882611110000084, 105.655866667 -2.086208333000002, 105.657822222 -2.086208333000002, 105.657822222 -2.0829749999999763, 105.65235000000001 -2.0829749999999763, 105.65235000000001 -2.076891666999984, 105.66615000000002 -2.076891666999984, 105.66615000000002 -2.0830166669999812, 105.67208888900001 -2.0830166669999812, 105.67208888900001 -2.091625000000022, 105.674613889 -2.091625000000022, 105.674613889 -2.103952778000007, 105.68372777799999 -2.103952778000007, 105.68372777799999 -2.1104916670000193, 105.68881388900002 -2.1104916670000193, 105.68881388900002 -2.1016777780000098, 105.69836944399998 -2.1016777780000098, 105.69836944399998 -2.1051055560000123, 105.70948055600002 -2.1051055560000123, 105.70948055600002 -2.1108055560000025, 105.717255556 -2.1108055560000025, 105.717255556 -2.101980556000001, 105.71457777799998 -2.101980556000001, 105.71457777799998 -2.0975666670000237, 105.74488888899998 -2.0975666670000237, 105.74488888899998 -2.0882027779999817, 105.72674999999998 -2.0882027779999817, 105.72674999999998 -2.0920333330000176, 105.70992222199999 -2.0920333330000176, 105.70992222199999 -2.0828333329999964, 105.70425277800001 -2.0828333329999964, 105.70425277800001 -2.078025000000025, 105.70049444400001 -2.078025000000025, 105.70049444400001 -2.073741666999979, 105.68986388899998 -2.073741666999979, 105.68986388899998 -2.066633333000027, 105.63379166700003 -2.066633333000027, 105.63379166700003 -2.0610777780000262, 105.62290555599998 -2.0610777780000262, 105.62290555599998 -2.057124999999985, 105.59973611100003 -2.057124999999985, 105.59973611100003 -2.0605361109999762, 105.58861388899999 -2.0605361109999762, 105.58861388899999 -2.0694500000000176))",AKTIF,19.0,"05,01",2.0,11.0
4262.0,SUMATERA,MENTERI,,KEPULAUAN BANGKA BELITUNG,,KAB. BANGKA BARAT,,,IUP,PT,TIMAH TBK,3119052112014076,81201098819560231                                                                                   ,2025-02-28,2035-07-20,OPERASI PRODUKSI,15050.0,TIMAH,CNC-3,,,LAUT KEBIANG-PENGANAK-JEBU KEC. JEBUS,"POLYGON ((105.39178333299998 -1.5791944439999952, 105.34705277799998 -1.5791944439999952, 105.34705277799998 -1.6060972220000167, 105.324552778 -1.6060972220000167, 105.324552778 -1.696869444000015, 105.334619444 -1.696869444000015, 105.334619444 -1.6946500000000242, 105.34194722199999 -1.6946500000000242, 105.34194722199999 -1.6933055559999843, 105.34505555599998 -1.6933055559999843, 105.34505555599998 -1.6919527779999726, 105.34798055599998 -1.6919527779999726, 105.34798055599998 -1.6883527780000236, 105.34980277800003 -1.6883527780000236, 105.34980277800003 -1.686038888999974, 105.358661111 -1.686038888999974, 105.358661111 -1.6842416669999807, 105.35997777799997 -1.6842416669999807, 105.35997777799997 -1.6833194440000057, 105.360736111 -1.6833194440000057, 105.360736111 -1.6819055560000038, 105.36210277800001 -1.6819055560000038, 105.36210277800001 -1.6776916669999764, 105.35906388900003 -1.6776916669999764, 105.35906388900003 -1.6733722220000118, 105.34685000000002 -1.6733722220000118, 105.34685000000002 -1.672072221999997, 105.34228611100002 -1.672072221999997, 105.34228611100002 -1.6674222220000274, 105.34043888899998 -1.6674222220000274, 105.34043888899998 -1.6609833329999901, 105.34362499999997 -1.6609833329999901, 105.34362499999997 -1.6467777780000006, 105.348963889 -1.6467777780000006, 105.348963889 -1.648202777999984, 105.354030556 -1.648202777999984, 105.354030556 -1.6515361109999844, 105.363197222 -1.6515361109999844, 105.363197222 -1.648527778000016, 105.36774166700002 -1.648527778000016, 105.36774166700002 -1.6436611109999717, 105.37978611099999 -1.6436611109999717, 105.37978611099999 -1.6404555560000063, 105.3852 -1.6404555560000063, 105.3852 -1.6350388889999863, 105.38998055600001 -1.6350388889999863, 105.38998055600001 -1.6286916669999982, 105.392594444 -1.6286916669999982, 105.392594444 -1.6096972220000225, 105.39050277799998 -1.6096972220000225, 105.39050277799998 -1.6061000000000263, 105.39547777799999 -1.6061000000000263, 105.39547777799999 -1.608980556000006, 105.41011944399997 -1.608980556000006, 105.41322777800002 -1.608980556000006, 105.41322777800002 -1.6082222219999949, 105.41532222199999 -1.6082222219999949, 105.41532222199999 -1.6076833330000113, 105.418647222 -1.6076833330000113, 105.418647222 -1.6071111109999947, 105.42093888900001 -1.6071111109999947, 105.42093888900001 -1.6064777779999986, 105.42196388899998 -1.6064777779999986, 105.42196388899998 -1.6039166670000213, 105.42545000000001 -1.6039166670000213, 105.42545000000001 -1.6000138890000244, 105.42848055600001 -1.6000138890000244, 105.42848055600001 -1.5967388889999938, 105.435277778 -1.5967388889999938, 105.435277778 -1.589544444000012, 105.442936111 -1.589544444000012, 105.442936111 -1.5832694439999955, 105.449219444 -1.5832694439999955, 105.449219444 -1.577588889000026, 105.454316667 -1.577588889000026, 105.454316667 -1.5753083330000095, 105.45683333300002 -1.5753083330000095, 105.45683333300002 -1.571155556000008, 105.45616666699999 -1.571155556000008, 105.45616666699999 -1.5651416669999776, 105.46048888899998 -1.5651416669999776, 105.46048888899998 -1.5645166670000208, 105.46947499999999 -1.5645166670000208, 105.46947499999999 -1.5620611109999913, 105.47293888899998 -1.5620611109999913, 105.47293888899998 -1.563600000000008, 105.47960833299999 -1.563600000000008, 105.47960833299999 -1.5653500000000236, 105.493980556 -1.5653500000000236, 105.493980556 -1.5626138889999766, 105.498002778 -1.5626138889999766, 105.498002778 -1.5613611109999965, 105.500169444 -1.5613611109999965, 105.500169444 -1.5621583330000135, 105.50174166699998 -1.5621583330000135, 105.50174166699998 -1.5642416669999761, 105.506338889 -1.5642416669999761, 105.506338889 -1.5652972220000265, 105.51031111100002 -1.5652972220000265, 105.51031111100002 -1.5657805559999929, 105.52496944400002 -1.5657805559999929, 105.52496944400002 -1.5269722219999835, 105.52421388900001 -1.5269722219999835, 105.52421388900001 -1.5270027779999964, 105.41669722199998 -1.5270027779999964, 105.41669722199998 -1.5269722219999835, 105.39178333299998 -1.5269722219999835, 105.39178333299998 -1.5791944439999952))",AKTIF,19.0,05,2.0,11.0
4962.0,SUMATERA,MENTERI,,KEPULAUAN BANGKA BELITUNG,,KAB. BELITUNG,,,IUP,PT,TIMAH TBK,3119022112014062,81201098819560104                                                                                   ,2025-06-24,2036-07-20,OPERASI PRODUKSI,3590.0,TIMAH,CNC-2,,,MEMBALONG,"POLYGON ((107.66868888900001 -2.8765333329999976, 107.66868888900001 -2.882402778000028, 107.65968611099998 -2.882402778000028, 107.65968611099998 -2.890088889000026, 107.65336944400002 -2.890088889000026, 107.65336944400002 -2.921747222000022, 107.66146944399998 -2.921747222000022, 107.66146944399998 -2.926266666999993, 107.66775000000001 -2.926266666999993, 107.66775000000001 -2.9433916670000144, 107.67555833300003 -2.9433916670000144, 107.67555833300003 -2.9723972219999837, 107.684827778 -2.9723972219999837, 107.684827778 -2.966066667000007, 107.69022222199999 -2.966066667000007, 107.69022222199999 -2.970602778, 107.70552222200001 -2.970602778, 107.70552222200001 -2.9371305559999996, 107.69384722199999 -2.9371305559999996, 107.69384722199999 -2.9226666669999872, 107.70014444399999 -2.9226666669999872, 107.70014444399999 -2.924477777999982, 107.70913333300001 -2.924477777999982, 107.70913333300001 -2.932619444000011, 107.713630556 -2.932619444000011, 107.713630556 -2.9407583330000193, 107.71798055599999 -2.9407583330000193, 107.71798055599999 -2.9221388889999957, 107.733886111 -2.9221388889999957, 107.733886111 -2.9064083330000017, 107.732802778 -2.9064083330000017, 107.732802778 -2.9074888889999784, 107.730802778 -2.9074888889999784, 107.730802778 -2.909208332999981, 107.72713333299998 -2.909208332999981, 107.72713333299998 -2.912725000000023, 107.71453888899998 -2.912725000000023, 107.71453888899998 -2.9154472220000116, 107.71012777800001 -2.9154472220000116, 107.71012777800001 -2.9199944439999967, 107.70548611100003 -2.9199944439999967, 107.70548611100003 -2.91520277799998, 107.69205555600001 -2.91520277799998, 107.69205555600001 -2.917227777999983, 107.67226388900002 -2.917227777999983, 107.67226388900002 -2.914058333000014, 107.667772222 -2.914058333000014, 107.667772222 -2.9118055559999902, 107.673169444 -2.9118055559999902, 107.673169444 -2.901397222000014, 107.66418333299998 -2.901397222000014, 107.66418333299998 -2.8946416669999735, 107.67317777800002 -2.8946416669999735, 107.67317777800002 -2.8864861110000106, 107.690277778 -2.8864861110000106, 107.690277778 -2.8765333329999976, 107.66868888900001 -2.8765333329999976))",AKTIF,19.0,02,2.0,11.0
4963.0,SUMATERA,MENTERI,,KEPULAUAN BANGKA BELITUNG,,KAB. BELITUNG,,,IUP,PT,TIMAH TBK,3119022112014037,81201098819560161                                                                                   ,2025-05-06,2036-07-20,OPERASI PRODUKSI,1307.0,TIMAH,CNC-2,,,MEMBALONG,"POLYGON ((107.66560833300002 -3.1052027779999776, 107.66560833300002 -3.1155444440000224, 107.67073333299999 -3.1155444440000224, 107.67073333299999 -3.1243166670000164, 107.66584722200002 -3.1243166670000164, 107.66584722200002 -3.146036111000001, 107.69553888899998 -3.146036111000001, 107.69553888899998 -3.1397999999999797, 107.69527499999998 -3.1397999999999797, 107.69527499999998 -3.1391833330000054, 107.69456111099998 -3.1391833330000054, 107.69456111099998 -3.136863888999983, 107.69554722200002 -3.136863888999983, 107.69554722200002 -3.1309888889999797, 107.694116667 -3.1309888889999797, 107.694116667 -3.1307277779999936, 107.69074722200003 -3.1307277779999936, 107.69074722200003 -3.1275833330000182, 107.69118888899999 -3.1275833330000182, 107.69118888899999 -3.1259305560000143, 107.69308055599998 -3.1259305560000143, 107.69308055599998 -3.125797222000017, 107.69609722199999 -3.125797222000017, 107.69609722199999 -3.123841667000022, 107.69650277800002 -3.123841667000022, 107.69650277800002 -3.1229527780000126, 107.69779999999997 -3.1229527780000126, 107.69779999999997 -3.1220972219999794, 107.698138889 -3.1220972219999794, 107.698138889 -3.1214611109999737, 107.69639444400002 -3.1214611109999737, 107.69639444400002 -3.1202444439999795, 107.69088333299999 -3.1202444439999795, 107.69088333299999 -3.1166583329999753, 107.69080277799998 -3.1166583329999753, 107.69080277799998 -3.116516666999985, 107.690280556 -3.116516666999985, 107.690280556 -3.11559444400001, 107.689830556 -3.11559444400001, 107.689830556 -3.1147305559999836, 107.68941944400001 -3.1147305559999836, 107.68941944400001 -3.114186110999981, 107.689113889 -3.114186110999981, 107.689113889 -3.1133944439999937, 107.68920555599999 -3.1133944439999937, 107.68920555599999 -3.11196666699999, 107.688652778 -3.11196666699999, 107.688652778 -3.11151388899998, 107.68790277800002 -3.11151388899998, 107.68790277800002 -3.109841667000012, 107.68836388900002 -3.109841667000012, 107.68836388900002 -3.1062222219999853, 107.68721666699997 -3.1062222219999853, 107.68721666699997 -3.1052027779999776, 107.66560833300002 -3.1052027779999776))",AKTIF,19.0,02,2.0,11.0
4965.0,SUMATERA,MENTERI,,KEPULAUAN BANGKA BELITUNG,,KAB. BANGKA SELATAN,,,IUP,PT,TIMAH TBK,3119032112014038,81201098819560184                                                                                   ,2025-05-23,2035-07-20,OPERASI PRODUKSI,547.8,TIMAH,CNC-17,,,"DESA KEPOSANG DAN GADUNG, KEC. TOBOALI","POLYGON ((106.54947499999997 -2.9716416669999717, 106.54947499999997 -2.980688889000021, 106.53913888900001 -2.980688889000021, 106.53913888900001 -3.0028444440000044, 106.528352778 -3.0028444440000044, 106.528352778 -3.022508333000019, 106.53329722199999 -3.022508333000019, 106.53329722199999 -3.015069444000005, 106.53205555599999 -3.015069444000005, 106.53205555599999 -3.010458332999974, 106.53456388900003 -3.010458332999974, 106.53456388900003 -3.01228888899999, 106.54153333300002 -3.01228888899999, 106.54153333300002 -3.006086111000002, 106.54709444399998 -3.006086111000002, 106.54709444399998 -2.9876166669999975, 106.55402777799998 -2.9876166669999975, 106.55402777799998 -2.983727778000002, 106.554825 -2.983727778000002, 106.554825 -2.9804555559999812, 106.55288055599999 -2.9804555559999812, 106.55288055599999 -2.9716416669999717, 106.54947499999997 -2.9716416669999717))",AKTIF,19.0,03,2.0,11.0
4966.0,SUMATERA,MENTERI,,KEPULAUAN BANGKA BELITUNG,,KAB. BANGKA SELATAN,,,IUP,PT,TIMAH TBK,3119032112014007,81201098819560093                                                                                   ,2025-06-18,2035-07-20,OPERASI PRODUKSI,7607.0,TIMAH,CNC-14,,,"WIL. LAUT TOBOALI, KEC. TOBOALI, KAB. BANGKA SELATAN","POLYGON ((106.40784444399998 -2.9681416669999976, 106.40784444399998 -3.0792694439999764, 106.49538611100002 -3.0792694439999764, 106.49538611100002 -3.077566666999985, 106.497577778 -3.077566666999985, 106.497577778 -3.076111110999989, 106.498041667 -3.076111110999989, 106.498041667 -3.061369443999979, 106.49681944399998 -3.061369443999979, 106.49681944399998 -3.059775000000002, 106.49571666700001 -3.059775000000002, 106.49571666700001 -3.0586722219999842, 106.49485833300002 -3.0586722219999842, 106.49485833300002 -3.057836110999972, 106.49364722199999 -3.057836110999972, 106.49364722199999 -3.0527833329999794, 106.49216944400001 -3.0527833329999794, 106.49216944400001 -3.050516667000011, 106.49045833299999 -3.050516667000011, 106.49045833299999 -3.047852777999992, 106.488911111 -3.047852777999992, 106.488911111 -3.045961110999997, 106.487444444 -3.045961110999997, 106.487444444 -3.0440666669999814, 106.48567500000001 -3.0440666669999814, 106.48567500000001 -3.0428611109999792, 106.48197499999998 -3.0428611109999792, 106.48197499999998 -3.034877778000009, 106.478422222 -3.034877778000009, 106.478422222 -3.034366666999972, 106.47725555599999 -3.034366666999972, 106.47725555599999 -3.0336583330000053, 106.47632499999997 -3.0336583330000053, 106.47632499999997 -3.0326222219999863, 106.47464166700001 -3.0326222219999863, 106.47464166700001 -3.0307305559999804, 106.47282777800001 -3.0307305559999804, 106.47282777800001 -3.029352777999975, 106.47144166700002 -3.029352777999975, 106.47144166700002 -3.0283416670000065, 106.47036666700001 -3.0283416670000065, 106.47036666700001 -3.027430556000013, 106.469238889 -3.027430556000013, 106.469238889 -3.0265694440000175, 106.46788055600001 -3.0265694440000175, 106.46788055600001 -3.025502777999975, 106.46651666700001 -3.025502777999975, 106.46651666700001 -3.024202778000017, 106.46486388900001 -3.024202778000017, 106.46486388900001 -3.0229916669999852, 106.46272777799999 -3.0229916669999852, 106.46272777799999 -3.021872222000013, 106.458061111 -3.021872222000013, 106.458061111 -3.0191083330000197, 106.45343333300002 -3.0191083330000197, 106.45343333300002 -3.0173055559999966, 106.45056388900002 -3.0173055559999966, 106.45056388900002 -3.0155111110000234, 106.447502778 -3.0155111110000234, 106.447502778 -3.013649999999984, 106.44426388900001 -3.013649999999984, 106.44426388900001 -3.0123555559999886, 106.44153055599998 -3.0123555559999886, 106.44153055599998 -2.9997277780000218, 106.43930833299999 -2.9997277780000218, 106.43930833299999 -2.9952055559999735, 106.438069444 -2.9952055559999735, 106.438069444 -2.9900083329999916, 106.436177778 -2.9900083329999916, 106.436177778 -2.986116666999976, 106.435011111 -2.986116666999976, 106.435011111 -2.9840277779999838, 106.43432777800001 -2.9840277779999838, 106.43432777800001 -2.9828222219999816, 106.43341666700002 -2.9828222219999816, 106.43341666700002 -2.9812333329999774, 106.43203888900001 -2.9812333329999774, 106.43203888900001 -2.979633332999981, 106.43076944400002 -2.979633332999981, 106.43076944400002 -2.9786472220000064, 106.42946111100002 -2.9786472220000064, 106.42946111100002 -2.977461111000025, 106.428 -2.977461111000025, 106.428 -2.9764111110000044, 106.426652778 -2.9764111110000044, 106.426652778 -2.975283332999993, 106.42527777800001 -2.975283332999993, 106.42527777800001 -2.9740777779999803, 106.42218611099997 -2.9740777779999803, 106.42218611099997 -2.973152777999985, 106.42024444399999 -2.973152777999985, 106.42024444399999 -2.9722472220000213, 106.41875555600001 -2.9722472220000213, 106.41875555600001 -2.9709722220000003, 106.41440277800001 -2.9709722220000003, 106.41440277800001 -2.970305556000028, 106.412852778 -2.970305556000028, 106.412852778 -2.969816666999975, 106.41075000000001 -2.969816666999975, 106.41075000000001 -2.9681416669999976, 106.40784444399998 -2.9681416669999976))",AKTIF,19.0,03,2.0,11.0
4969.0,SUMATERA,MENTERI,,KEPULAUAN BANGKA BELITUNG,,KAB. BELITUNG,,,IUP,PT,TIMAH TBK,3119022112014038,81201098819560116                                                                                   ,2025-03-24,2035-07-21,OPERASI PRODUKSI,823.2,TIMAH,CNC-14,,,SIJUK,"POLYGON ((107.739655556 -2.5819833329999824, 107.739655556 -2.6071694440000215, 107.75155277800002 -2.6071694440000215, 107.75155277800002 -2.610411111000019, 107.75399166699998 -2.610411111000019, 107.75399166699998 -2.61368055600002, 107.75155277800002 -2.61368055600002, 107.75155277800002 -2.616125000000011, 107.756044444 -2.616125000000011, 107.756044444 -2.6230888889999733, 107.76121388899998 -2.6230888889999733, 107.76121388899998 -2.6251666669999736, 107.765030556 -2.6251666669999736, 107.765030556 -2.635797222000008, 107.77222499999999 -2.635797222000008, 107.77222499999999 -2.6430416669999772, 107.77716388900001 -2.6430416669999772, 107.77716388900001 -2.6529833330000088, 107.78436111100001 -2.6529833330000088, 107.78436111100001 -2.633311111000012, 107.76795833300002 -2.633311111000012, 107.76795833300002 -2.6230888889999733, 107.76494722199999 -2.6230888889999733, 107.76494722199999 -2.6147694439999896, 107.75583055599998 -2.6147694439999896, 107.75583055599998 -2.5996166670000207, 107.75067222199999 -2.5996166670000207, 107.75067222199999 -2.5819833329999824, 107.739655556 -2.5819833329999824))",AKTIF,19.0,02,2.0,11.0
4970.0,SUMATERA,MENTERI,,KEPULAUAN BANGKA BELITUNG,,KAB. BELITUNG,,,IUP,PT,TIMAH TBK,3119022112014039,81201098819560200                                                                                   ,2025-02-28,2035-07-21,OPERASI PRODUKSI,815.7,TIMAH,CNC-2,,,KEC. SIJUK DAN BADAU KAB. BELITUNG,"POLYGON ((107.80951944399999 -2.6961833330000218, 107.82615833300002 -2.6961833330000218, 107.82615833300002 -2.690311111000028, 107.83246111099999 -2.690311111000028, 107.83246111099999 -2.6803638889999775, 107.839647222 -2.6803638889999775, 107.839647222 -2.6731305559999896, 107.84550000000002 -2.6731305559999896, 107.84550000000002 -2.662277777999975, 107.82841944400002 -2.662277777999975, 107.82841944400002 -2.6695083330000102, 107.82166944400001 -2.6695083330000102, 107.82166944400001 -2.676288888999977, 107.816269444 -2.676288888999977, 107.816269444 -2.6844305559999952, 107.80951944399999 -2.6844305559999952, 107.80951944399999 -2.6961833330000218))",AKTIF,19.0,02,2.0,11.0
4995.0,SUMATERA,MENTERI,,KEPULAUAN BANGKA BELITUNG,,KAB. BELITUNG TIMUR,,,IUP,PT,TIMAH TBK,3119062112014040,81201098819560170                                                                                   ,2025-02-17,2035-07-21,OPERASI PRODUKSI,1286.0,TIMAH,CNC-18,,,KAB. BELITUNG TIMUR,"POLYGON ((108.10444444400002 -3.0398611109999933, 108.10444444400002 -3.0453055560000166, 108.096305556 -3.0453055560000166, 108.096305556 -3.0670277780000106, 108.102166667 -3.0670277780000106, 108.102166667 -3.07330555599998, 108.13027777799999 -3.07330555599998, 108.13027777799999 -3.0453333329999737, 108.12783333300001 -3.0453333329999737, 108.12783333300001 -3.0398611109999933, 108.10444444400002 -3.0398611109999933))",AKTIF,19.0,06,2.0,11.0
4997.0,SUMATERA,BUPATI,,KEPULAUAN BANGKA BELITUNG,,KAB. BANGKA,,,IUP,PT,TIMAH TBK,3119012112014228,188.45/465/TAMBEN/2010                                                                              ,2010-04-27,2026-07-20,OPERASI PRODUKSI,446.0,TIMAH,CNC-2,,,"DAERAH LAUT S. BELINYU, KAB. BANGKA","POLYGON ((105.73996388900002 -1.6559444439999993, 105.76186666699999 -1.6559444439999993, 105.76186666699999 -1.6494555560000208, 105.75913888899998 -1.6494555560000208, 105.75913888899998 -1.6466138889999797, 105.75828333300001 -1.6466138889999797, 105.75828333300001 -1.6439194440000051, 105.757025 -1.6439194440000051, 105.757025 -1.6417861109999876, 105.75601666699998 -1.6417861109999876, 105.75601666699998 -1.6403027779999775, 105.754444444 -1.6403027779999775, 105.754444444 -1.6386833330000172, 105.75311111100001 -1.6386833330000172, 105.75311111100001 -1.637019443999975, 105.75170000000003 -1.637019443999975, 105.75170000000003 -1.6369194440000001, 105.75028888899999 -1.6369194440000001, 105.75028888899999 -1.6364777780000281, 105.74762777799998 -1.6364777780000281, 105.74762777799998 -1.635955555999999, 105.745741667 -1.635955555999999, 105.745741667 -1.635727777999989, 105.73996388900002 -1.635727777999989, 105.73996388900002 -1.6559444439999993))",AKTIF,19.0,01,2.0,11.0
4999.0,SUMATERA,MENTERI,,KEPULAUAN BANGKA BELITUNG,,KAB. BANGKA,,,IUP,PT,TIMAH TBK,3119012112014211,81201098819560103                                                                                   ,2025-03-24,2035-07-20,OPERASI PRODUKSI,8731.0,TIMAH,CNC-2,,,BELINYU,"POLYGON ((105.78187500000001 -1.541294444000016, 105.78187500000001 -1.5429333330000077, 105.77527222200001 -1.5429333330000077, 105.77527222200001 -1.5518944440000269, 105.77130555600002 -1.5518944440000269, 105.77130555600002 -1.558161111000004, 105.779041667 -1.558161111000004, 105.779041667 -1.581905555999981, 105.78059999999999 -1.581905555999981, 105.78059999999999 -1.5909111110000254, 105.77448333299998 -1.5909111110000254, 105.77448333299998 -1.5950694439999893, 105.78874166700001 -1.5950694439999893, 105.78874166700001 -1.604744444000005, 105.79629999999997 -1.604744444000005, 105.79629999999997 -1.631674999999973, 105.79189444399998 -1.631674999999973, 105.79189444399998 -1.6396555559999797, 105.78494444400002 -1.6396555559999797, 105.78494444400002 -1.647188889000006, 105.76405833299998 -1.647188889000006, 105.76405833299998 -1.656011110999998, 105.773483333 -1.656011110999998, 105.773483333 -1.6600222220000092, 105.780180556 -1.6600222220000092, 105.780180556 -1.6641833329999827, 105.784238889 -1.6641833329999827, 105.784238889 -1.6782944440000165, 105.78433055599999 -1.6782944440000165, 105.78433055599999 -1.6784944440000231, 105.781966667 -1.6784944440000231, 105.781966667 -1.6824777780000204, 105.77301388900003 -1.6824777780000204, 105.77301388900003 -1.6760499999999752, 105.75849444400001 -1.6760499999999752, 105.75849444400001 -1.6834277780000093, 105.75450000000001 -1.6834277780000093, 105.75450000000001 -1.691972222000004, 105.76489444399999 -1.691972222000004, 105.76489444399999 -1.6975499999999784, 105.77837777799999 -1.6975499999999784, 105.77837777799999 -1.6930333330000167, 105.782402778 -1.6930333330000167, 105.782402778 -1.691372221999984, 105.802947222 -1.691372221999984, 105.802947222 -1.703300000000013, 105.80528055600001 -1.703300000000013, 105.80528055600001 -1.7113944440000068, 105.80975833299999 -1.7113944440000068, 105.80975833299999 -1.7084694440000021, 105.81870833300002 -1.7084694440000021, 105.81870833300002 -1.7032500000000255, 105.81238333300001 -1.7032500000000255, 105.81238333300001 -1.6828388889999815, 105.82188888899998 -1.6828388889999815, 105.82188888899998 -1.7053166669999769, 105.834541667 -1.7053166669999769, 105.834541667 -1.7075194440000132, 105.83806666700002 -1.7075194440000132, 105.83806666700002 -1.7098611110000093, 105.84121666700003 -1.7098611110000093, 105.84121666700003 -1.713700000000017, 105.84661666699998 -1.713700000000017, 105.84661666699998 -1.7117666670000062, 105.84850833299998 -1.7117666670000062, 105.84850833299998 -1.713700000000017, 105.85833611100003 -1.713700000000017, 105.85833611100003 -1.6917277779999722, 105.84858333300002 -1.6917277779999722, 105.84858333300002 -1.6820500000000038, 105.850972222 -1.6820500000000038, 105.850972222 -1.6780472219999751, 105.86055555600001 -1.6780472219999751, 105.86055555600001 -1.6651611109999749, 105.87169444400001 -1.6651611109999749, 105.87169444400001 -1.6613027779999925, 105.88344444400002 -1.6613027779999925, 105.88344444400002 -1.657950000000028, 105.88617499999998 -1.657950000000028, 105.88617499999998 -1.6564500000000066, 105.88995833299998 -1.6564500000000066, 105.88995833299998 -1.6526666670000054, 105.883319444 -1.6526666670000054, 105.883319444 -1.6461944440000025, 105.87670555599999 -1.6461944440000025, 105.87670555599999 -1.6569055560000265, 105.86954166700002 -1.6569055560000265, 105.86954166700002 -1.652866667000012, 105.86504444399998 -1.652866667000012, 105.86504444399998 -1.6469250000000102, 105.86042500000002 -1.6469250000000102, 105.86042500000002 -1.6489277779999725, 105.856055556 -1.6489277779999725, 105.856055556 -1.6413555560000077, 105.85068055599999 -1.6413555560000077, 105.85068055599999 -1.6486166669999989, 105.84133333300002 -1.6486166669999989, 105.84133333300002 -1.6582777780000129, 105.83662500000003 -1.6582777780000129, 105.83662500000003 -1.6599944440000058, 105.824433333 -1.6599944440000058, 105.824433333 -1.6567638889999898, 105.83448611099999 -1.6567638889999898, 105.83448611099999 -1.6536500000000274, 105.837888889 -1.6536500000000274, 105.837888889 -1.6496166669999752, 105.826155556 -1.6496166669999752, 105.826155556 -1.6470416669999963, 105.82019444399998 -1.6470416669999963, 105.81797499999999 -1.6470416669999963, 105.81797499999999 -1.6434249999999793, 105.81557222200001 -1.6434249999999793, 105.81557222200001 -1.6385500000000093, 105.81793333299998 -1.6385500000000093, 105.81793333299998 -1.6333944439999755, 105.81284722200002 -1.6333944439999755, 105.81284722200002 -1.6260111110000253, 105.82249722199998 -1.6260111110000253, 105.82249722199998 -1.6212222219999717, 105.83094444400001 -1.6212222219999717, 105.83094444400001 -1.6162444440000172, 105.82229444400002 -1.6162444440000172, 105.82229444400002 -1.6076277779999941, 105.82027777799999 -1.6076277779999941, 105.82027777799999 -1.5963027779999948, 105.81858333299999 -1.5963027779999948, 105.81858333299999 -1.5893277779999835, 105.81503333299997 -1.5893277779999835, 105.81503333299997 -1.5964722219999885, 105.794930556 -1.5964722219999885, 105.794930556 -1.590033333000008, 105.79191111099999 -1.590033333000008, 105.79191111099999 -1.5843750000000227, 105.78601944399998 -1.5843750000000227, 105.78601944399998 -1.5718722220000245, 105.79000555599998 -1.5718722220000245, 105.79000555599998 -1.565719444000024, 105.78735277800001 -1.565719444000024, 105.78735277800001 -1.5603277779999871, 105.796386111 -1.5603277779999871, 105.796386111 -1.5494416669999964, 105.79504166700002 -1.5494416669999964, 105.79504166700002 -1.545063889000005, 105.79346666700002 -1.545063889000005, 105.79346666700002 -1.5413833329999989, 105.78812499999998 -1.5413833329999989, 105.78812499999998 -1.5408805559999905, 105.78535833299998 -1.5408805559999905, 105.78535833299998 -1.541294444000016, 105.78187500000001 -1.541294444000016), (105.82019444399998 -1.663983332999976, 105.82019444399998 -1.6645083330000148, 105.81958333300003 -1.6645083330000148, 105.81958333300003 -1.663983332999976, 105.82019444399998 -1.663983332999976))",AKTIF,19.0,01,2.0,11.0
5006.0,SUMATERA,MENTERI,,KEPULAUAN BANGKA BELITUNG,,KAB. BELITUNG TIMUR,,,IUP,PT,TIMAH TBK,3119062112014078,81201098819560106                                                                                   ,2024-09-12,2035-07-20,OPERASI PRODUKSI,5915.0,TIMAH,CNC-17,,,MANGGAR,"POLYGON ((108.183030556 -2.746388889000002, 108.16338888899998 -2.746388889000002, 108.16338888899998 -2.760027777999994, 108.16561111099998 -2.760027777999994, 108.16561111099998 -2.7663333329999773, 108.18288888900003 -2.7663333329999773, 108.18288888900003 -2.779527777999988, 108.19244444399999 -2.779527777999988, 108.19244444399999 -2.789583332999996, 108.20094444400002 -2.789583332999996, 108.20094444400002 -2.8224444439999843, 108.20988888900001 -2.8224444439999843, 108.20988888900001 -2.8387500000000045, 108.25599999999997 -2.8387500000000045, 108.25599999999997 -2.848666666999975, 108.270416667 -2.848666666999975, 108.270416667 -2.837483333000023, 108.26794444400002 -2.837483333000023, 108.26794444400002 -2.836888889000022, 108.26675 -2.836888889000022, 108.26675 -2.8084166670000172, 108.26511111100001 -2.8084166670000172, 108.26511111100001 -2.796416667000017, 108.26016666700002 -2.796416667000017, 108.26016666700002 -2.7880944440000235, 108.25839444399998 -2.7880944440000235, 108.25839444399998 -2.786350000000027, 108.25729999999999 -2.786350000000027, 108.25729999999999 -2.783252778000019, 108.25609166700002 -2.783252778000019, 108.25609166700002 -2.779844443999991, 108.254761111 -2.779844443999991, 108.254761111 -2.7766166669999848, 108.25374166699999 -2.7766166669999848, 108.25374166699999 -2.7736222219999718, 108.25268888900001 -2.7736222219999718, 108.25268888900001 -2.7709055560000024, 108.25193888899997 -2.7709055560000024, 108.25193888899997 -2.7681388889999994, 108.24433333299999 -2.7681388889999994, 108.24433333299999 -2.7608888890000003, 108.241744444 -2.7608888890000003, 108.241744444 -2.761811110999986, 108.24080277799999 -2.761811110999986, 108.24080277799999 -2.7627083329999778, 108.23995555599998 -2.7627083329999778, 108.23995555599998 -2.7632750000000215, 108.23898888899998 -2.7632750000000215, 108.23898888899998 -2.763580556000022, 108.23809444400001 -2.763580556000022, 108.23809444400001 -2.7639750000000163, 108.23682500000001 -2.7639750000000163, 108.23682500000001 -2.764302778000001, 108.235922222 -2.764302778000001, 108.235922222 -2.764483332999987, 108.23552222199999 -2.764483332999987, 108.23552222199999 -2.7647194439999794, 108.23353611099998 -2.7647194439999794, 108.23353611099998 -2.764961110999991, 108.23311666699999 -2.764961110999991, 108.23311666699999 -2.765927777999991, 108.23187222199999 -2.765927777999991, 108.23187222199999 -2.7664666669999747, 108.23085833300001 -2.7664666669999747, 108.23085833300001 -2.766766667000013, 108.22902499999998 -2.766766667000013, 108.22902499999998 -2.7669916670000134, 108.22852222199998 -2.7669916670000134, 108.22852222199998 -2.7680805559999726, 108.22676944400001 -2.7680805559999726, 108.22676944400001 -2.7685277780000206, 108.22544166699998 -2.7685277780000206, 108.22544166699998 -2.767469444000028, 108.22264444400003 -2.767469444000028, 108.22264444400003 -2.7672638889999917, 108.21769444400002 -2.7672638889999917, 108.21769444400002 -2.7667305560000273, 108.216725 -2.7667305560000273, 108.216725 -2.766288889000009, 108.21593611100002 -2.766288889000009, 108.21593611100002 -2.7657916669999736, 108.215375 -2.7657916669999736, 108.215375 -2.7653722219999963, 108.21461111100001 -2.7653722219999963, 108.21461111100001 -2.7647722219999764, 108.213830556 -2.7647722219999764, 108.213830556 -2.763872221999975, 108.213008333 -2.763872221999975, 108.213008333 -2.7633861109999884, 108.21251111100003 -2.7633861109999884, 108.21251111100003 -2.7625249999999824, 108.212372222 -2.7625249999999824, 108.212372222 -2.7614638890000265, 108.21133333300003 -2.7614638890000265, 108.21133333300003 -2.7605666669999778, 108.20981388899997 -2.7605666669999778, 108.20981388899997 -2.759602777999987, 108.20948611099999 -2.759602777999987, 108.20948611099999 -2.759119444000021, 108.20911111100003 -2.759119444000021, 108.20911111100003 -2.758666667, 108.208336111 -2.758666667, 108.208336111 -2.758188888999996, 108.20499444400002 -2.758188888999996, 108.20499444400002 -2.7580611110000177, 108.202633333 -2.7580611110000177, 108.202633333 -2.7575027780000028, 108.19978055600001 -2.7575027780000028, 108.19978055600001 -2.7565138890000185, 108.195769444 -2.7565138890000185, 108.195769444 -2.7556999999999903, 108.19437499999998 -2.7556999999999903, 108.19437499999998 -2.7552388889999975, 108.19278888899998 -2.7552388889999975, 108.19278888899998 -2.7547888889999967, 108.19171666699998 -2.7547888889999967, 108.19171666699998 -2.75453055600002, 108.19016111100001 -2.75453055600002, 108.19016111100001 -2.7548555559999954, 108.18789166699997 -2.7548555559999954, 108.18789166699997 -2.7546083330000215, 108.18679444399999 -2.7546083330000215, 108.18679444399999 -2.7541583330000208, 108.186216667 -2.7541583330000208, 108.186216667 -2.7537361110000234, 108.186069444 -2.7537361110000234, 108.186069444 -2.7531833329999813, 108.18543333299999 -2.7531833329999813, 108.18543333299999 -2.7525416670000027, 108.18518055599998 -2.7525416670000027, 108.18518055599998 -2.7517194440000026, 108.18459722199998 -2.7517194440000026, 108.18459722199998 -2.7510916670000256, 108.18425555599998 -2.7510916670000256, 108.18425555599998 -2.750466667000012, 108.18389166700001 -2.750466667000012, 108.18389166700001 -2.749947222000003, 108.183386111 -2.749947222000003, 108.183386111 -2.7494194440000115, 108.18319722199999 -2.7494194440000115, 108.18319722199999 -2.747302778000005, 108.183030556 -2.747302778000005, 108.183030556 -2.746388889000002), (108.20819444400001 -2.779694443999972, 108.21786111099999 -2.779694443999972, 108.21786111099999 -2.793416666999974, 108.22392500000001 -2.793416666999974, 108.22392500000001 -2.791499999999985, 108.22679166699999 -2.791499999999985, 108.22679166699999 -2.7895638890000214, 108.23032222199998 -2.7895638890000214, 108.23032222199998 -2.7929888890000143, 108.23183888900002 -2.7929888890000143, 108.23183888900002 -2.801430556000014, 108.23328333299997 -2.801430556000014, 108.23328333299997 -2.8026611110000204, 108.23693333300002 -2.8026611110000204, 108.23693333300002 -2.805044443999975, 108.23925555599999 -2.805044443999975, 108.23925555599999 -2.8109999999999786, 108.23751944399999 -2.8109999999999786, 108.23751944399999 -2.814613888999986, 108.239269444 -2.814613888999986, 108.239269444 -2.81663611099998, 108.23074166700002 -2.81663611099998, 108.23074166700002 -2.8077027780000208, 108.22580555600001 -2.8077027780000208, 108.22580555600001 -2.8172777780000047, 108.21600000000001 -2.8172777780000047, 108.21600000000001 -2.8026944439999966, 108.20822222200002 -2.8026944439999966, 108.20822222200002 -2.789583332999996, 108.20819444400001 -2.789583332999996, 108.20819444400001 -2.779694443999972))",AKTIF,19.0,06,2.0,11.0
5012.0,SUMATERA,MENTERI,,KEPULAUAN BANGKA BELITUNG,,KAB. BELITUNG TIMUR,,,IUP,PT,TIMAH TBK,3119062112014082,81201098819560157                                                                                   ,2024-09-12,2035-07-21,OPERASI PRODUKSI,6408.0,TIMAH,CNC-17,,,MANGGAR,"POLYGON ((108.068916667 -2.854972222000015, 108.068916667 -2.858555555999999, 108.065713889 -2.858555555999999, 108.065713889 -2.8593888890000017, 108.06543333299999 -2.8593888890000017, 108.06543333299999 -2.8598388890000024, 108.06465555599999 -2.8598388890000024, 108.06465555599999 -2.860616666999988, 108.06374444400001 -2.860616666999988, 108.06374444400001 -2.8618305559999726, 108.06298055600001 -2.8618305559999726, 108.06298055600001 -2.8630111109999916, 108.06121388899999 -2.8630111109999916, 108.06121388899999 -2.864347221999992, 108.05962777799999 -2.864347221999992, 108.05962777799999 -2.8649222220000183, 108.05863055600003 -2.8649222220000183, 108.05863055600003 -2.865488889000005, 108.05848333300003 -2.865488889000005, 108.05848333300003 -2.8660694440000043, 108.05613333299999 -2.8660694440000043, 108.05613333299999 -2.8658361110000214, 108.05488333300002 -2.8658361110000214, 108.05488333300002 -2.865483332999986, 108.05273055599997 -2.865483332999986, 108.05273055599997 -2.86479166700002, 108.05174444400001 -2.86479166700002, 108.05174444400001 -2.864336111, 108.05091666700002 -2.864336111, 108.05091666700002 -2.876694444000009, 108.05787500000002 -2.876694444000009, 108.05787500000002 -2.872880555999984, 108.06130555599998 -2.872880555999984, 108.06130555599998 -2.872397222000018, 108.06901944399999 -2.872397222000018, 108.06901944399999 -2.870702778000009, 108.07490555599998 -2.870702778000009, 108.07490555599998 -2.86484999999999, 108.07679722199998 -2.86484999999999, 108.07679722199998 -2.8719222220000233, 108.08394166699998 -2.8719222220000233, 108.08394166699998 -2.873944444000017, 108.06433333299998 -2.873944444000017, 108.06433333299998 -2.9254999999999995, 108.07161111099998 -2.9254999999999995, 108.07161111099998 -2.9340277779999724, 108.045472222 -2.9340277779999724, 108.045472222 -2.9561111109999842, 108.06097222199998 -2.9561111109999842, 108.06097222199998 -2.941361110999992, 108.09502777799997 -2.941361110999992, 108.09502777799997 -2.9345555560000207, 108.105805556 -2.9345555560000207, 108.105805556 -2.9291388890000007, 108.12827777799998 -2.9291388890000007, 108.12827777799998 -2.935833333000005, 108.173277778 -2.935833333000005, 108.173277778 -2.918222221999997, 108.15133333300003 -2.918222221999997, 108.15133333300003 -2.90300000000002, 108.14180555600001 -2.90300000000002, 108.14180555600001 -2.865391666999983, 108.12558333300001 -2.865391666999983, 108.12558333300001 -2.8667222220000212, 108.12063888900002 -2.8667222220000212, 108.12063888900002 -2.8834444440000198, 108.13661111099998 -2.8834444440000198, 108.13661111099998 -2.9101388889999953, 108.145333333 -2.9101388889999953, 108.145333333 -2.9254999999999995, 108.13369444400001 -2.9254999999999995, 108.13369444400001 -2.9218888890000017, 108.12738888899997 -2.9218888890000017, 108.12738888899997 -2.918916667000019, 108.08330555600003 -2.918916667000019, 108.08330555600003 -2.896611111000027, 108.10897222199998 -2.896611111000027, 108.10897222199998 -2.8753055560000007, 108.09816666699999 -2.8753055560000007, 108.09816666699999 -2.8558888890000276, 108.11841666700002 -2.8558888890000276, 108.11841666700002 -2.846388889000025, 108.13463888899997 -2.846388889000025, 108.13463888899997 -2.8379305560000034, 108.13380277800002 -2.8379305560000034, 108.13380277800002 -2.8376833329999727, 108.13247777800001 -2.8376833329999727, 108.13247777800001 -2.8383027780000134, 108.13209444400002 -2.8383027780000134, 108.13209444400002 -2.839125000000024, 108.13177777800001 -2.839125000000024, 108.13177777800001 -2.8401694440000256, 108.13121666699999 -2.8401694440000256, 108.13121666699999 -2.840530555999976, 108.12586666700003 -2.840530555999976, 108.12586666700003 -2.842586111000003, 108.12545555600002 -2.842586111000003, 108.12545555600002 -2.8429722220000144, 108.124430556 -2.8429722220000144, 108.124430556 -2.84375, 108.12236111099998 -2.84375, 108.12236111099998 -2.843225000000018, 108.12175000000002 -2.843225000000018, 108.12175000000002 -2.842758333000006, 108.12122222199997 -2.842758333000006, 108.12122222199997 -2.84235277800002, 108.12101111099997 -2.84235277800002, 108.12101111099997 -2.841338888999985, 108.12057499999997 -2.841338888999985, 108.12057499999997 -2.8411916669999755, 108.11993055599999 -2.8411916669999755, 108.11993055599999 -2.840961111000013, 108.11945277799998 -2.840961111000013, 108.11945277799998 -2.8407583329999966, 108.11899166699999 -2.8407583329999966, 108.11899166699999 -2.8410166670000194, 108.11869999999999 -2.8410166670000194, 108.11869999999999 -2.8412722219999864, 108.11841388900001 -2.8412722219999864, 108.11841388900001 -2.841397222000012, 108.117894444 -2.841397222000012, 108.117894444 -2.84152499999999, 108.11735833300003 -2.84152499999999, 108.11735833300003 -2.841763888999992, 108.11671944400001 -2.841763888999992, 108.11671944400001 -2.842172221999988, 108.11643055600001 -2.842172221999988, 108.11643055600001 -2.842724999999973, 108.11661944399998 -2.842724999999973, 108.11661944399998 -2.8432055559999867, 108.11684722199999 -2.8432055559999867, 108.11684722199999 -2.844727777999992, 108.116611111 -2.844727777999992, 108.116611111 -2.8454944439999963, 108.11613888900001 -2.8454944439999963, 108.11613888900001 -2.845963889000018, 108.11525555600002 -2.845963889000018, 108.11525555600002 -2.8464666670000156, 108.11425277799998 -2.8464666670000156, 108.11425277799998 -2.8465777779999826, 108.112469444 -2.8465777779999826, 108.112469444 -2.8469388890000005, 108.11183888900001 -2.8469388890000005, 108.11183888900001 -2.847361110999998, 108.110897222 -2.847361110999998, 108.110897222 -2.847563889000014, 108.10930277800003 -2.847563889000014, 108.10930277800003 -2.8479750000000195, 108.108833333 -2.8479750000000195, 108.108833333 -2.848461111000006, 108.10828055600001 -2.848461111000006, 108.10828055600001 -2.848763888999997, 108.10747222200001 -2.848763888999997, 108.10747222200001 -2.848991667000007, 108.10685833299999 -2.848991667000007, 108.10685833299999 -2.8491083330000038, 108.10640833299999 -2.8491083330000038, 108.10640833299999 -2.8487250000000017, 108.10633611100002 -2.8487250000000017, 108.10633611100002 -2.8483361109999805, 108.106238889 -2.8483361109999805, 108.106238889 -2.8477944439999874, 108.10611666699998 -2.8477944439999874, 108.10611666699998 -2.8471583329999817, 108.10543888900003 -2.8471583329999817, 108.10543888900003 -2.8474222219999774, 108.10478888900002 -2.8474222219999774, 108.10478888900002 -2.8477472220000095, 108.10353611099998 -2.8477472220000095, 108.10353611099998 -2.8485638889999905, 108.10199999999998 -2.8485638889999905, 108.10199999999998 -2.8493277779999744, 108.10035833299997 -2.8493277779999744, 108.10035833299997 -2.8498500000000035, 108.098977778 -2.8498500000000035, 108.098977778 -2.8505083329999934, 108.09744444400002 -2.8505083329999934, 108.09744444400002 -2.8508583330000192, 108.09583055600001 -2.8508583330000192, 108.09583055600001 -2.8512000000000057, 108.09488055600002 -2.8512000000000057, 108.09488055600002 -2.8515083330000266, 108.093725 -2.8515083330000266, 108.093725 -2.851305556, 108.09237777800001 -2.851305556, 108.09237777800001 -2.8508222219999766, 108.09097500000001 -2.8508222219999766, 108.09097500000001 -2.8503499999999917, 108.090069444 -2.8503499999999917, 108.090069444 -2.849747222000019, 108.08904999999999 -2.849747222000019, 108.08904999999999 -2.8491166669999757, 108.08747222199997 -2.8491166669999757, 108.08747222199997 -2.848583333000022, 108.08052222200001 -2.848583333000022, 108.08052222200001 -2.849416667000014, 108.080136111 -2.849416667000014, 108.080136111 -2.8514527780000094, 108.079952778 -2.8514527780000094, 108.079952778 -2.8527500000000146, 108.07863888899999 -2.8527500000000146, 108.07863888899999 -2.852555556000027, 108.07791666700001 -2.852555556000027, 108.07791666700001 -2.854972222000015, 108.068916667 -2.854972222000015))",AKTIF,19.0,06,2.0,11.0
5013.0,SUMATERA,MENTERI,,KEPULAUAN BANGKA BELITUNG,,KAB. BELITUNG TIMUR,,,IUP,PT,TIMAH TBK,3119062112014119,81201098819560160                                                                                   ,2025-05-22,2035-07-21,OPERASI PRODUKSI,7285.0,TIMAH,CNC-14,,,LENGGANG,"POLYGON ((108.024305556 -3.0881861110000273, 108.024305556 -3.05925000000002, 108.04374999999999 -3.05925000000002, 108.04374999999999 -3.0565277779999747, 108.05091666700002 -3.0565277779999747, 108.05091666700002 -3.0475833329999773, 108.06216666699999 -3.0475833329999773, 108.06216666699999 -3.038972221999984, 108.03113888899998 -3.038972221999984, 108.03113888899998 -3.02583333299998, 108.01133333299998 -3.02583333299998, 108.01133333299998 -3.0321944440000266, 108.008611111 -3.0321944440000266, 108.008611111 -3.0408055560000093, 108.02030555599998 -3.0408055560000093, 108.02030555599998 -3.0475833329999773, 108.037388889 -3.0475833329999773, 108.037388889 -3.0556666670000254, 108.016722222 -3.0556666670000254, 108.016722222 -3.067444443999989, 108.01122222200001 -3.067444443999989, 108.01122222200001 -3.1045277779999765, 107.999166667 -3.1045277779999765, 107.999166667 -3.092777778000027, 107.99602777799998 -3.092777778000027, 107.99602777799998 -3.079194443999995, 107.98702777800003 -3.079194443999995, 107.98702777800003 -3.086861111000019, 107.96994444400002 -3.086861111000019, 107.96994444400002 -3.078277777999972, 107.956444444 -3.078277777999972, 107.956444444 -3.0891388890000258, 107.94475 -3.0891388890000258, 107.94475 -3.0688055559999725, 107.936638889 -3.0688055559999725, 107.936638889 -3.0787500000000136, 107.93186111099999 -3.0787500000000136, 107.93186111099999 -3.111805555999979, 107.96219166700001 -3.111805555999979, 107.96219166700001 -3.108263889, 107.96878055600001 -3.108263889, 107.96878055600001 -3.1055472219999842, 107.97451944400001 -3.1055472219999842, 107.97451944400001 -3.1038222220000193, 107.981211111 -3.1038222220000193, 107.981211111 -3.1021499999999946, 107.98759444400002 -3.1021499999999946, 107.98759444400002 -3.0997750000000224, 107.99001944399998 -3.0997750000000224, 107.99001944399998 -3.0962972219999756, 107.99308611100003 -3.0962972219999756, 107.99308611100003 -3.1029805559999772, 107.99041388900002 -3.1029805559999772, 107.99041388900002 -3.104658332999975, 107.98576111099999 -3.104658332999975, 107.98576111099999 -3.1062805560000015, 107.980830556 -3.1062805560000015, 107.980830556 -3.1077527780000196, 107.974636111 -3.1077527780000196, 107.974636111 -3.109608332999983, 107.97280555600003 -3.109608332999983, 107.97280555600003 -3.111805555999979, 108.02255555599999 -3.111805555999979, 108.02255555599999 -3.1212222219999717, 107.999138889 -3.1212222219999717, 107.999138889 -3.141194444000007, 107.99013888899998 -3.141194444000007, 107.99013888899998 -3.1547499999999786, 108.01716666700003 -3.1547499999999786, 108.01716666700003 -3.1461666669999886, 108.035166667 -3.1461666669999886, 108.035166667 -3.1262777779999738, 108.04372222199999 -3.1262777779999738, 108.04372222199999 -3.1195000000000164, 108.09588888899998 -3.1195000000000164, 108.09588888899998 -3.099527777999981, 108.067527778 -3.099527777999981, 108.067527778 -3.105000000000018, 108.05988888899998 -3.105000000000018, 108.05988888899998 -3.112722222000002, 108.03424999999999 -3.112722222000002, 108.03424999999999 -3.0881861110000273, 108.024305556 -3.0881861110000273))",AKTIF,19.0,06,2.0,11.0
5030.0,SUMATERA,MENTERI,,KEPULAUAN BANGKA BELITUNG,,KAB. BANGKA BARAT,,,IUP,PT,TIMAH TBK,3119052112014077,81201098819560171                                                                                   ,2025-04-23,2035-07-20,OPERASI PRODUKSI,391.6,TIMAH,CNC-18,,,SIMPANG TERITIP,"POLYGON ((105.372366667 -1.884533332999979, 105.37120833300003 -1.884533332999979, 105.37120833300003 -1.8873472220000167, 105.36832222200002 -1.8873472220000167, 105.36832222200002 -1.8891416669999899, 105.364097222 -1.8891416669999899, 105.364097222 -1.8921222220000118, 105.362630556 -1.8921222220000118, 105.362630556 -1.8945222219999778, 105.368013889 -1.8945222219999778, 105.368013889 -1.8917305560000273, 105.37165555600001 -1.8917305560000273, 105.37165555600001 -1.9141138890000207, 105.36398888899998 -1.9141138890000207, 105.36398888899998 -1.917827778000003, 105.37566944399998 -1.917827778000003, 105.37566944399998 -1.9104916669999739, 105.37790277800002 -1.9104916669999739, 105.37790277800002 -1.9045277779999878, 105.37610277800002 -1.9045277779999878, 105.37610277800002 -1.8969472219999943, 105.377908333 -1.8969472219999943, 105.377908333 -1.8931611109999835, 105.38298611099998 -1.8931611109999835, 105.38298611099998 -1.8888611109999829, 105.37791944399999 -1.8888611109999829, 105.37791944399999 -1.8825166670000044, 105.37627777799997 -1.8825166670000044, 105.37627777799997 -1.8732555560000037, 105.372366667 -1.8732555560000037, 105.372366667 -1.884533332999979))",AKTIF,19.0,05,2.0,11.0
5031.0,SUMATERA,MENTERI,,KEPULAUAN BANGKA BELITUNG,,KAB. BANGKA BARAT,,,IUP,PT,TIMAH TBK,3119052112014078,81201098819560208                                                                                   ,2025-06-13,2035-07-20,OPERASI PRODUKSI,2693.0,TIMAH,CNC-5,,,S. MENDUYUNG / KUNDI TIMUR KEC. SP. TERITIP,"POLYGON ((105.401766667 -2.009344444000021, 105.41895 -2.009344444000021, 105.41895 -2.011338889000001, 105.42781388899999 -2.011338889000001, 105.42781388899999 -2.016016666999974, 105.43187499999999 -2.016016666999974, 105.43187499999999 -2.019049999999993, 105.43582777799998 -2.019049999999993, 105.43582777799998 -2.028583332999972, 105.434377778 -2.028583332999972, 105.434377778 -2.0344611109999846, 105.43535555599999 -2.0344611109999846, 105.43535555599999 -2.080211110999983, 105.41935555600003 -2.080211110999983, 105.41935555600003 -2.069191666999984, 105.41424444400002 -2.069191666999984, 105.41424444400002 -2.0633638890000157, 105.411461111 -2.0633638890000157, 105.411461111 -2.0544472220000216, 105.408605556 -2.0544472220000216, 105.408605556 -2.048686110999995, 105.40502222200001 -2.048686110999995, 105.40502222200001 -2.0424444440000116, 105.40210277800003 -2.0424444440000116, 105.40210277800003 -2.0358944440000073, 105.39844722200002 -2.0358944440000073, 105.39844722200002 -2.027302777999978, 105.394436111 -2.027302777999978, 105.394436111 -2.025013888999979, 105.38870833300001 -2.025013888999979, 105.38870833300001 -2.012258332999977, 105.39127777800002 -2.012258332999977, 105.39127777800002 -2.0030805559999862, 105.39458611100002 -2.0030805559999862, 105.39458611100002 -1.9974305559999834, 105.39573888899997 -1.9974305559999834, 105.39573888899997 -1.9904416670000273, 105.39417777800003 -1.9904416670000273, 105.39417777800003 -1.9867416669999898, 105.392119444 -1.9867416669999898, 105.392119444 -1.9830249999999978, 105.387169444 -1.9830249999999978, 105.387169444 -1.9901666669999827, 105.38857777800001 -1.9901666669999827, 105.38857777800001 -1.999988889000008, 105.38675833299999 -1.999988889000008, 105.38675833299999 -2.0073222220000275, 105.384669444 -2.0073222220000275, 105.384669444 -2.011669444000006, 105.38266388900001 -2.011669444000006, 105.38266388900001 -2.0211027779999995, 105.38519444399998 -2.0211027779999995, 105.38519444399998 -2.02657499999998, 105.38841111099998 -2.02657499999998, 105.38841111099998 -2.032163889000003, 105.393377778 -2.032163889000003, 105.393377778 -2.0387138890000074, 105.39687222200001 -2.0387138890000074, 105.39687222200001 -2.0497555559999796, 105.39954722200002 -2.0497555559999796, 105.39954722200002 -2.0586472219999905, 105.40415555599998 -2.0586472219999905, 105.40415555599998 -2.0635333330000094, 105.40749722200002 -2.0635333330000094, 105.40749722200002 -2.0704055560000256, 105.41160277799997 -2.0704055560000256, 105.41160277799997 -2.0925027779999823, 105.45241388900001 -2.0925027779999823, 105.45241388900001 -2.0501111109999783, 105.444286111 -2.0501111109999783, 105.444286111 -2.044258333000016, 105.44156388900001 -2.044258333000016, 105.44156388900001 -2.0409555559999717, 105.44307500000002 -2.0409555559999717, 105.44307500000002 -2.034119443999998, 105.440938889 -2.034119443999998, 105.440938889 -2.0249305560000153, 105.44308055599998 -2.0249305560000153, 105.44308055599998 -2.016999999999996, 105.44028611099998 -2.016999999999996, 105.44028611099998 -2.011419444000012, 105.434563889 -2.011419444000012, 105.434563889 -2.005486110999982, 105.401766667 -2.005486110999982, 105.401766667 -2.009344444000021))",AKTIF,19.0,05,2.0,11.0
5032.0,SUMATERA,MENTERI,,KEPULAUAN BANGKA BELITUNG,,KAB. BANGKA BARAT,,,IUP,PT,TIMAH TBK,3119052112014117,81201098819560225                                                                                   ,2025-07-01,2035-07-20,OPERASI PRODUKSI,4644.2,TIMAH,CNC-17,,,LAUT BENDUL / JUNGKU KEC. MUNTOK,"POLYGON ((105.26558888900001 -1.8975222220000205, 105.26558888900001 -1.895447221999973, 105.12493611100001 -1.895447221999973, 105.12493611100001 -1.9546472220000055, 105.139766667 -1.9546472220000055, 105.139766667 -1.9510833329999855, 105.14758888900002 -1.9510833329999855, 105.14758888900002 -1.9482722220000142, 105.15264722199998 -1.9482722220000142, 105.15264722199998 -1.9464138889999845, 105.15426111099998 -1.9464138889999845, 105.15426111099998 -1.9447222219999958, 105.155536111 -1.9447222219999958, 105.155536111 -1.9392833329999917, 105.15752500000002 -1.9392833329999917, 105.15752500000002 -1.9342750000000137, 105.15997777799998 -1.9342750000000137, 105.15997777799998 -1.9311611109999944, 105.16236944399998 -1.9311611109999944, 105.16236944399998 -1.9291749999999865, 105.16493611099997 -1.9291749999999865, 105.16493611099997 -1.9257222219999903, 105.179852778 -1.9257222219999903, 105.179852778 -1.922725000000014, 105.185647222 -1.922725000000014, 105.185647222 -1.9205333329999803, 105.189602778 -1.9205333329999803, 105.189602778 -1.9174416669999914, 105.21049166699999 -1.9174416669999914, 105.21049166699999 -1.9129444440000043, 105.22498611100002 -1.9129444440000043, 105.22498611100002 -1.9092527779999955, 105.23099444399998 -1.9092527779999955, 105.23099444399998 -1.9047277779999945, 105.23818055599997 -1.9047277779999945, 105.23818055599997 -1.9007972219999942, 105.243438889 -1.9007972219999942, 105.243438889 -1.899383333000003, 105.25111666700002 -1.899383333000003, 105.25111666700002 -1.898330556000019, 105.26175 -1.898330556000019, 105.26175 -1.8975222220000205, 105.26558888900001 -1.8975222220000205))",AKTIF,19.0,05,2.0,11.0
5105.0,SUMATERA,BUPATI,,KEPULAUAN BANGKA BELITUNG,,KOTA PANGKAL PINANG,,,IUP,PT,STANINDO INTI PERKASA,3119712332014001,181 TAHUN 2011,2011-04-19,2031-04-19,OPERASI PRODUKSI,238.84,Timah,CNC-1,,,,"POLYGON ((106.205388889 -2.0871666670000195, 106.205388889 -2.0976666669999986, 106.22397222199999 -2.0976666669999986, 106.22397222199999 -2.0871666670000195, 106.205388889 -2.0871666670000195))",AKTIF,19.0,71,2.0,11.0
5175.0,SUMATERA,MENTERI,,KEPULAUAN BANGKA BELITUNG,,KAB. BANGKA SELATAN,,,IUP,PT,TIMAH TBK,3119032112014002,81201098819560150                                                                                   ,2025-04-22,2035-07-20,OPERASI PRODUKSI,979.7,TIMAH,CNC-14,,,"DESA GADUNG DAN TELADAN, KEC. TOBOALI","POLYGON ((106.44424166699997 -2.9807166670000242, 106.45458333300002 -2.9807166670000242, 106.45458333300002 -2.976647221999997, 106.45863333300002 -2.976647221999997, 106.45863333300002 -2.980711111000005, 106.47324444399999 -2.980711111000005, 106.47324444399999 -2.970991667000021, 106.46919722199999 -2.970991667000021, 106.46919722199999 -2.965116667000018, 106.46312222199998 -2.965116667000018, 106.46312222199998 -2.959916667000016, 106.46086944400002 -2.959916667000016, 106.46086944400002 -2.947038888999998, 106.441986111 -2.947038888999998, 106.441986111 -2.954044443999976, 106.44468611100001 -2.954044443999976, 106.44468611100001 -2.9585666670000137, 106.43974166700002 -2.9585666670000137, 106.43974166700002 -2.9707750000000033, 106.44424166699997 -2.9707750000000033, 106.44424166699997 -2.9807166670000242))",AKTIF,19.0,03,2.0,11.0
5283.0,SUMATERA,Menteri,,KEPULAUAN BANGKA BELITUNG,,KAB. BANGKA,,,IUP,PT,ARTHA PERSADA SEJAHTERA,3119012112014050,05082200546920002,2026-03-06,2036-07-03,OPERASI PRODUKSI,325.0,Timah,CNC-14,,,"LAUT PENYUSUK, KEC. BELINYU","POLYGON ((105.66255000000001 -1.55331666699999, 105.67423611100003 -1.55331666699999, 105.67423611100003 -1.5379333330000122, 105.66973333300001 -1.5379333330000122, 105.66973333300001 -1.5261750000000234, 105.66255000000001 -1.5261750000000234, 105.66255000000001 -1.55331666699999))",AKTIF,19.0,01,2.0,11.0
5507.0,SUMATERA,MENTERI,,KEPULAUAN BANGKA BELITUNG,,KAB. BANGKA BARAT,,,IUP,PT,TIMAH TBK,3119052112014007,81201098819560185                                                                                   ,2025-04-22,2035-07-20,OPERASI PRODUKSI,657.9,TIMAH,CNC-5,,,SIMPANG TERITIP,"POLYGON ((105.31066666700002 -1.8826333330000011, 105.31066666700002 -1.8897249999999985, 105.31824999999998 -1.8897249999999985, 105.31824999999998 -1.9087027780000199, 105.322105556 -1.9087027780000199, 105.322105556 -1.9158750000000282, 105.32572499999998 -1.9158750000000282, 105.32572499999998 -1.922486111000012, 105.329211111 -1.922486111000012, 105.329211111 -1.9269750000000272, 105.33342499999998 -1.9269750000000272, 105.33342499999998 -1.9309000000000083, 105.33575000000002 -1.9309000000000083, 105.33575000000002 -1.9349000000000274, 105.342030556 -1.9349000000000274, 105.342030556 -1.9309027780000179, 105.33886944400001 -1.9309027780000179, 105.33886944400001 -1.924699999999973, 105.33437777799998 -1.924699999999973, 105.33437777799998 -1.9176972220000152, 105.33043333299997 -1.9176972220000152, 105.33043333299997 -1.9131750000000238, 105.326669444 -1.9131750000000238, 105.326669444 -1.9038750000000277, 105.33043333299997 -1.9038750000000277, 105.33043333299997 -1.9072499999999764, 105.335347222 -1.9072499999999764, 105.335347222 -1.9096944440000243, 105.34453888899998 -1.9096944440000243, 105.34453888899998 -1.9051861109999777, 105.335930556 -1.9051861109999777, 105.335930556 -1.9009222220000197, 105.33002777799999 -1.9009222220000197, 105.33002777799999 -1.8969055559999788, 105.325822222 -1.8969055559999788, 105.325822222 -1.8897499999999923, 105.32219444399999 -1.8897499999999923, 105.32219444399999 -1.8791055560000132, 105.31528333300002 -1.8791055560000132, 105.31528333300002 -1.8826333330000011, 105.31066666700002 -1.8826333330000011))",AKTIF,19.0,05,2.0,11.0
5622.0,SUMATERA,MENTERI,,KEPULAUAN BANGKA BELITUNG,,KAB. BANGKA,,,IUP,PT,TIMAH TBK,3119012112014232,81201098819560118                                                                                   ,2024-09-30,2037-08-17,OPERASI PRODUKSI,1266.0,TIMAH,CNC-2,,,SUNGAILIAT,"POLYGON ((106.14389166699999 -1.8633666669999798, 106.14199166700001 -1.8633666669999798, 106.14199166700001 -1.8600222219999978, 106.14156944400003 -1.8600222219999978, 106.14156944400003 -1.8596694440000192, 106.14128055600003 -1.8596694440000192, 106.14128055600003 -1.8594249999999874, 106.14100277799997 -1.8594249999999874, 106.14100277799997 -1.8591444439999805, 106.14063333299998 -1.8591444439999805, 106.14063333299998 -1.8590277779999838, 106.14026388899998 -1.8590277779999838, 106.14026388899998 -1.8585555559999989, 106.139752778 -1.8585555559999989, 106.139752778 -1.8582583329999807, 106.13940000000002 -1.8582583329999807, 106.13940000000002 -1.8578972220000196, 106.13895000000002 -1.8578972220000196, 106.13895000000002 -1.857500000000016, 106.13863611099998 -1.857500000000016, 106.13863611099998 -1.8571749999999838, 106.13831388900002 -1.8571749999999838, 106.13831388900002 -1.8569388889999914, 106.13759166699998 -1.8569388889999914, 106.13759166699998 -1.856113889000028, 106.128891667 -1.856113889000028, 106.128891667 -1.8577777780000133, 106.12805555599999 -1.8577777780000133, 106.12805555599999 -1.8591638890000013, 106.12527222199998 -1.8591638890000013, 106.12527222199998 -1.8633361110000237, 106.12668888899998 -1.8633361110000237, 106.12668888899998 -1.8689805559999968, 106.125280556 -1.8689805559999968, 106.125280556 -1.8717444440000008, 106.12722500000001 -1.8717444440000008, 106.12722500000001 -1.8741638889999876, 106.12083055599999 -1.8741638889999876, 106.12083055599999 -1.8761111110000002, 106.1175 -1.8761111110000002, 106.1175 -1.8958305560000213, 106.11611111100001 -1.8958305560000213, 106.11611111100001 -1.9044416670000146, 106.11500000000001 -1.9044416670000146, 106.11500000000001 -1.9075000000000273, 106.12972500000001 -1.9075000000000273, 106.12972500000001 -1.8799138890000222, 106.139194444 -1.8799138890000222, 106.139194444 -1.8838916670000003, 106.15550277800003 -1.8838916670000003, 106.15550277800003 -1.8856361109999966, 106.158497222 -1.8856361109999966, 106.158497222 -1.888605556000016, 106.16062777799999 -1.888605556000016, 106.16062777799999 -1.8952750000000265, 106.16333611099998 -1.8952750000000265, 106.16333611099998 -1.876944444000003, 106.15416388900002 -1.876944444000003, 106.15416388900002 -1.8741666669999972, 106.145838889 -1.8741666669999972, 106.145838889 -1.8719416669999873, 106.14389166699999 -1.8719416669999873, 106.14389166699999 -1.8633666669999798))",AKTIF,19.0,01,2.0,11.0
5781.0,SUMATERA,MENTERI,,KEPULAUAN BANGKA BELITUNG,,KAB. BANGKA TENGAH,,,IUP,PT,TIMAH TBK,3119042112014022,81201098819560135                                                                                   ,2025-03-24,2035-07-21,OPERASI PRODUKSI,10960.0,TIMAH,CNC-1,,,LUBUK BESAR,"POLYGON ((106.51873055599998 -2.548097222000024, 106.51873055599998 -2.5474666669999806, 106.52592777799998 -2.5474666669999806, 106.52592777799998 -2.540077778000011, 106.52277222200001 -2.540077778000011, 106.52277222200001 -2.5321500000000015, 106.475605556 -2.5321500000000015, 106.475605556 -2.514163888999974, 106.472216667 -2.514163888999974, 106.472216667 -2.5103333330000055, 106.468208333 -2.5103333330000055, 106.468208333 -2.4950888889999874, 106.47064722200003 -2.4950888889999874, 106.47064722200003 -2.488852778000023, 106.463247222 -2.488852778000023, 106.463247222 -2.4828749999999786, 106.455877778 -2.4828749999999786, 106.455877778 -2.4783333330000232, 106.45071111099998 -2.4783333330000232, 106.45071111099998 -2.4753833330000248, 106.43905277800002 -2.4753833330000248, 106.43905277800002 -2.4792111109999837, 106.42424722200002 -2.4792111109999837, 106.42424722200002 -2.487438888999975, 106.422933333 -2.487438888999975, 106.422933333 -2.5150166669999976, 106.42026666700002 -2.5150166669999976, 106.42026666700002 -2.5215055560000224, 106.422511111 -2.5215055560000224, 106.422511111 -2.5218472220000194, 106.42449166699998 -2.5218472220000194, 106.42449166699998 -2.5234722220000094, 106.42508611099998 -2.5234722220000094, 106.42508611099998 -2.5246194439999954, 106.42565277800003 -2.5246194439999954, 106.42565277800003 -2.525741666999977, 106.42620833299998 -2.525741666999977, 106.42620833299998 -2.526724999999999, 106.426652778 -2.526724999999999, 106.426652778 -2.5274388889999955, 106.427086111 -2.5274388889999955, 106.427086111 -2.528208333000009, 106.42765277799998 -2.528208333000009, 106.42765277799998 -2.529211110999995, 106.42939999999999 -2.529211110999995, 106.42939999999999 -2.528686111000013, 106.43010833300002 -2.528686111000013, 106.43010833300002 -2.528205555999989, 106.43075555600001 -2.528205555999989, 106.43075555600001 -2.5276250000000005, 106.43135000000001 -2.5276250000000005, 106.43135000000001 -2.52702777799999, 106.43191388899999 -2.52702777799999, 106.43191388899999 -2.5265222219999828, 106.43284166699999 -2.5265222219999828, 106.43284166699999 -2.527622221999991, 106.433227778 -2.527622221999991, 106.433227778 -2.52865277799998, 106.43368055600001 -2.52865277799998, 106.43368055600001 -2.5298027779999757, 106.43415833300003 -2.5298027779999757, 106.43415833300003 -2.53190833299999, 106.43342222199999 -2.53190833299999, 106.43342222199999 -2.5325527780000243, 106.43290000000002 -2.5325527780000243, 106.43290000000002 -2.5334722220000003, 106.43177777800003 -2.5334722220000003, 106.43177777800003 -2.533730556000023, 106.43095 -2.533730556000023, 106.43095 -2.5344444439999734, 106.43016111100002 -2.5344444439999734, 106.43016111100002 -2.5376305560000105, 106.43376111100002 -2.5376305560000105, 106.43376111100002 -2.5520972219999862, 106.43017222200001 -2.5520972219999862, 106.43017222200001 -2.5586472219999905, 106.44634722199999 -2.5586472219999905, 106.44634722199999 -2.567908332999991, 106.44186111099998 -2.567908332999991, 106.44186111099998 -2.585550000000012, 106.425686111 -2.585550000000012, 106.425686111 -2.617433333000008, 106.486847222 -2.617433333000008, 106.486847222 -2.607983332999993, 106.49582777799998 -2.607983332999993, 106.49582777799998 -2.5943777780000232, 106.50370833300002 -2.5943777780000232, 106.50370833300002 -2.593174999999974, 106.50495833299999 -2.593174999999974, 106.50495833299999 -2.5910222219999923, 106.50695000000002 -2.5910222219999923, 106.50695000000002 -2.5884944439999913, 106.50983333300002 -2.5884944439999913, 106.50983333300002 -2.587380556000028, 106.51234166699999 -2.587380556000028, 106.51234166699999 -2.5657527779999896, 106.51873055599998 -2.5657527779999896, 106.51873055599998 -2.548097222000024), (106.51716944399999 -2.552099999999996, 106.51266944399998 -2.552099999999996, 106.51266944399998 -2.550602777999984, 106.50887222199998 -2.550602777999984, 106.50887222199998 -2.551791666999975, 106.48169999999999 -2.551791666999975, 106.48169999999999 -2.5490833329999987, 106.50400555599998 -2.5490833329999987, 106.50400555599998 -2.5474944439999945, 106.50462499999998 -2.5474944439999945, 106.50462499999998 -2.545675000000017, 106.50999166700001 -2.545675000000017, 106.50999166700001 -2.543352777999985, 106.51407222199998 -2.543352777999985, 106.51407222199998 -2.548097222000024, 106.51716944399999 -2.548097222000024, 106.51716944399999 -2.552099999999996))",AKTIF,19.0,04,2.0,11.0
5782.0,SUMATERA,MENTERI,,KEPULAUAN BANGKA BELITUNG,,KAB. BANGKA,,,IUP,PT,TIMAH TBK,3119012112014144,81201098819560192                                                                                   ,2025-05-21,2035-07-20,OPERASI PRODUKSI,495.3,TIMAH,CNC-2,,,BELINYU,"POLYGON ((105.75680833299998 -1.5450611109999954, 105.74977777800001 -1.5450611109999954, 105.74977777800001 -1.5445527780000248, 105.74340555600003 -1.5445527780000248, 105.74340555600003 -1.5452527780000196, 105.74043055599998 -1.5452527780000196, 105.74043055599998 -1.5462916669999913, 105.73852777799999 -1.5462916669999913, 105.73852777799999 -1.5512749999999755, 105.74042500000002 -1.5512749999999755, 105.74042500000002 -1.5555694440000138, 105.74560000000002 -1.5555694440000138, 105.74560000000002 -1.546077777999983, 105.74829166699999 -1.546077777999983, 105.74829166699999 -1.5555722220000234, 105.75997222199999 -1.5555722220000234, 105.75997222199999 -1.5716249999999832, 105.766261111 -1.5716249999999832, 105.766261111 -1.5786361109999802, 105.77187777799998 -1.5786361109999802, 105.77187777799998 -1.5734333330000254, 105.76963611100001 -1.5734333330000254, 105.76963611100001 -1.5598666669999943, 105.765597222 -1.5598666669999943, 105.765597222 -1.5517249999999763, 105.76244722199999 -1.5517249999999763, 105.76244722199999 -1.5462999999999738, 105.75952222199999 -1.5462999999999738, 105.75952222199999 -1.5446527779999997, 105.75680833299998 -1.5446527779999997, 105.75680833299998 -1.5450611109999954))",AKTIF,19.0,01,2.0,11.0
5783.0,SUMATERA,MENTERI,,KEPULAUAN BANGKA BELITUNG,,KAB. BANGKA,,,IUP,PT,TIMAH TBK,3119012112014233,81201098819560132                                                                                   ,2025-05-23,2035-07-20,OPERASI PRODUKSI,3529.0,TIMAH,CNC-2,,,BELINYU,"POLYGON ((105.81733333300002 -1.5406416669999885, 105.80668333300002 -1.5406416669999885, 105.80668333300002 -1.5410777779999876, 105.80182777800002 -1.5410777779999876, 105.80182777800002 -1.5459305559999734, 105.80346666700001 -1.5459305559999734, 105.80346666700001 -1.5550027780000164, 105.80098611099999 -1.5550027780000164, 105.80098611099999 -1.5613833329999807, 105.796344444 -1.5613833329999807, 105.796344444 -1.568783332999999, 105.799455556 -1.568783332999999, 105.799455556 -1.5724611109999955, 105.80510833300002 -1.5724611109999955, 105.80510833300002 -1.5663277780000158, 105.81004999999999 -1.5663277780000158, 105.81004999999999 -1.5718249999999898, 105.81819999999999 -1.5718249999999898, 105.81819999999999 -1.5751444439999887, 105.814377778 -1.5751444439999887, 105.814377778 -1.5803999999999974, 105.81909444399997 -1.5803999999999974, 105.81909444399997 -1.5892999999999802, 105.823561111 -1.5892999999999802, 105.823561111 -1.5797999999999774, 105.82818888899999 -1.5797999999999774, 105.82818888899999 -1.5870972220000112, 105.83274444400001 -1.5870972220000112, 105.83274444400001 -1.5792000000000144, 105.84113333300002 -1.5792000000000144, 105.84113333300002 -1.592422221999982, 105.835744444 -1.592422221999982, 105.835744444 -1.596044443999972, 105.82242500000001 -1.596044443999972, 105.82242500000001 -1.604622221999989, 105.83577777800002 -1.604622221999989, 105.83577777800002 -1.6107388890000038, 105.84346111100001 -1.6107388890000038, 105.84346111100001 -1.6026611109999749, 105.851211111 -1.6026611109999749, 105.851211111 -1.6114499999999907, 105.84826388900001 -1.6114499999999907, 105.84826388900001 -1.6183638890000225, 105.84513055600002 -1.6183638890000225, 105.84513055600002 -1.621430556000007, 105.85188333299999 -1.621430556000007, 105.85188333299999 -1.617050000000006, 105.85399999999998 -1.617050000000006, 105.85399999999998 -1.6147944439999833, 105.85806944400002 -1.6147944439999833, 105.85806944400002 -1.6323888890000262, 105.86620555600001 -1.6323888890000262, 105.86620555600001 -1.6202638890000003, 105.87068888900001 -1.6202638890000003, 105.87068888900001 -1.6241944440000111, 105.87716111100002 -1.6241944440000111, 105.87716111100002 -1.6175555560000134, 105.87328333300002 -1.6175555560000134, 105.87328333300002 -1.6154777780000131, 105.86547777800001 -1.6154777780000131, 105.86547777800001 -1.6112361109999824, 105.86252777800001 -1.6112361109999824, 105.86252777800001 -1.6032472219999931, 105.86175277799998 -1.6032472219999931, 105.86175277799998 -1.601205556000025, 105.86061111100003 -1.601205556000025, 105.86061111100003 -1.6000027779999755, 105.85938055600002 -1.6000027779999755, 105.85938055600002 -1.5990277779999928, 105.85783888899999 -1.5990277779999928, 105.85783888899999 -1.5927333330000124, 105.853433333 -1.5927333330000124, 105.853433333 -1.589369443999999, 105.850708333 -1.589369443999999, 105.850708333 -1.577588889000026, 105.853194444 -1.577588889000026, 105.853194444 -1.5748194440000134, 105.85795555599998 -1.5748194440000134, 105.85795555599998 -1.565616666999972, 105.86257222199998 -1.565616666999972, 105.86257222199998 -1.5508333330000141, 105.867986111 -1.5508333330000141, 105.867986111 -1.5418888890000062, 105.870977778 -1.5418888890000062, 105.870977778 -1.533877777999976, 105.87623888899998 -1.533877777999976, 105.87623888899998 -1.529916667000009, 105.87179166700002 -1.529916667000009, 105.87179166700002 -1.5257666670000276, 105.87215833300002 -1.5257666670000276, 105.87215833300002 -1.5234305559999939, 105.86740277799998 -1.5234305559999939, 105.86740277799998 -1.5281666669999936, 105.86435833299998 -1.5281666669999936, 105.86435833299998 -1.534255556000005, 105.861188889 -1.534255556000005, 105.861188889 -1.5433944440000005, 105.85486111099999 -1.5433944440000005, 105.85486111099999 -1.5484055559999774, 105.853555556 -1.5484055559999774, 105.853555556 -1.5652999999999793, 105.83342777799999 -1.5652999999999793, 105.83342777799999 -1.5426611109999726, 105.81733333300002 -1.5426611109999726, 105.81733333300002 -1.5406416669999885))",AKTIF,19.0,01,2.0,11.0
5784.0,SUMATERA,MENTERI,,KEPULAUAN BANGKA BELITUNG,,KAB. BANGKA,,,IUP,PT,TIMAH TBK,3119012112014168,81201098819560142                                                                                   ,2024-08-12,2035-07-20,OPERASI PRODUKSI,558.0,TIMAH,CNC-2,,,MERAWANG,"POLYGON ((106.11484722199998 -1.9316916669999955, 106.10656666699998 -1.9316916669999955, 106.10656666699998 -1.9382388889999902, 106.09242499999999 -1.9382388889999902, 106.09242499999999 -1.9629333330000236, 106.09996666699999 -1.9629333330000236, 106.09996666699999 -1.9615555560000075, 106.106041667 -1.9615555560000075, 106.106041667 -1.9544972219999863, 106.107616667 -1.9544972219999863, 106.107616667 -1.943474999999978, 106.118041667 -1.943474999999978, 106.118041667 -1.9408222220000084, 106.11484722199998 -1.9408222220000084, 106.11484722199998 -1.9316916669999955))",AKTIF,19.0,01,2.0,11.0
5785.0,SUMATERA,MENTERI,,KEPULAUAN BANGKA BELITUNG,,KAB. BANGKA,,,IUP,PT,TIMAH TBK,3119012112014234,81201098819560143                                                                                   ,2024-08-12,2035-07-20,OPERASI PRODUKSI,322.0,TIMAH,CNC-2,,,MERAWANG,"POLYGON ((106.07950555600002 -1.974136111000007, 106.07198888900001 -1.974136111000007, 106.07198888900001 -1.9847444440000004, 106.06586666700002 -1.9847444440000004, 106.06586666700002 -2.0036583329999758, 106.06769444399998 -2.0036583329999758, 106.06769444399998 -2.010213888999999, 106.07394166699999 -2.010213888999999, 106.07394166699999 -2.00481944400002, 106.07222777800001 -2.00481944400002, 106.07222777800001 -1.9888111110000182, 106.07645555599998 -1.9888111110000182, 106.07645555599998 -1.9864833330000238, 106.07950555600002 -1.9864833330000238, 106.07950555600002 -1.974136111000007))",AKTIF,19.0,01,2.0,11.0
5786.0,SUMATERA,MENTERI,,KEPULAUAN BANGKA BELITUNG,,KAB. BANGKA,,,IUP,PT,TIMAH TBK,3119012112014235,81201098819560043                                                                                   ,2025-03-24,2035-07-20,OPERASI PRODUKSI,9919.0,TIMAH,CNC-2,,,SUNGAI LIAT,"POLYGON ((106.19318611099999 -1.8144111110000267, 106.121083333 -1.8144111110000267, 106.121083333 -1.830455556000004, 106.12569444399998 -1.830455556000004, 106.12569444399998 -1.8403111110000054, 106.13025833299997 -1.8403111110000054, 106.13025833299997 -1.8477777780000224, 106.13481111099998 -1.8477777780000224, 106.13481111099998 -1.853627777999975, 106.13761111100001 -1.853627777999975, 106.13761111100001 -1.8568194439999957, 106.14040833299998 -1.8568194439999957, 106.14040833299998 -1.8589333329999818, 106.145122222 -1.8589333329999818, 106.145122222 -1.8625694439999734, 106.148986111 -1.8625694439999734, 106.148986111 -1.8648888889999853, 106.15240555600002 -1.8648888889999853, 106.15240555600002 -1.8667555559999869, 106.16426388899998 -1.8667555559999869, 106.16426388899998 -1.870999999999981, 106.17239444400002 -1.870999999999981, 106.17239444400002 -1.877061110999989, 106.17668888899999 -1.877061110999989, 106.17668888899999 -1.8881999999999834, 106.18148611100003 -1.8881999999999834, 106.18148611100003 -1.891399999999976, 106.18635555600002 -1.891399999999976, 106.18635555600002 -1.9082944439999778, 106.18172222200002 -1.9082944439999778, 106.18172222200002 -1.911375000000021, 106.17649999999998 -1.911375000000021, 106.17649999999998 -1.9124777779999818, 106.17368055600002 -1.9124777779999818, 106.17368055600002 -1.9207416670000157, 106.166027778 -1.9207416670000157, 106.166027778 -1.9284277780000139, 106.15980000000002 -1.9284277780000139, 106.15980000000002 -1.9535833329999832, 106.15658888899998 -1.9535833329999832, 106.15658888899998 -1.9725166669999794, 106.15301111100001 -1.9725166669999794, 106.15301111100001 -2.009650000000022, 106.157455556 -2.009650000000022, 106.157455556 -2.0308277780000026, 106.19318611099999 -2.0308277780000026, 106.19318611099999 -1.8144111110000267))",AKTIF,19.0,01,2.0,11.0
5789.0,SUMATERA,MENTERI,,KEPULAUAN BANGKA BELITUNG,,KAB. BANGKA,,,IUP,PT,TIMAH TBK,3119012112014236,81201098819560096                                                                                   ,2025-03-24,2035-07-20,OPERASI PRODUKSI,6839.0,TIMAH,CNC-2,,,RIAU SILIP,"POLYGON ((106.049294444 -1.6398666669999784, 106.02509444399999 -1.6398666669999784, 106.02509444399999 -1.671297222000021, 106.0326 -1.671297222000021, 106.0326 -1.6871333330000198, 106.03721111099998 -1.6871333330000198, 106.03721111099998 -1.6953972219999969, 106.047363889 -1.6953972219999969, 106.047363889 -1.704616666999982, 106.05676388900002 -1.704616666999982, 106.05676388900002 -1.7110916670000051, 106.06681111099999 -1.7110916670000051, 106.06681111099999 -1.735761110999988, 106.07253888899999 -1.735761110999988, 106.07253888899999 -1.7468749999999886, 106.07708333300002 -1.7468749999999886, 106.07708333300002 -1.7520111110000016, 106.08421666700002 -1.7520111110000016, 106.08421666700002 -1.756038889000024, 106.09416666700002 -1.756038889000024, 106.09416666700002 -1.7600083329999734, 106.0924 -1.7600083329999734, 106.0924 -1.7745777779999798, 106.09519444400001 -1.7745777779999798, 106.09519444400001 -1.7801055560000236, 106.09795000000003 -1.7801055560000236, 106.09795000000003 -1.7845722220000084, 106.10049444399999 -1.7845722220000084, 106.10049444399999 -1.7877361110000152, 106.103858333 -1.7877361110000152, 106.103858333 -1.789822221999998, 106.10697222200002 -1.789822221999998, 106.10697222200002 -1.792950000000019, 106.11108888899997 -1.792950000000019, 106.11108888899997 -1.7957999999999856, 106.11381666699998 -1.7957999999999856, 106.11381666699998 -1.7980805560000022, 106.11780555600001 -1.7980805560000022, 106.11780555600001 -1.7598722220000127, 106.095522222 -1.7598722220000127, 106.095522222 -1.6542833330000235, 106.049294444 -1.6542833330000235, 106.049294444 -1.6398666669999784))",AKTIF,19.0,01,2.0,11.0
5790.0,SUMATERA,MENTERI,,KEPULAUAN BANGKA BELITUNG,,KAB. BANGKA,,,IUP,PT,TIMAH TBK,3119012112014169,81201098819560144                                                                                   ,2025-05-06,2035-07-20,OPERASI PRODUKSI,738.0,TIMAH,CNC-2,,,"DAERAH A.PUGUL/KAYU ARANG, KEC. BELINYU","POLYGON ((105.94586666700002 -1.7621111110000243, 105.94586666700002 -1.7790888889999792, 105.96673611099999 -1.7790888889999792, 105.96673611099999 -1.7863166669999941, 105.98509999999999 -1.7863166669999941, 105.98509999999999 -1.7698611110000115, 105.98031111099999 -1.7698611110000115, 105.98031111099999 -1.7581111110000052, 105.97490833299997 -1.7581111110000052, 105.97490833299997 -1.7714861110000015, 105.95541944399997 -1.7714861110000015, 105.95541944399997 -1.7621111110000243, 105.94586666700002 -1.7621111110000243))",AKTIF,19.0,01,2.0,11.0
5791.0,SUMATERA,MENTERI,,KEPULAUAN BANGKA BELITUNG,,KAB. BANGKA,,,IUP,PT,TIMAH TBK,3119012112014237,81201098819560154                                                                                   ,2024-12-20,2035-07-20,OPERASI PRODUKSI,385.7,TIMAH,CNC-2,,,BELINYU,"POLYGON ((105.75650277800003 -1.6073388890000047, 105.75650277800003 -1.6079166669999836, 105.756058333 -1.6079166669999836, 105.756058333 -1.608141666999984, 105.755516667 -1.608141666999984, 105.755516667 -1.6086500000000115, 105.754722222 -1.6086500000000115, 105.754722222 -1.6093388890000142, 105.75434722199998 -1.6093388890000142, 105.75434722199998 -1.6102277780000236, 105.75390833300003 -1.6102277780000236, 105.75390833300003 -1.6107999999999834, 105.75416666699999 -1.6107999999999834, 105.75416666699999 -1.6113777780000191, 105.75465277799998 -1.6113777780000191, 105.75465277799998 -1.6125388890000067, 105.754908333 -1.6125388890000067, 105.754908333 -1.6151666669999827, 105.75349166699999 -1.6151666669999827, 105.75349166699999 -1.6154694439999844, 105.75260555599999 -1.6154694439999844, 105.75260555599999 -1.6166972220000275, 105.75187499999998 -1.6166972220000275, 105.75187499999998 -1.6188722219999931, 105.75816666700001 -1.6188722219999931, 105.75816666700001 -1.6152611109999953, 105.76378333299999 -1.6152611109999953, 105.76378333299999 -1.6168388890000074, 105.77276666699998 -1.6168388890000074, 105.77276666699998 -1.629275000000007, 105.784227778 -1.629275000000007, 105.784227778 -1.6211333329999889, 105.780180556 -1.6211333329999889, 105.780180556 -1.6154861109999956, 105.78288333299997 -1.6154861109999956, 105.78288333299997 -1.6114166670000145, 105.777941667 -1.6114166670000145, 105.777941667 -1.6129944439999804, 105.77075000000002 -1.6129944439999804, 105.77075000000002 -1.6111833329999854, 105.76491388900001 -1.6111833329999854, 105.76491388900001 -1.6073388890000047, 105.75650277800003 -1.6073388890000047))",AKTIF,19.0,01,2.0,11.0
5792.0,SUMATERA,MENTERI,,KEPULAUAN BANGKA BELITUNG,,KAB. BANGKA,,,IUP,PT,TIMAH TBK,3119012112014171,81201098819560176                                                                                   ,2024-08-28,2035-07-20,OPERASI PRODUKSI,207.0,TIMAH,CNC-2,,,SUNGAI LIAT,"POLYGON ((106.10473055599999 -1.9020555559999934, 106.09751111100002 -1.9020555559999934, 106.09751111100002 -1.9082166669999765, 106.095033333 -1.9082166669999765, 106.095033333 -1.9103555560000132, 106.09233888900002 -1.9103555560000132, 106.09233888900002 -1.9121999999999844, 106.089477778 -1.9121999999999844, 106.089477778 -1.9102944439999874, 106.08529166699998 -1.9102944439999874, 106.08529166699998 -1.9205861109999773, 106.09555833299999 -1.9205861109999773, 106.09555833299999 -1.9121888889999923, 106.09961944399998 -1.9121888889999923, 106.09961944399998 -1.9104388889999768, 106.10258333299998 -1.9104388889999768, 106.10258333299998 -1.908194444000003, 106.10473055599999 -1.908194444000003, 106.10473055599999 -1.9020555559999934))",AKTIF,19.0,01,2.0,11.0
5849.0,SUMATERA,MENTERI,,KEPULAUAN BANGKA BELITUNG,,KAB. BANGKA BARAT,,,IUP,PT,TIMAH TBK,3119052112014079,81201098819560138                                                                                   ,2025-03-04,2035-07-20,OPERASI PRODUKSI,1419.0,TIMAH,CNC-3,,,MENTOK,"POLYGON ((105.20418055599998 -2.059894444000008, 105.20626666700002 -2.059894444000008, 105.20626666700002 -2.0604888889999984, 105.20892500000002 -2.0604888889999984, 105.20892500000002 -2.0587249999999813, 105.20976111099998 -2.0587249999999813, 105.20976111099998 -2.0579250000000116, 105.21216388900001 -2.0579250000000116, 105.21216388900001 -2.0552111110000055, 105.21916666700002 -2.0552111110000055, 105.21916666700002 -2.0537277779999954, 105.22955000000002 -2.0537277779999954, 105.22955000000002 -2.0630055560000073, 105.24369166700001 -2.0630055560000073, 105.24369166700001 -2.049133332999986, 105.24869999999999 -2.049133332999986, 105.24869999999999 -2.025841667000009, 105.239163889 -2.025841667000009, 105.239163889 -2.0264666670000224, 105.22100555600002 -2.0264666670000224, 105.22100555600002 -2.028647222000018, 105.22541666699999 -2.028647222000018, 105.22541666699999 -2.0481250000000273, 105.22053888900001 -2.0481250000000273, 105.22053888900001 -2.043330556000001, 105.21865000000003 -2.043330556000001, 105.21865000000003 -2.0320416669999872, 105.21673611099999 -2.0320416669999872, 105.21673611099999 -2.0282888890000095, 105.215180556 -2.0282888890000095, 105.215180556 -2.026549999999986, 105.20900277800001 -2.026549999999986, 105.20900277800001 -2.031472221999991, 105.21227222200002 -2.031472221999991, 105.21227222200002 -2.036508332999972, 105.21395000000001 -2.036508332999972, 105.21395000000001 -2.0440222220000237, 105.209038889 -2.0440222220000237, 105.209038889 -2.035419444000013, 105.20581388900001 -2.035419444000013, 105.20581388900001 -2.0297722220000196, 105.19934999999998 -2.0297722220000196, 105.19934999999998 -2.034522222000021, 105.202186111 -2.034522222000021, 105.202186111 -2.040149999999983, 105.205480556 -2.040149999999983, 105.205480556 -2.0479194440000015, 105.20761666700002 -2.0479194440000015, 105.20761666700002 -2.0566611109999826, 105.20418055599998 -2.0566611109999826, 105.20418055599998 -2.059894444000008))",AKTIF,19.0,05,2.0,11.0
6208.0,SUMATERA,MENTERI,,KEPULAUAN BANGKA BELITUNG,,KAB. BANGKA TENGAH,,,IUP,PT,MITRA STANIA KEMINGKING,3119042112014040,91203120501780007                                                                                   ,2024-11-07,2035-01-13,OPERASI PRODUKSI,1206.4,TIMAH,CNC-1,,,KEC. SUNGAISELAN DAN KOBA,"MULTIPOLYGON (((106.18725863899999 -2.4670972220000067, 106.19787500000001 -2.4670972220000067, 106.19787500000001 -2.4727944439999874, 106.20902222199999 -2.4727944439999874, 106.20902222199999 -2.465988889000016, 106.22051666700003 -2.465988889000016, 106.22051666700003 -2.4501805560000207, 106.20073611100003 -2.4501805560000207, 106.20073611100003 -2.4547111109999946, 106.19624166699998 -2.4547111109999946, 106.19624166699998 -2.456975, 106.18725863899999 -2.456975, 106.18725863899999 -2.4670972220000067)), ((106.268180556 -2.453930555999989, 106.25740277800003 -2.453930555999989, 106.25740277800003 -2.4683916669999917, 106.26280555599999 -2.4683916669999917, 106.26280555599999 -2.475447222000014, 106.281675 -2.475447222000014, 106.281675 -2.458430555999996, 106.27717777800001 -2.458430555999996, 106.27717777800001 -2.456177777999983, 106.268180556 -2.456177777999983, 106.268180556 -2.453930555999989)))",AKTIF,19.0,04,2.0,11.0
6280.0,SUMATERA,GUBERNUR,,KEPULAUAN BANGKA BELITUNG,,4-12 MIL LAUT,,,IUP,PT,MITRA SUKSES GLOBALINDO,2119002112014198,188.44/052/DPE/2012,2012-01-20,2031-12-19,OPERASI PRODUKSI,1624.0,TIMAH DMP,CNC-1, ,BLOK SANGAU C.3.,NO.12 (4MIL-12MIL GARIS PANTAI) KEPULAUAN BANGKA BELITUNG (LAUT TANJUNG SANGAU),"POLYGON ((105.54500000000002 -1.4449999999999932, 105.54500000000002 -1.465832999999975, 105.60805599999998 -1.465832999999975, 105.60805599999998 -1.4449999999999932, 105.54500000000002 -1.4449999999999932))",AKTIF,19.0,00,2.0,11.0
6621.0,SUMATERA,MENTERI,,KEPULAUAN BANGKA BELITUNG,,KAB. BANGKA SELATAN,,,IUP,PT,TIMAH TBK,3119032112014046,81201098819560134                                                                                   ,2025-05-26,2035-06-12,OPERASI PRODUKSI,749.7,TIMAH,CNC-18,,,"WIL. LAUT PERMIS, KEC. SIMPANG RIMBA","POLYGON ((105.85662500000001 -2.532880556000009, 105.85662500000001 -2.5509888889999957, 105.86680555599997 -2.5509888889999957, 105.86680555599997 -2.560024999999996, 105.87605277799997 -2.560024999999996, 105.87605277799997 -2.55828333300002, 105.882675 -2.55828333300002, 105.882675 -2.5341777780000143, 105.87757222200003 -2.5341777780000143, 105.87757222200003 -2.531630555999982, 105.86824722199998 -2.531630555999982, 105.86824722199998 -2.532880556000009, 105.85662500000001 -2.532880556000009))",AKTIF,19.0,03,2.0,11.0
6622.0,SUMATERA,MENTERI,,KEPULAUAN BANGKA BELITUNG,,KAB. BANGKA SELATAN,,,IUP,PT,TIMAH TBK,3119032112014047,81201098819560136                                                                                   ,2025-05-27,2036-05-22,OPERASI PRODUKSI,1000.0,TIMAH,CNC-17,,,"WIL. LAUT PERMIS, KEC. SIMPANG RIMBA","POLYGON ((105.834738889 -2.539455556000007, 105.834738889 -2.5719611110000073, 105.87126388899998 -2.5719611110000073, 105.87126388899998 -2.5737472220000086, 105.88721666700002 -2.5737472220000086, 105.88721666700002 -2.56500833299998, 105.89249722199997 -2.56500833299998, 105.89249722199997 -2.55354722200002, 105.882675 -2.55354722200002, 105.882675 -2.55828333300002, 105.88613333299998 -2.55828333300002, 105.88613333299998 -2.565138889000025, 105.88467500000002 -2.565138889000025, 105.88467500000002 -2.573211110999978, 105.872538889 -2.573211110999978, 105.872538889 -2.5702361109999856, 105.86832222200002 -2.5702361109999856, 105.86832222200002 -2.5684888889999797, 105.864402778 -2.5684888889999797, 105.864402778 -2.5697000000000116, 105.85994166699999 -2.5697000000000116, 105.85994166699999 -2.566644444000019, 105.85049166699997 -2.566644444000019, 105.85049166699997 -2.5704166670000177, 105.84226666699999 -2.5704166670000177, 105.84226666699999 -2.5578666669999848, 105.85735 -2.5578666669999848, 105.85735 -2.5592555559999823, 105.86205555599997 -2.5592555559999823, 105.86205555599997 -2.560024999999996, 105.86680277800002 -2.560024999999996, 105.86680277800002 -2.5510138889999894, 105.85662500000001 -2.5510138889999894, 105.85662500000001 -2.539455556000007, 105.834738889 -2.539455556000007))",AKTIF,19.0,03,2.0,11.0
6623.0,SUMATERA,MENTERI,,KEPULAUAN BANGKA BELITUNG,,KAB. BANGKA SELATAN,,,IUP,PT,TIMAH TBK,3119032112014008,81201098819560149                                                                                   ,2024-08-23,2035-07-20,OPERASI PRODUKSI,1307.0,TIMAH,CNC-14,,,AIR GEGAS,"POLYGON ((106.15393888900002 -2.7210416670000086, 106.15393888900002 -2.733302777999995, 106.16215 -2.733302777999995, 106.16215 -2.7243805560000283, 106.19496388900001 -2.7243805560000283, 106.19496388900001 -2.727561111, 106.20736388900002 -2.727561111, 106.20736388900002 -2.7215916669999842, 106.21679722200003 -2.7215916669999842, 106.21679722200003 -2.710513889000026, 106.21964444399998 -2.710513889000026, 106.21964444399998 -2.6936749999999847, 106.22231388900002 -2.6936749999999847, 106.22231388900002 -2.68239722200002, 106.23264444400002 -2.68239722200002, 106.23264444400002 -2.6781277779999755, 106.24178055599998 -2.6781277779999755, 106.24178055599998 -2.671524999999974, 106.24764166699998 -2.671524999999974, 106.24764166699998 -2.669788889000017, 106.25025833299998 -2.669788889000017, 106.25025833299998 -2.668322221999972, 106.25215555599999 -2.668322221999972, 106.25215555599999 -2.664938888999984, 106.25438611099997 -2.664938888999984, 106.25438611099997 -2.659705556000006, 106.250716667 -2.659705556000006, 106.250716667 -2.663530556000012, 106.24918888899998 -2.663530556000012, 106.24918888899998 -2.66565555599999, 106.247327778 -2.66565555599999, 106.247327778 -2.6668416670000283, 106.23702222200001 -2.6668416670000283, 106.23702222200001 -2.6705055560000233, 106.23061944400001 -2.6705055560000233, 106.23061944400001 -2.6727861109999935, 106.21726111100003 -2.6727861109999935, 106.21726111100003 -2.6923472220000235, 106.21558055600002 -2.6923472220000235, 106.21558055600002 -2.6968055560000153, 106.214197222 -2.6968055560000153, 106.214197222 -2.705622221999988, 106.20963888900002 -2.705622221999988, 106.20963888900002 -2.7140527779999957, 106.205663889 -2.7140527779999957, 106.205663889 -2.7189083330000017, 106.19809166700003 -2.7189083330000017, 106.19809166700003 -2.716419443999996, 106.16204166699998 -2.716419443999996, 106.16204166699998 -2.7210416670000086, 106.15393888900002 -2.7210416670000086))",AKTIF,19.0,03,2.0,11.0
6624.0,SUMATERA,MENTERI,,KEPULAUAN BANGKA BELITUNG,,KAB. BANGKA BARAT,,,IUP,PT,TIMAH TBK,3119052112014012,81201098819560109                                                                                   ,2024-08-28,2035-07-20,OPERASI PRODUKSI,6898.0,TIMAH,CNC-2,,,JEBUS,"POLYGON ((105.44001944399997 -1.7370222220000073, 105.44715277799997 -1.7370222220000073, 105.44715277799997 -1.7340861110000105, 105.43962222200003 -1.7340861110000105, 105.43962222200003 -1.7292583330000184, 105.44218611100001 -1.7292583330000184, 105.44218611100001 -1.7250555559999725, 105.44914166699999 -1.7250555559999725, 105.44914166699999 -1.7217638889999876, 105.45438333300001 -1.7217638889999876, 105.45438333300001 -1.7164388890000168, 105.45283888900002 -1.7164388890000168, 105.45283888900002 -1.7146555560000252, 105.45626388900001 -1.7146555560000252, 105.45626388900001 -1.7088472219999744, 105.47292777799998 -1.7088472219999744, 105.47292777799998 -1.7046194440000022, 105.48674999999997 -1.7046194440000022, 105.48674999999997 -1.7001083330000029, 105.49011388899999 -1.7001083330000029, 105.49011388899999 -1.6914972220000095, 105.485261111 -1.6914972220000095, 105.485261111 -1.6951805560000253, 105.48446666699999 -1.6951805560000253, 105.48446666699999 -1.6983999999999924, 105.48065277799998 -1.6983999999999924, 105.48065277799998 -1.6839222219999783, 105.48792222200001 -1.6839222219999783, 105.48792222200001 -1.6862916669999777, 105.49466388899998 -1.6862916669999777, 105.49466388899998 -1.68425000000002, 105.49874444400001 -1.68425000000002, 105.49874444400001 -1.6817388889999734, 105.50505277799999 -1.6817388889999734, 105.50505277799999 -1.6786749999999984, 105.51264444399999 -1.6786749999999984, 105.51264444399999 -1.6874861109999983, 105.52377777800001 -1.6874861109999983, 105.52377777800001 -1.6852916670000013, 105.524636111 -1.6852916670000013, 105.524636111 -1.6796416669999985, 105.529144444 -1.6796416669999985, 105.529144444 -1.6722916670000245, 105.51710833300001 -1.6722916670000245, 105.51710833300001 -1.668299999999988, 105.50430277800001 -1.668299999999988, 105.50430277800001 -1.6650916670000129, 105.51640833300002 -1.6650916670000129, 105.51640833300002 -1.6614861109999879, 105.52245555600001 -1.6614861109999879, 105.52245555600001 -1.6650888890000033, 105.53075000000001 -1.6650888890000033, 105.53075000000001 -1.662149999999997, 105.53454166699998 -1.662149999999997, 105.53454166699998 -1.6680749999999875, 105.5394 -1.6680749999999875, 105.5394 -1.6800499999999943, 105.543263889 -1.6800499999999943, 105.543263889 -1.6841722219999724, 105.54562499999997 -1.6841722219999724, 105.54562499999997 -1.6893666670000016, 105.56129722200001 -1.6893666670000016, 105.56129722200001 -1.690708332999975, 105.56562777800002 -1.690708332999975, 105.56562777800002 -1.6963611109999874, 105.56925555599997 -1.6963611109999874, 105.56925555599997 -1.7002055560000144, 105.57410833300003 -1.7002055560000144, 105.57410833300003 -1.7076777780000043, 105.5906 -1.7076777780000043, 105.5906 -1.703463888999977, 105.59125833299998 -1.703463888999977, 105.59125833299998 -1.6972861109999826, 105.57643055599999 -1.6972861109999826, 105.57643055599999 -1.6876611110000113, 105.57168888899997 -1.6876611110000113, 105.57168888899997 -1.6844416669999873, 105.56602777799998 -1.6844416669999873, 105.56602777799998 -1.6806027779999795, 105.553186111 -1.6806027779999795, 105.553186111 -1.6775111110000012, 105.55043888900002 -1.6775111110000012, 105.55043888900002 -1.6716861109999854, 105.54619166700002 -1.6716861109999854, 105.54619166700002 -1.6604888890000211, 105.54450277799998 -1.6604888890000211, 105.54450277799998 -1.657100000000014, 105.55033611099998 -1.657100000000014, 105.55033611099998 -1.654386111000008, 105.55372499999999 -1.654386111000008, 105.55372499999999 -1.6469361110000023, 105.55815000000001 -1.6469361110000023, 105.55815000000001 -1.6338138890000096, 105.55422222200002 -1.6338138890000096, 105.55422222200002 -1.6405500000000188, 105.548169444 -1.6405500000000188, 105.548169444 -1.6501250000000027, 105.544177778 -1.6501250000000027, 105.544177778 -1.6541916670000205, 105.535033333 -1.6541916670000205, 105.535033333 -1.6459388889999786, 105.54160555599998 -1.6459388889999786, 105.54160555599998 -1.6336222219999854, 105.54679166699998 -1.6336222219999854, 105.54679166699998 -1.6292250000000195, 105.539916667 -1.6292250000000195, 105.539916667 -1.6310777780000194, 105.53676111099998 -1.6310777780000194, 105.53676111099998 -1.6350888889999737, 105.52438055599998 -1.6350888889999737, 105.52438055599998 -1.6305305559999965, 105.52206388899998 -1.6305305559999965, 105.52206388899998 -1.621530555999982, 105.51555000000002 -1.621530555999982, 105.51555000000002 -1.619555556000023, 105.50439444400001 -1.619555556000023, 105.50439444400001 -1.6262305559999959, 105.50869999999998 -1.6262305559999959, 105.50869999999998 -1.6309805559999973, 105.515280556 -1.6309805559999973, 105.515280556 -1.62833611100001, 105.51805555599998 -1.62833611100001, 105.51805555599998 -1.6319444439999984, 105.51676666700001 -1.6319444439999984, 105.51676666700001 -1.6363777779999964, 105.51241666700002 -1.6363777779999964, 105.51241666700002 -1.634783332999973, 105.51166666699999 -1.634783332999973, 105.51166666699999 -1.6334888889999775, 105.49084166699998 -1.6334888889999775, 105.49084166699998 -1.6307527779999873, 105.47751388900002 -1.6307527779999873, 105.47751388900002 -1.637777777999986, 105.47424999999998 -1.637777777999986, 105.47424999999998 -1.6431749999999852, 105.47224166699999 -1.6431749999999852, 105.47224166699999 -1.6553972219999764, 105.48682777800002 -1.6553972219999764, 105.48682777800002 -1.6568694439999945, 105.48003055599997 -1.6568694439999945, 105.48003055599997 -1.6607083330000023, 105.49193888899998 -1.6607083330000023, 105.49193888899998 -1.657275000000027, 105.49978333299998 -1.657275000000027, 105.49978333299998 -1.6618583329999979, 105.49766666699998 -1.6618583329999979, 105.49766666699998 -1.6656888890000232, 105.49163055600002 -1.6656888890000232, 105.49163055600002 -1.6676611109999726, 105.48902500000003 -1.6676611109999726, 105.48902500000003 -1.6662111109999955, 105.47715555600001 -1.6662111109999955, 105.47715555600001 -1.6855361109999762, 105.47554444399998 -1.6855361109999762, 105.47554444399998 -1.6955583330000081, 105.47129444400002 -1.6955583330000081, 105.47129444400002 -1.6993416669999988, 105.46809166700001 -1.6993416669999988, 105.46809166700001 -1.7030555559999812, 105.46206666699999 -1.7030555559999812, 105.46206666699999 -1.695152778000022, 105.465841667 -1.695152778000022, 105.465841667 -1.6909722220000276, 105.470019444 -1.6909722220000276, 105.470019444 -1.6830555559999993, 105.47378611099998 -1.6830555559999993, 105.47378611099998 -1.6583222219999811, 105.4699 -1.6583222219999811, 105.4699 -1.676680556000008, 105.46768611099998 -1.676680556000008, 105.46768611099998 -1.6583194440000284, 105.459091667 -1.6583194440000284, 105.459091667 -1.6613027779999925, 105.45715555599998 -1.6613027779999925, 105.45715555599998 -1.6762499999999818, 105.44954999999999 -1.6762499999999818, 105.44954999999999 -1.6830305560000056, 105.45235277799998 -1.6830305560000056, 105.45235277799998 -1.6866055560000177, 105.45640555599999 -1.6866055560000177, 105.45640555599999 -1.6936027780000131, 105.45289722199999 -1.6936027780000131, 105.45289722199999 -1.7012527780000255, 105.45080277800002 -1.7012527780000255, 105.45080277800002 -1.7053305559999785, 105.446855556 -1.7053305559999785, 105.446855556 -1.7105194439999991, 105.44253888899999 -1.7105194439999991, 105.44253888899999 -1.7174888889999806, 105.43687499999999 -1.7174888889999806, 105.43687499999999 -1.7211333330000116, 105.43438055600001 -1.7211333330000116, 105.43438055600001 -1.7242194440000276, 105.43261388899998 -1.7242194440000276, 105.43261388899998 -1.7265166669999985, 105.43037500000003 -1.7265166669999985, 105.43037500000003 -1.7231972220000102, 105.43166944400002 -1.7231972220000102, 105.43166944400002 -1.7211333330000116, 105.43234722199998 -1.7211333330000116, 105.43234722199998 -1.715797221999992, 105.43008055600001 -1.715797221999992, 105.43008055600001 -1.6939472220000198, 105.42779166700001 -1.6939472220000198, 105.42779166700001 -1.6880722220000166, 105.43141666700001 -1.6880722220000166, 105.43141666700001 -1.6773527779999995, 105.42583611100002 -1.6773527779999995, 105.42583611100002 -1.6840777780000167, 105.422075 -1.6840777780000167, 105.422075 -1.697463889000005, 105.42588888900002 -1.697463889000005, 105.42588888900002 -1.7079805559999954, 105.42263888899998 -1.7079805559999954, 105.42263888899998 -1.7229805559999818, 105.41860833300001 -1.7229805559999818, 105.41860833300001 -1.7303722220000282, 105.422788889 -1.7303722220000282, 105.422788889 -1.7316333329999907, 105.42504166700002 -1.7316333329999907, 105.42504166700002 -1.7323527780000063, 105.42951111100001 -1.7323527780000063, 105.42951111100001 -1.7350027780000232, 105.435647222 -1.7350027780000232, 105.435647222 -1.7364749999999844, 105.44001944399997 -1.7364749999999844, 105.44001944399997 -1.7370222220000073))",AKTIF,19.0,05,2.0,11.0
6668.0,SUMATERA,MENTERI,,KEPULAUAN BANGKA BELITUNG,,KAB. BANGKA BARAT,,,IUP,PT,TIMAH TBK,3119052112014091,81201098819560195                                                                                   ,2025-01-22,2035-07-20,OPERASI PRODUKSI,124.9,TIMAH,CNC-2,,,JEBUS,"POLYGON ((105.40033333299999 -1.6335527780000234, 105.40033333299999 -1.6365000000000123, 105.39861944400002 -1.6365000000000123, 105.39861944400002 -1.6393638889999806, 105.397255556 -1.6393638889999806, 105.397255556 -1.6428277780000258, 105.39574722200001 -1.6428277780000258, 105.39574722200001 -1.6455555559999766, 105.396658333 -1.6455555559999766, 105.396658333 -1.6513361109999778, 105.40236944399999 -1.6513361109999778, 105.40236944399999 -1.6419472219999989, 105.40006111100001 -1.6419472219999989, 105.40006111100001 -1.6382416669999884, 105.40751111100002 -1.6382416669999884, 105.40751111100002 -1.6335527780000234, 105.40033333299999 -1.6335527780000234))",AKTIF,19.0,05,2.0,11.0
6675.0,SUMATERA,Menteri,,KEPULAUAN BANGKA BELITUNG,,KAB. BANGKA BARAT,,,IUP,PT,TIMAH,3119052112014119,81201098819560123,2024-08-12,2035-07-20,OPERASI PRODUKSI,2567.7,Timah,CNC-2,,,JEBUS,"POLYGON ((105.52444722199999 -1.7687999999999988, 105.54028333299999 -1.7687999999999988, 105.54028333299999 -1.7661388889999898, 105.545513889 -1.7661388889999898, 105.545513889 -1.7630111110000257, 105.54881388899997 -1.7630111110000257, 105.54881388899997 -1.7564472220000198, 105.550683333 -1.7564472220000198, 105.550683333 -1.7429277780000234, 105.54820000000001 -1.7429277780000234, 105.54820000000001 -1.7396722220000242, 105.54598055600002 -1.7396722220000242, 105.54598055600002 -1.732283332999998, 105.549216667 -1.732283332999998, 105.549216667 -1.7266138890000207, 105.55509444400002 -1.7266138890000207, 105.55509444400002 -1.7322222220000185, 105.56942777799998 -1.7322222220000185, 105.56942777799998 -1.739272222000011, 105.58677222199998 -1.739272222000011, 105.58677222199998 -1.7474861110000006, 105.58305000000001 -1.7474861110000006, 105.58305000000001 -1.7520444439999778, 105.584252778 -1.7520444439999778, 105.584252778 -1.7557166670000015, 105.590138889 -1.7557166670000015, 105.590138889 -1.7526777780000202, 105.59463055600003 -1.7526777780000202, 105.59463055600003 -1.746955555999989, 105.592744444 -1.746955555999989, 105.592744444 -1.7306055560000004, 105.57690555599999 -1.7306055560000004, 105.57690555599999 -1.7172416669999961, 105.5684 -1.7172416669999961, 105.5684 -1.7055388890000245, 105.53956388900002 -1.7055388890000245, 105.53956388900002 -1.7209694439999907, 105.543288889 -1.7209694439999907, 105.543288889 -1.729797222000002, 105.54105833300002 -1.729797222000002, 105.54105833300002 -1.7308694440000068, 105.537138889 -1.7308694440000068, 105.537138889 -1.7335388889999876, 105.52678611099998 -1.7335388889999876, 105.52678611099998 -1.749750000000006, 105.52444722199999 -1.749750000000006, 105.52444722199999 -1.7612083330000132, 105.52444722199999 -1.7687999999999988))",AKTIF,19.0,05,2.0,11.0
6676.0,SUMATERA,MENTERI,,KEPULAUAN BANGKA BELITUNG,,KAB. BANGKA BARAT,,,IUP,PT,TIMAH TBK,3119052112014120,81201098819560177                                                                                   ,2024-11-17,2035-07-20,OPERASI PRODUKSI,125.9,TIMAH,CNC-2,,,JEBUS,"POLYGON ((105.67565277800003 -1.676300000000026, 105.673463889 -1.676300000000026, 105.673463889 -1.6708027779999952, 105.67227777800002 -1.6708027779999952, 105.67227777800002 -1.6682250000000067, 105.667269444 -1.6682250000000067, 105.667269444 -1.6699472220000189, 105.66515277799999 -1.6699472220000189, 105.66515277799999 -1.6726888890000282, 105.66691111099999 -1.6726888890000282, 105.66691111099999 -1.67697777799998, 105.66890555600003 -1.67697777799998, 105.66890555600003 -1.6831805560000248, 105.67565277800003 -1.6831805560000248, 105.67565277800003 -1.676300000000026))",AKTIF,19.0,05,2.0,11.0
6679.0,SUMATERA,MENTERI,,KEPULAUAN BANGKA BELITUNG,,KAB. BANGKA BARAT,,,IUP,PT,TIMAH TBK,3119052112014149,81201098819560186                                                                                   ,2025-04-23,2035-07-20,OPERASI PRODUKSI,1950.0,TIMAH,CNC-3,,,MUNTOK,"POLYGON ((105.21002222200002 -1.9294222220000279, 105.21002222200002 -1.9374611110000046, 105.21746111099998 -1.9374611110000046, 105.21746111099998 -1.9478111110000214, 105.21505000000002 -1.9478111110000214, 105.21505000000002 -1.9598194440000043, 105.218511111 -1.9598194440000043, 105.218511111 -1.9674999999999727, 105.22241944400002 -1.9674999999999727, 105.22241944400002 -1.952419443999986, 105.22508055600002 -1.952419443999986, 105.22508055600002 -1.9452305560000127, 105.23238888899999 -1.9452305560000127, 105.23238888899999 -1.9509805559999904, 105.22953888900003 -1.9509805559999904, 105.22953888900003 -1.9831888890000187, 105.23281944399997 -1.9831888890000187, 105.23281944399997 -1.9860805559999903, 105.23485 -1.9860805559999903, 105.23485 -1.989750000000015, 105.241611111 -1.989750000000015, 105.241611111 -1.9859111110000072, 105.23911944399998 -1.9859111110000072, 105.23911944399998 -1.981330555999989, 105.23678888900002 -1.981330555999989, 105.23678888900002 -1.9731194440000195, 105.23478055599998 -1.9731194440000195, 105.23478055599998 -1.9692305560000136, 105.23313888899997 -1.9692305560000136, 105.23313888899997 -1.9578000000000202, 105.23689999999999 -1.9578000000000202, 105.23689999999999 -1.947150000000022, 105.24038888899997 -1.947150000000022, 105.24038888899997 -1.9604305560000057, 105.239680556 -1.9604305560000057, 105.239680556 -1.969880556000021, 105.24466111100003 -1.969880556000021, 105.24466111100003 -1.961988888999997, 105.24646111099997 -1.961988888999997, 105.24646111099997 -1.9661111109999752, 105.249380556 -1.9661111109999752, 105.249380556 -1.9580305559999829, 105.24638055600002 -1.9580305559999829, 105.24638055600002 -1.9505611110000132, 105.24986944400001 -1.9505611110000132, 105.24986944400001 -1.953019444000006, 105.25218888900002 -1.953019444000006, 105.25218888900002 -1.962238888999991, 105.25466111100002 -1.962238888999991, 105.25466111100002 -1.9692611109999802, 105.25670000000002 -1.9692611109999802, 105.25670000000002 -1.9826611110000272, 105.25545 -1.9826611110000272, 105.25545 -1.987519443999986, 105.261380556 -1.987519443999986, 105.261380556 -1.9687888889999954, 105.260030556 -1.9687888889999954, 105.260030556 -1.9642611109999848, 105.26641111100002 -1.9642611109999848, 105.26641111100002 -1.9656805559999952, 105.269738889 -1.9656805559999952, 105.269738889 -1.9605999999999995, 105.26648055599998 -1.9605999999999995, 105.26648055599998 -1.9574888889999897, 105.26068055600001 -1.9574888889999897, 105.26068055600001 -1.949769444000026, 105.258769444 -1.949769444000026, 105.258769444 -1.94571111099998, 105.24956111099999 -1.94571111099998, 105.24956111099999 -1.9426305559999832, 105.23919999999998 -1.9426305559999832, 105.23919999999998 -1.940650000000005, 105.25946944399999 -1.940650000000005, 105.25946944399999 -1.9428694439999958, 105.26286944399999 -1.9428694439999958, 105.26286944399999 -1.9486388889999944, 105.265969444 -1.9486388889999944, 105.265969444 -1.9526305559999741, 105.27073055599999 -1.9526305559999741, 105.27073055599999 -1.9484888889999752, 105.2681 -1.9484888889999752, 105.2681 -1.9427388889999975, 105.26503888899998 -1.9427388889999975, 105.26503888899998 -1.9384694440000203, 105.26003888899999 -1.9384694440000203, 105.26003888899999 -1.9364388889999873, 105.253069444 -1.9364388889999873, 105.253069444 -1.9330499999999802, 105.24028055600002 -1.9330499999999802, 105.24028055600002 -1.9294222220000279, 105.21002222200002 -1.9294222220000279))",AKTIF,19.0,05,2.0,11.0
6680.0,SUMATERA,MENTERI,,KEPULAUAN BANGKA BELITUNG,,KAB. BANGKA BARAT,,,IUP,PT,TIMAH TBK,3119052112014039,81201098819560140                                                                                   ,2024-09-30,2035-07-20,OPERASI PRODUKSI,1112.73,TIMAH,CNC-3,,,A. SUKAL / MAYANG KEC. SP. TERITIP,"POLYGON ((105.34513055600002 -2.0243527779999795, 105.33854166700002 -2.0243527779999795, 105.33854166700002 -2.032361111, 105.34875833299998 -2.032361111, 105.34875833299998 -2.040169444000014, 105.35541666699999 -2.040169444000014, 105.35541666699999 -2.044441667000001, 105.358408333 -2.044441667000001, 105.358408333 -2.0541805560000057, 105.360975 -2.0541805560000057, 105.360975 -2.0728222220000134, 105.35721944400001 -2.0728222220000134, 105.35721944400001 -2.065794444000005, 105.35419166700001 -2.065794444000005, 105.35419166700001 -2.0598416670000006, 105.348513889 -2.0598416670000006, 105.348513889 -2.0675166670000067, 105.35088333300001 -2.0675166670000067, 105.35088333300001 -2.076977778000014, 105.34753611100001 -2.076977778000014, 105.34753611100001 -2.0849999999999795, 105.36795000000001 -2.0849999999999795, 105.36795000000001 -2.050233332999994, 105.366136111 -2.050233332999994, 105.366136111 -2.041261110999983, 105.36017222200002 -2.041261110999983, 105.36017222200002 -2.0363583330000097, 105.35784722199998 -2.0363583330000097, 105.35784722199998 -2.0296749999999975, 105.35501666699997 -2.0296749999999975, 105.35501666699997 -2.025397221999981, 105.35079166700001 -2.025397221999981, 105.35079166700001 -2.0038416670000174, 105.34513055600002 -2.0038416670000174, 105.34513055600002 -2.0243527779999795))",AKTIF,19.0,05,2.0,11.0
6702.0,SUMATERA,BUPATI,,KEPULAUAN BANGKA BELITUNG,,KAB. BANGKA,,,IUP,PT,TIMAH TBK,3119012112014147,188.45/464/TAMBEN/2010                                                                              ,2010-04-27,2026-07-20,OPERASI PRODUKSI,1839.0,TIMAH,CNC-2,,,"LAUT DANTA, KEC. BELINYU","POLYGON ((105.78059999999999 -1.8060611110000195, 105.80532777799999 -1.8060611110000195, 105.80532777799999 -1.793188889000021, 105.813930556 -1.793188889000021, 105.813930556 -1.7965611110000168, 105.81638611099999 -1.7965611110000168, 105.81638611099999 -1.799030555999991, 105.818347222 -1.799030555999991, 105.818347222 -1.8061055559999772, 105.823797222 -1.8061055559999772, 105.823797222 -1.805894443999989, 105.82466666699997 -1.805894443999989, 105.82466666699997 -1.800683332999995, 105.81965000000002 -1.800683332999995, 105.81965000000002 -1.795727778000014, 105.81786666699998 -1.795727778000014, 105.81786666699998 -1.792588889000001, 105.81498055600002 -1.792588889000001, 105.81498055600002 -1.7900138890000221, 105.81238888899998 -1.7900138890000221, 105.81238888899998 -1.7877361110000152, 105.80696666699998 -1.7877361110000152, 105.80696666699998 -1.7854861110000115, 105.804072222 -1.7854861110000115, 105.804072222 -1.7834500000000162, 105.800922222 -1.7834500000000162, 105.800922222 -1.7786666669999818, 105.79763888899998 -1.7786666669999818, 105.79763888899998 -1.772905556000012, 105.794319444 -1.772905556000012, 105.794319444 -1.7656444439999746, 105.791980556 -1.7656444439999746, 105.791980556 -1.759638888999973, 105.78928333300001 -1.759638888999973, 105.78928333300001 -1.7540666670000178, 105.78644722199999 -1.7540666670000178, 105.78644722199999 -1.7508194440000011, 105.78306666700001 -1.7508194440000011, 105.78306666700001 -1.7499166669999795, 105.78066666699999 -1.7499166669999795, 105.78066666699999 -1.7487944439999978, 105.77788611099999 -1.7487944439999978, 105.77788611099999 -1.7440722219999998, 105.77448611099999 -1.7440722219999998, 105.77448611099999 -1.7425833330000273, 105.763983333 -1.7425833330000273, 105.763983333 -1.7676416670000208, 105.78059999999999 -1.7676416670000208, 105.78059999999999 -1.8060611110000195))",AKTIF,19.0,01,2.0,11.0
6754.0,SUMATERA,MENTERI,,KEPULAUAN BANGKA BELITUNG,,KAB. BANGKA,,,IUP,PT,TIMAH TBK,3119012112014060,81201098819560120                                                                                   ,2025-05-21,2035-07-20,OPERASI PRODUKSI,12880.0,TIMAH,CNC-2,,,BELINYU,"POLYGON ((105.97392500000001 -1.7280888889999915, 105.97419722199999 -1.7280888889999915, 105.97419722199999 -1.7334444439999857, 105.97199722200003 -1.7334444439999857, 105.97199722200003 -1.7291999999999916, 105.96907222200002 -1.7291999999999916, 105.96907222200002 -1.7283027779999998, 105.96780555599997 -1.7283027779999998, 105.96780555599997 -1.7244666670000015, 105.97249722200002 -1.7244666670000015, 105.97249722200002 -1.7257638890000067, 105.973155556 -1.7257638890000067, 105.973155556 -1.7266861109999923, 105.97392500000001 -1.7266861109999923, 105.97392500000001 -1.7266833329999827, 105.97671111099999 -1.7266833329999827, 105.97671111099999 -1.7194416670000123, 105.96557777800001 -1.7194416670000123, 105.96557777800001 -1.7018138889999932, 105.967322222 -1.7018138889999932, 105.967322222 -1.6992388890000143, 105.98158888900002 -1.6992388890000143, 105.98158888900002 -1.6959305560000075, 105.99332500000003 -1.6959305560000075, 105.99332500000003 -1.6870194439999864, 105.99450555599998 -1.6870194439999864, 105.99450555599998 -1.686411110999984, 105.99539166699998 -1.686411110999984, 105.99539166699998 -1.6859694440000226, 105.995966667 -1.6859694440000226, 105.995966667 -1.6856416670000272, 105.996388889 -1.6856416670000272, 105.996388889 -1.685316666999995, 105.996811111 -1.685316666999995, 105.996811111 -1.685088888999985, 105.99710555600001 -1.685088888999985, 105.99710555600001 -1.684827777999999, 105.997447222 -1.684827777999999, 105.997447222 -1.6845194439999887, 105.99784444400001 -1.6845194439999887, 105.99784444400001 -1.6842027779999853, 105.998255556 -1.6842027779999853, 105.998255556 -1.6837861110000176, 105.99878611100002 -1.6837861110000176, 105.99878611100002 -1.6834333329999822, 105.999244444 -1.6834333329999822, 105.999244444 -1.683172221999996, 105.99958611099999 -1.683172221999996, 105.99958611099999 -1.6829083330000003, 105.99991111100002 -1.6829083330000003, 105.99991111100002 -1.6827083329999937, 106.00018055599998 -1.6827083329999937, 106.00018055599998 -1.682591666999997, 106.00033333300001 -1.682591666999997, 106.00033333300001 -1.6824750000000108, 106.000477778 -1.6824750000000108, 106.000477778 -1.6823666669999966, 106.00063055599998 -1.6823666669999966, 106.00063055599998 -1.6822194439999976, 106.00080000000003 -1.6822194439999976, 106.00080000000003 -1.682094443999972, 106.00096944400002 -1.682094443999972, 106.00096944400002 -1.6819861110000147, 106.00111388900001 -1.6819861110000147, 106.00111388900001 -1.6818583329999797, 106.00126666699998 -1.6818583329999797, 106.00126666699998 -1.681722222000019, 106.00144722200002 -1.681722222000019, 106.00144722200002 -1.6816055560000223, 106.0016 -1.6816055560000223, 106.0016 -1.6813055559999839, 106.00197777800003 -1.6813055559999839, 106.00197777800003 -1.681024999999977, 106.002355556 -1.681024999999977, 106.002355556 -1.680727778000005, 106.00273055600002 -1.680727778000005, 106.00273055600002 -1.6805722220000234, 106.00293055600002 -1.6805722220000234, 106.00293055600002 -1.680347222000023, 106.00322499999999 -1.680347222000023, 106.00322499999999 -1.6800666670000055, 106.00357777800002 -1.6800666670000055, 106.00357777800002 -1.6798027780000098, 106.00392777799999 -1.6798027780000098, 106.00392777799999 -1.6796777779999843, 106.004088889 -1.6796777779999843, 106.004088889 -1.679486111000017, 106.00433055600001 -1.679486111000017, 106.00433055600001 -1.67928888900002, 106.004591667 -1.67928888900002, 106.004591667 -1.6789361109999845, 106.005041667 -1.6789361109999845, 106.005041667 -1.6786444439999855, 106.00541944399998 -1.6786444439999855, 106.00541944399998 -1.6783638890000248, 106.00577777799998 -1.6783638890000248, 106.00577777799998 -1.6781027779999818, 106.00611944399998 -1.6781027779999818, 106.00611944399998 -1.6779472220000002, 106.00631666700002 -1.6779472220000002, 106.00631666700002 -1.6777222219999999, 106.006613889 -1.6777222219999999, 106.006613889 -1.6775138890000107, 106.00687499999998 -1.6775138890000107, 106.00687499999998 -1.677197222000018, 106.007288889 -1.677197222000018, 106.007288889 -1.6768805560000146, 106.00769166700002 -1.6768805560000146, 106.00769166700002 -1.6768444439999826, 106.00773611099999 -1.6768444439999826, 106.00773611099999 -1.6768083329999968, 106.00779166699999 -1.6768083329999968, 106.00779166699999 -1.676761111000019, 106.007844444 -1.676761111000019, 106.007844444 -1.6767249999999763, 106.0079 -1.6767249999999763, 106.0079 -1.6766722219999792, 106.00796111099999 -1.6766722219999792, 106.00796111099999 -1.676627778000011, 106.00802499999998 -1.676627778000011, 106.00802499999998 -1.6765722220000043, 106.00808611100001 -1.6765722220000043, 106.00808611100001 -1.6765361110000185, 106.00814166700002 -1.6765361110000185, 106.00814166700002 -1.676499999999976, 106.00818611099999 -1.676499999999976, 106.00818611099999 -1.6763833329999898, 106.00833888900002 -1.6763833329999898, 106.00833888900002 -1.6761999999999944, 106.008572222 -1.6761999999999944, 106.008572222 -1.6760111109999798, 106.008825 -1.6760111109999798, 106.008825 -1.6758111109999732, 106.009075 -1.6758111109999732, 106.009075 -1.6754416669999728, 106.00954166700001 -1.6754416669999728, 106.00954166700001 -1.6751055560000054, 106.00999166700001 -1.6751055560000054, 106.00999166700001 -1.6747527780000269, 106.01044166700001 -1.6747527780000269, 106.01044166700001 -1.6743638890000057, 106.01094444400002 -1.6743638890000057, 106.01094444400002 -1.6739305560000162, 106.01150277800002 -1.6739305560000162, 106.01150277800002 -1.6736027779999745, 106.01192500000002 -1.6736027779999745, 106.01192500000002 -1.6729611110000064, 106.012741667 -1.6729611110000064, 106.012741667 -1.6722194440000067, 106.01370277799998 -1.6722194440000067, 106.01370277799998 -1.6717027779999967, 106.01436666699999 -1.6717027779999967, 106.01436666699999 -1.671205556000018, 106.015069444 -1.671205556000018, 106.015069444 -1.6699888890000238, 106.013944444 -1.6699888890000238, 106.013944444 -1.6606027779999977, 106.014541667 -1.6606027779999977, 106.014541667 -1.6496555560000274, 106.00881666700002 -1.6496555560000274, 106.00881666700002 -1.6467972219999751, 106.00455555600001 -1.6467972219999751, 106.00455555600001 -1.6406972219999716, 105.999605556 -1.6406972219999716, 105.999605556 -1.6249916670000175, 106.00297499999999 -1.6249916670000175, 106.00297499999999 -1.6186888889999977, 106.00543055600002 -1.6186888889999977, 106.00543055600002 -1.600355556000011, 105.99177500000002 -1.600355556000011, 105.99177500000002 -1.5808611109999902, 105.975669444 -1.5808611109999902, 105.975669444 -1.5707805559999883, 105.96831111099999 -1.5707805559999883, 105.96831111099999 -1.5690027780000264, 105.96120000000002 -1.5690027780000264, 105.96120000000002 -1.5699861109999915, 105.95109444399998 -1.5699861109999915, 105.95109444399998 -1.5708416670000247, 105.93423888900003 -1.5708416670000247, 105.93423888900003 -1.5673416669999938, 105.92412777800001 -1.5673416669999938, 105.92412777800001 -1.5636166670000193, 105.91391388900001 -1.5636166670000193, 105.91391388900001 -1.5598527779999927, 105.9058 -1.5598527779999927, 105.9058 -1.5568666670000084, 105.88613055600001 -1.5568666670000084, 105.88613055600001 -1.5557583330000284, 105.87835555599997 -1.5557583330000284, 105.87835555599997 -1.5578888890000258, 105.87081666699999 -1.5578888890000258, 105.87081666699999 -1.5720666670000014, 105.86864444399998 -1.5720666670000014, 105.86864444399998 -1.5752499999999827, 105.86459444399998 -1.5752499999999827, 105.86459444399998 -1.5860416670000177, 105.87802222200003 -1.5860416670000177, 105.87802222200003 -1.577244443999973, 105.87618888899999 -1.577244443999973, 105.87618888899999 -1.5729944440000168, 105.881416667 -1.5729944440000168, 105.881416667 -1.56574999999998, 105.88031666699999 -1.56574999999998, 105.88031666699999 -1.5667277779999722, 105.87987222200002 -1.5667277779999722, 105.87987222200002 -1.5673916669999812, 105.879366667 -1.5673916669999812, 105.879366667 -1.5680361110000263, 105.878572222 -1.5680361110000263, 105.878572222 -1.568680556000004, 105.878163889 -1.568680556000004, 105.878163889 -1.5700472220000279, 105.87754444400002 -1.5700472220000279, 105.87754444400002 -1.5708666670000184, 105.87626388899997 -1.5708666670000184, 105.87626388899997 -1.5697555560000183, 105.87659444399998 -1.5697555560000183, 105.87659444399998 -1.5679777779999995, 105.877194444 -1.5679777779999995, 105.877194444 -1.5669416669999805, 105.87802777799999 -1.5669416669999805, 105.87802777799999 -1.5662777780000283, 105.878783333 -1.5662777780000283, 105.878783333 -1.5638000000000147, 105.88394444400001 -1.5638000000000147, 105.88394444400001 -1.5631833329999836, 105.88666388899998 -1.5631833329999836, 105.88666388899998 -1.56574999999998, 105.899780556 -1.56574999999998, 105.899780556 -1.5697694439999736, 105.910338889 -1.5697694439999736, 105.910338889 -1.5878111110000077, 105.91804722199998 -1.5878111110000077, 105.91804722199998 -1.592766666999978, 105.92667222199998 -1.592766666999978, 105.92667222199998 -1.6025666670000192, 105.94191666699999 -1.6025666670000192, 105.94191666699999 -1.6239777779999827, 105.93704166700002 -1.6239777779999827, 105.93704166700002 -1.629722221999998, 105.93130555599998 -1.629722221999998, 105.93130555599998 -1.633594443999982, 105.90534722199999 -1.633594443999982, 105.90534722199999 -1.6333666670000184, 105.902216667 -1.6333666670000184, 105.902216667 -1.6291249999999877, 105.89549444400001 -1.6291249999999877, 105.89549444400001 -1.6355944439999917, 105.89949722199998 -1.6355944439999917, 105.89949722199998 -1.6380250000000274, 105.90181666699999 -1.6380250000000274, 105.90181666699999 -1.6413833330000216, 105.926863889 -1.6413833330000216, 105.926863889 -1.6493750000000205, 105.92304444400003 -1.6493750000000205, 105.92304444400003 -1.654730556000004, 105.93198611100001 -1.654730556000004, 105.93198611100001 -1.6377833330000158, 105.93920000000003 -1.6377833330000158, 105.93920000000003 -1.631819443999973, 105.94356944399999 -1.631819443999973, 105.94356944399999 -1.6290777780000099, 105.94925 -1.6290777780000099, 105.94925 -1.6243000000000052, 105.96957222200001 -1.6243000000000052, 105.96957222200001 -1.634766667000008, 105.95710000000003 -1.634766667000008, 105.95710000000003 -1.6416305559999955, 105.93796666700001 -1.6416305559999955, 105.93796666700001 -1.6487888890000022, 105.95183611099998 -1.6487888890000022, 105.95183611099998 -1.6466833329999986, 105.96112499999998 -1.6466833329999986, 105.96112499999998 -1.6574305560000084, 105.9531 -1.6574305560000084, 105.9531 -1.6609555559999762, 105.929138889 -1.6609555559999762, 105.929138889 -1.6687444440000263, 105.96118611100002 -1.6687444440000263, 105.96118611100002 -1.6661527780000256, 105.97382777799999 -1.6661527780000256, 105.97382777799999 -1.6453305559999762, 105.99570555600002 -1.6453305559999762, 105.99570555600002 -1.6531027780000045, 106.00389999999999 -1.6531027780000045, 106.00389999999999 -1.6673555560000182, 106.00233888899999 -1.6673555560000182, 106.00233888899999 -1.6685333330000276, 106.00071111099999 -1.6685333330000276, 106.00071111099999 -1.6700555560000225, 105.99859166700003 -1.6700555560000225, 105.99859166700003 -1.6714861109999788, 105.99659722199999 -1.6714861109999788, 105.99659722199999 -1.6725166670000249, 105.99517777800003 -1.6725166670000249, 105.99517777800003 -1.6737027780000062, 105.99351388899998 -1.6737027780000062, 105.99351388899998 -1.6748527780000018, 105.99192499999998 -1.6748527780000018, 105.99192499999998 -1.675922221999997, 105.99045833299999 -1.675922221999997, 105.99045833299999 -1.6769972220000113, 105.98894999999999 -1.6769972220000113, 105.98894999999999 -1.6781750000000102, 105.988594444 -1.6781750000000102, 105.988594444 -1.6831861109999977, 105.98461111099999 -1.6831861109999977, 105.98461111099999 -1.6811722219999865, 105.98316388900002 -1.6811722219999865, 105.98316388900002 -1.6820861109999896, 105.98186944399998 -1.6820861109999896, 105.98186944399998 -1.683172221999996, 105.98035833300003 -1.683172221999996, 105.98035833300003 -1.6839944440000068, 105.97922499999999 -1.6839944440000068, 105.97922499999999 -1.6765694439999947, 105.97357777799999 -1.6765694439999947, 105.97357777799999 -1.6739333329999795, 105.964183333 -1.6739333329999795, 105.964183333 -1.680366666999987, 105.96770833300002 -1.680366666999987, 105.96770833300002 -1.6841388889999962, 105.95950555600001 -1.6841388889999962, 105.95950555600001 -1.6793861109999852, 105.94549444400002 -1.6793861109999852, 105.94549444400002 -1.6771777779999866, 105.93302222199998 -1.6771777779999866, 105.93302222199998 -1.6841999999999757, 105.92550555600002 -1.6841999999999757, 105.92550555600002 -1.6829999999999927, 105.92343888900001 -1.6829999999999927, 105.92343888900001 -1.677030555999977, 105.92057499999999 -1.677030555999977, 105.92057499999999 -1.6695250000000215, 105.91169166700001 -1.6695250000000215, 105.91169166700001 -1.6667888889999745, 105.90920833299998 -1.6667888889999745, 105.90920833299998 -1.6637138890000074, 105.898483333 -1.6637138890000074, 105.898483333 -1.6613666669999816, 105.89309166700002 -1.6613666669999816, 105.89309166700002 -1.6727500000000077, 105.888997222 -1.6727500000000077, 105.888997222 -1.6821722220000197, 105.89731666699998 -1.6821722220000197, 105.89731666699998 -1.6874277780000284, 105.90108333299997 -1.6874277780000284, 105.90108333299997 -1.6946500000000242, 105.92115277800002 -1.6946500000000242, 105.92115277800002 -1.6925694440000143, 105.93340277800002 -1.6925694440000143, 105.93340277800002 -1.697180555999978, 105.93943888899997 -1.697180555999978, 105.93943888899997 -1.705111111000008, 105.93524444399998 -1.705111111000008, 105.93524444399998 -1.7084027779999928, 105.91799444399999 -1.7084027779999928, 105.91799444399999 -1.7147444440000186, 105.935105556 -1.7147444440000186, 105.935105556 -1.717277777999982, 105.94057777799998 -1.717277777999982, 105.94057777799998 -1.7154944440000008, 105.946736111 -1.7154944440000008, 105.946736111 -1.7185944440000185, 105.952041667 -1.7185944440000185, 105.952041667 -1.7235999999999763, 105.95972222199998 -1.7235999999999763, 105.95972222199998 -1.7276277779999987, 105.94725 -1.7276277779999987, 105.94725 -1.7332916670000031, 105.95140277799999 -1.7332916670000031, 105.95140277799999 -1.7346999999999753, 105.95548611100003 -1.7346999999999753, 105.95548611100003 -1.7448333329999741, 105.95376388900002 -1.7448333329999741, 105.95376388900002 -1.7469416669999873, 105.95006666699999 -1.7469416669999873, 105.95006666699999 -1.7621111110000243, 105.95619722200001 -1.7621111110000243, 105.95619722200001 -1.754041667000024, 105.960416667 -1.754041667000024, 105.960416667 -1.7524416670000278, 105.95943888900001 -1.7524416670000278, 105.95943888900001 -1.7511083329999906, 105.95800833300001 -1.7511083329999906, 105.95800833300001 -1.7493555560000118, 105.95706388899998 -1.7493555560000118, 105.95706388899998 -1.747763888999998, 105.95917500000002 -1.747763888999998, 105.95917500000002 -1.7486111110000024, 105.960416667 -1.7486111110000024, 105.960416667 -1.7391666670000063, 105.96374444399999 -1.7391666670000063, 105.96374444399999 -1.7351944440000011, 105.966938889 -1.7351944440000011, 105.966938889 -1.73947777799998, 105.97088888899998 -1.73947777799998, 105.97088888899998 -1.7440000000000282, 105.97266944400002 -1.7440000000000282, 105.97266944400002 -1.7511555560000147, 105.976952778 -1.7511555560000147, 105.976952778 -1.7559583330000237, 105.97491111099998 -1.7559583330000237, 105.97491111099998 -1.7581111110000052, 105.98030277800001 -1.7581111110000052, 105.98030277800001 -1.740611111000021, 105.99404166699998 -1.740611111000021, 105.99404166699998 -1.7354055559999892, 105.98497777799997 -1.7354055559999892, 105.98497777799997 -1.729611110999997, 105.98018333300001 -1.729611110999997, 105.98018333300001 -1.7266833329999827, 105.97671111099999 -1.7266833329999827, 105.97671111099999 -1.7266861109999923, 105.97392500000001 -1.7266861109999923, 105.97392500000001 -1.7280888889999915))",AKTIF,19.0,01,2.0,11.0
6875.0,SUMATERA,MENTERI,,KEPULAUAN BANGKA BELITUNG,,KAB. BANGKA BARAT,,,IUP,PT,TIMAH TBK,3119052112014121,81201098819560155                                                                                   ,2024-09-30,2037-07-21,OPERASI PRODUKSI,1986.7,TIMAH,CNC-14,,,MEDANG / S. JERING KEC. SP. TERITIP,"POLYGON ((105.48469444400001 -1.9615277780000042, 105.486916667 -1.9615277780000042, 105.486916667 -1.973752778000005, 105.47997222200001 -1.973752778000005, 105.47997222200001 -1.9793055559999857, 105.488027778 -1.9793055559999857, 105.488027778 -1.986530555999991, 105.47413888900002 -1.986530555999991, 105.47413888900002 -1.994863888999987, 105.46941666700002 -1.994863888999987, 105.46941666700002 -2.011530556000025, 105.46219444399998 -2.011530556000025, 105.46219444399998 -2.012730556000008, 105.45608055600002 -2.012730556000008, 105.45608055600002 -2.011047222000002, 105.45543888899999 -2.011047222000002, 105.45543888899999 -2.0102055560000167, 105.45476944400002 -2.0102055560000167, 105.45476944400002 -2.006872222000027, 105.45547777799999 -2.006872222000027, 105.45547777799999 -1.9909999999999854, 105.45654444399997 -1.9909999999999854, 105.45654444399997 -1.9869194440000228, 105.45413888899998 -1.9869194440000228, 105.45413888899998 -1.9779194440000083, 105.45052500000003 -1.9779194440000083, 105.45052500000003 -1.9682000000000244, 105.44858333299999 -1.9682000000000244, 105.44858333299999 -1.964825000000019, 105.44082777800003 -1.964825000000019, 105.44082777800003 -1.9704194440000151, 105.44191666699999 -1.9704194440000151, 105.44191666699999 -1.9735111109999934, 105.43359166699997 -1.9735111109999934, 105.43359166699997 -1.9765166669999985, 105.44045555600002 -1.9765166669999985, 105.44045555600002 -1.9785694440000157, 105.444947222 -1.9785694440000157, 105.444947222 -1.982086111000001, 105.44858333299999 -1.982086111000001, 105.44858333299999 -1.9870861109999964, 105.45052777799998 -1.9870861109999964, 105.45052777799998 -1.9973638889999847, 105.44802777799998 -1.9973638889999847, 105.44802777799998 -1.9933694439999954, 105.44405277800001 -1.9933694439999954, 105.44405277800001 -1.9892416669999875, 105.43964999999997 -1.9892416669999875, 105.43964999999997 -1.9852055559999826, 105.43492777799997 -1.9852055559999826, 105.43492777799997 -1.9828638889999866, 105.429694444 -1.9829194440000038, 105.429694444 -1.9806972220000034, 105.42124999999999 -1.9806972220000034, 105.42124999999999 -1.978236111000001, 105.415986111 -1.978236111000001, 105.415986111 -1.9740777779999803, 105.41054444399998 -1.9740777779999803, 105.41054444399998 -1.9598638890000188, 105.40492499999999 -1.9598638890000188, 105.40492499999999 -1.9644555560000185, 105.40396388900001 -1.9644555560000185, 105.40396388900001 -1.9785888889999796, 105.40720833300003 -1.9785888889999796, 105.40720833300003 -1.9841388890000076, 105.416066667 -1.9841388890000076, 105.416066667 -1.9872916670000222, 105.424430556 -1.9872916670000222, 105.424430556 -1.9905694440000161, 105.432261111 -1.9905694440000161, 105.432261111 -1.9932166670000129, 105.43806666699999 -1.9932166670000129, 105.43806666699999 -1.9973527779999927, 105.442461111 -1.9973527779999927, 105.442461111 -2.002680555999973, 105.44758888899997 -2.002680555999973, 105.44758888899997 -2.006930555999986, 105.45136388899999 -2.006930555999986, 105.45136388899999 -2.0118083329999763, 105.45524999999998 -2.0118083329999763, 105.45524999999998 -2.0162500000000136, 105.47830555600001 -2.0162500000000136, 105.47830555600001 -1.9912527779999891, 105.493583333 -1.9912527779999891, 105.493583333 -1.9829972219999945, 105.510622222 -1.9829972219999945, 105.510622222 -1.976805555999988, 105.498583333 -1.976805555999988, 105.498583333 -1.9700805560000276, 105.49292500000001 -1.9700805560000276, 105.49292500000001 -1.9517555560000233, 105.48469444400001 -1.9517555560000233, 105.48469444400001 -1.9615277780000042))",AKTIF,19.0,05,2.0,11.0
6892.0,SUMATERA,MENTERI,,KEPULAUAN BANGKA BELITUNG,,KAB. BANGKA BARAT,,,IUP,PT,TIMAH TBK,3119052112014122,81201098819560207                                                                                   ,2025-04-23,2035-07-20,OPERASI PRODUKSI,1115.0,TIMAH,CNC-3,,,MENTOK,"POLYGON ((105.58358611099999 -2.0605416669999954, 105.59683055599999 -2.0605416669999954, 105.59683055599999 -2.0571166670000025, 105.60882222200001 -2.0571166670000025, 105.60882222200001 -2.031219443999987, 105.57159722199998 -2.031219443999987, 105.57159722199998 -2.048183332999997, 105.58358611099999 -2.048183332999997, 105.58358611099999 -2.0605416669999954))",AKTIF,19.0,05,2.0,11.0
7174.0,SUMATERA,Menteri,,KEPULAUAN BANGKA BELITUNG,,KAB. BANGKA,,,IUP,PT,SEMESTA SURYA PERSADA,3119012112014277,08082200096510001,2026-03-06,2036-05-06,OPERASI PRODUKSI,190.0,Timah,CNC-14,,,"LAUT PENYUSUK, KEC. BELINYU","POLYGON ((105.70841222199999 -1.6012499999999932, 105.70841472199999 -1.6084844439999983, 105.71560638900002 -1.6084819440000047, 105.71560194400001 -1.5958166670000082, 105.69732777799999 -1.595823055999972, 105.69672500000001 -1.5958222219999811, 105.69672500000001 -1.5958233329999985, 105.69672500000001 -1.5984333330000027, 105.69672500000001 -1.6012499999999932, 105.70841222199999 -1.6012499999999932))",AKTIF,19.0,01,2.0,11.0
7561.0,SUMATERA,MENTERI,,KEPULAUAN BANGKA BELITUNG,,KAB. BANGKA TENGAH,,,IUP,PT,TIMAH TBK,3119042112014062,81201098819560148                                                                                   ,2024-08-12,2035-07-20,OPERASI PRODUKSI,2036.0,TIMAH,CNC-18,,,NAMANG,"POLYGON ((106.184577778 -2.2836416669999835, 106.202702778 -2.2836416669999835, 106.202702778 -2.282613889000004, 106.20528333300001 -2.282613889000004, 106.20528333300001 -2.28190833299999, 106.20728611099997 -2.28190833299999, 106.20728611099997 -2.2801888889999873, 106.20888611100003 -2.2801888889999873, 106.20888611100003 -2.278286111, 106.21053888900002 -2.278286111, 106.21053888900002 -2.276330556000005, 106.21229722200002 -2.276330556000005, 106.21229722200002 -2.2740555560000075, 106.18777499999999 -2.2740555560000075, 106.18777499999999 -2.2657722220000096, 106.18411666700001 -2.2657722220000096, 106.18411666700001 -2.260861110999997, 106.179180556 -2.260861110999997, 106.179180556 -2.2562583330000052, 106.17536666699999 -2.2562583330000052, 106.17536666699999 -2.2475861109999755, 106.17328888899999 -2.2475861109999755, 106.17328888899999 -2.242911111000012, 106.16543333300001 -2.242911111000012, 106.16543333300001 -2.247413888999972, 106.16861666699998 -2.247413888999972, 106.16861666699998 -2.2506250000000136, 106.17041666699998 -2.2506250000000136, 106.17041666699998 -2.26311388900001, 106.17536944400001 -2.26311388900001, 106.17536944400001 -2.265747222000016, 106.16791666699999 -2.265747222000016, 106.16791666699999 -2.263541667000027, 106.16114722200001 -2.263541667000027, 106.16114722200001 -2.2608361110000033, 106.15791944400002 -2.2608361110000033, 106.15791944400002 -2.2580611110000177, 106.15355 -2.2580611110000177, 106.15355 -2.252888889000019, 106.15005555599998 -2.252888889000019, 106.15005555599998 -2.229891667000004, 106.14507222200001 -2.229891667000004, 106.14507222200001 -2.2519777780000254, 106.13967500000001 -2.2519777780000254, 106.13967500000001 -2.240897222000001, 106.13799444400001 -2.240897222000001, 106.13799444400001 -2.2282638890000044, 106.13638333300003 -2.2282638890000044, 106.13638333300003 -2.230886111000018, 106.135386111 -2.230886111000018, 106.135386111 -2.2319277779999993, 106.13470555599997 -2.2319277779999993, 106.13470555599997 -2.232877777999988, 106.13413611099998 -2.232877777999988, 106.13413611099998 -2.2338638890000198, 106.13356944399999 -2.2338638890000198, 106.13356944399999 -2.2348972219999723, 106.13249722199998 -2.2348972219999723, 106.13249722199998 -2.2405805559999976, 106.12852222200002 -2.2405805559999976, 106.12852222200002 -2.2414944440000113, 106.12821944400002 -2.2414944440000113, 106.12821944400002 -2.243338888999972, 106.12770833299999 -2.243338888999972, 106.12770833299999 -2.245311110999978, 106.12711388899999 -2.245311110999978, 106.12711388899999 -2.2458833329999948, 106.12823333300003 -2.2458833329999948, 106.12823333300003 -2.2523194440000225, 106.13641388899998 -2.2523194440000225, 106.13641388899998 -2.2583611109999993, 106.13878888900001 -2.2583611109999993, 106.13878888900001 -2.2625416669999936, 106.13090555600002 -2.2625416669999936, 106.13090555600002 -2.2694777780000095, 106.122894444 -2.2694777780000095, 106.122894444 -2.2747305560000086, 106.13871111100002 -2.2747305560000086, 106.13871111100002 -2.2794777780000004, 106.13336944399998 -2.2794777780000004, 106.13336944399998 -2.283538888999999, 106.12490277799998 -2.283538888999999, 106.12490277799998 -2.2912694440000223, 106.14113611099998 -2.2912694440000223, 106.14113611099998 -2.2822083330000282, 106.14679999999998 -2.2822083330000282, 106.14679999999998 -2.2657027779999908, 106.155680556 -2.2657027779999908, 106.155680556 -2.268197222000026, 106.159358333 -2.268197222000026, 106.159358333 -2.270377778000011, 106.16420555600001 -2.270377778000011, 106.16420555600001 -2.2732972219999965, 106.17299722199999 -2.2732972219999965, 106.17299722199999 -2.275438888999986, 106.18220277799998 -2.275438888999986, 106.18220277799998 -2.2783694440000204, 106.184577778 -2.2783694440000204, 106.184577778 -2.2836416669999835))",AKTIF,19.0,04,2.0,11.0
7562.0,SUMATERA,MENTERI,,KEPULAUAN BANGKA BELITUNG,,KAB. BANGKA SELATAN,,,IUP,PT,TIMAH TBK,3119032112014050,81201098819560153                                                                                   ,2024-08-23,2035-07-20,OPERASI PRODUKSI,991.0,TIMAH,CNC-18,,,SIMPANG RIMBA,"POLYGON ((105.93660277800001 -2.5465111109999725, 105.93660277800001 -2.5482111110000005, 105.933463889 -2.5482111110000005, 105.933463889 -2.5501111109999783, 105.93177500000002 -2.5501111109999783, 105.93177500000002 -2.5523749999999836, 105.93023888900001 -2.5523749999999836, 105.93023888900001 -2.5544611110000233, 105.928647222 -2.5544611110000233, 105.928647222 -2.556338889000017, 105.92682500000001 -2.556338889000017, 105.92682500000001 -2.557758332999981, 105.92609166699998 -2.557758332999981, 105.92609166699998 -2.558847221999997, 105.92585833300001 -2.558847221999997, 105.92585833300001 -2.559797221999986, 105.926333333 -2.559797221999986, 105.926333333 -2.560163889000023, 105.92661388900001 -2.560163889000023, 105.92661388900001 -2.5610249999999724, 105.926161111 -2.5610249999999724, 105.926161111 -2.5613944439999727, 105.92591944399999 -2.5613944439999727, 105.92591944399999 -2.5620472219999897, 105.925288889 -2.5620472219999897, 105.925288889 -2.5631888890000027, 105.92422222200003 -2.5631888890000027, 105.92422222200003 -2.566424999999981, 105.92155277799998 -2.566424999999981, 105.92155277799998 -2.5706083329999956, 105.918080556 -2.5706083329999956, 105.918080556 -2.5743361109999796, 105.91461944399998 -2.5743361109999796, 105.91461944399998 -2.5756222219999927, 105.91363055599999 -2.5756222219999927, 105.91363055599999 -2.577994444000012, 105.91158055599999 -2.577994444000012, 105.91158055599999 -2.5798638890000234, 105.910352778 -2.5798638890000234, 105.910352778 -2.5819027780000283, 105.90878055600001 -2.5819027780000283, 105.90878055600001 -2.5837555560000283, 105.90774722200001 -2.5837555560000283, 105.90774722200001 -2.586713889000009, 105.906966667 -2.586713889000009, 105.906966667 -2.5917249999999967, 105.91291944400001 -2.5917249999999967, 105.91291944400001 -2.602577778000011, 105.92043611100001 -2.602577778000011, 105.92043611100001 -2.5964277780000202, 105.92326111099999 -2.5964277780000202, 105.92326111099999 -2.5919527780000067, 105.92666944400003 -2.5919527780000067, 105.92666944400003 -2.5812833329999876, 105.931744444 -2.5812833329999876, 105.931744444 -2.5730027779999887, 105.94012222200001 -2.5730027779999887, 105.94012222200001 -2.5465111109999725, 105.93660277800001 -2.5465111109999725))",AKTIF,19.0,03,2.0,11.0
7628.0,SUMATERA,MENTERI,,KEPULAUAN BANGKA BELITUNG,,KAB. BANGKA BARAT,,,IUP,PT,TIMAH TBK,3119052112014150,81201098819560209                                                                                   ,2025-04-30,2035-07-20,OPERASI PRODUKSI,1870.0,TIMAH,CNC-3,,,MENTOK DAN SIMPANG TERITIP,"POLYGON ((105.34390555599998 -2.128522222000015, 105.34390555599998 -2.1270999999999844, 105.34648611099999 -2.1270999999999844, 105.34648611099999 -2.12323055600001, 105.34870555600003 -2.12323055600001, 105.34870555600003 -2.1200361109999903, 105.354822222 -2.1200361109999903, 105.354822222 -2.1166527780000024, 105.367577778 -2.1166527780000024, 105.367577778 -2.121424999999988, 105.373213889 -2.121424999999988, 105.373213889 -2.123863889000006, 105.37566944399998 -2.123863889000006, 105.37566944399998 -2.125280556000007, 105.37735277799999 -2.125280556000007, 105.37735277799999 -2.1275611109999772, 105.38189166699999 -2.1275611109999772, 105.38189166699999 -2.129169444000013, 105.390572222 -2.129169444000013, 105.390572222 -2.121813889000009, 105.38869722200002 -2.121813889000009, 105.38869722200002 -2.1166166670000166, 105.39286388900001 -2.1166166670000166, 105.39286388900001 -2.1054638890000206, 105.39996944400002 -2.1054638890000206, 105.39996944400002 -2.1151361110000266, 105.40423611099999 -2.1151361110000266, 105.40423611099999 -2.1175194439999814, 105.40887777799998 -2.1175194439999814, 105.40887777799998 -2.1128472220000276, 105.411844444 -2.1128472220000276, 105.411844444 -2.1085722220000207, 105.40850555600002 -2.1085722220000207, 105.40850555600002 -2.1028833330000225, 105.385172222 -2.1028833330000225, 105.385172222 -2.076936111000009, 105.38042777800001 -2.076936111000009, 105.38042777800001 -2.0827861110000185, 105.37660555600002 -2.0827861110000185, 105.37660555600002 -2.102997221999999, 105.36380555599999 -2.102997221999999, 105.36380555599999 -2.1085805559999926, 105.34350555600003 -2.1085805559999926, 105.34350555600003 -2.114605556000015, 105.32967777800002 -2.114605556000015, 105.32967777800002 -2.1210555559999875, 105.31158055600002 -2.1210555559999875, 105.31158055600002 -2.128522222000015, 105.34390555599998 -2.128522222000015))",AKTIF,19.0,05,2.0,11.0
7939.0,SUMATERA,GUBERNUR,,KEPULAUAN BANGKA BELITUNG,,BANGKA BARAT,,,IUP,PT,JELAJAH MARINDO PERSADA,3119052112014152,188.44/472.A/ESDM/2017,2017-03-30,2027-03-30,OPERASI PRODUKSI,247.0,TIMAH,CNC-17, , ,LAUT RAMBAT KEC. SIMPANG TERITIP,"POLYGON ((105.25626426999997 -1.8646178459999874, 105.26075999199998 -1.8646171820000177, 105.26076146000003 -1.874568982000028, 105.26255977300002 -1.8745687119999843, 105.26256153100002 -1.8863300169999775, 105.27065388 -1.8863287699999773, 105.27065178999999 -1.8727580560000092, 105.26705516999999 -1.8727586109999947, 105.267053804 -1.8637115249999852, 105.26345727500001 -1.8637120700000196, 105.26345673700001 -1.8600932339999758, 105.256263617 -1.8600942990000249, 105.25626426999997 -1.8646178459999874))",AKTIF,19.0,05,2.0,11.0
8337.0,SUMATERA,Bupati,,KEPULAUAN BANGKA BELITUNG,,KAB. BELITUNG TIMUR,,,IUP,PT,TIMAH,3119062112014043,503/002/OP-L/BPMPT/2015,2015-02-06,2027-07-21,OPERASI PRODUKSI,30910.0,Timah,CNC-17,,,LAUT OLIVIER,"POLYGON ((108.27433333300002 -2.7641388889999803, 108.27433333300002 -2.7772222219999776, 108.27666666699997 -2.7772222219999776, 108.27666666699997 -2.799805556000024, 108.282083333 -2.799805556000024, 108.282083333 -2.8124722219999967, 108.28747222200002 -2.8124722219999967, 108.28747222200002 -2.8178888890000167, 108.29397222199998 -2.8178888890000167, 108.29397222199998 -2.842777778000027, 108.29705555599998 -2.842777778000027, 108.29705555599998 -2.8782222219999767, 108.294638889 -2.8782222219999767, 108.294638889 -2.8836111109999933, 108.28216666700001 -2.8836111109999933, 108.28216666700001 -2.8872222219999912, 108.276527778 -2.8872222219999912, 108.276527778 -2.891444444000001, 108.26905555600001 -2.891444444000001, 108.26905555600001 -2.895638888999997, 108.26280555599999 -2.895638888999997, 108.26280555599999 -2.901999999999987, 108.25869444400001 -2.901999999999987, 108.25869444400001 -2.9114722219999862, 108.24461111099998 -2.9114722219999862, 108.24461111099998 -2.966666667000027, 108.22272222200002 -2.966666667000027, 108.22272222200002 -2.990611111000021, 108.210944444 -2.990611111000021, 108.210944444 -3.0240833330000214, 108.21816666699999 -3.0240833330000214, 108.21816666699999 -3.0545833329999823, 108.348194444 -3.0545833329999823, 108.348194444 -2.807055556000023, 108.30838888900001 -2.807055556000023, 108.30838888900001 -2.7641388889999803, 108.27433333300002 -2.7641388889999803))",AKTIF,19.0,06,2.0,11.0
8338.0,SUMATERA,MENTERI,,KEPULAUAN BANGKA BELITUNG,,KAB. BELITUNG TIMUR,,,IUP,PT,TIMAH TBK,3119062112014059,81201098819560181                                                                                   ,2025-05-23,2036-03-27,OPERASI PRODUKSI,1244.0,TIMAH,CNC-18,,,KELAPA KAMPIT,"POLYGON ((107.995222222 -2.677000000000021, 107.995222222 -2.7012222220000126, 108.00824999999998 -2.7012222220000126, 108.00824999999998 -2.6939722220000135, 108.032111111 -2.6939722220000135, 108.032111111 -2.6858611110000083, 108.04199999999997 -2.6858611110000083, 108.04199999999997 -2.6668055559999857, 108.02604722199999 -2.6668055559999857, 108.02604722199999 -2.6688055559999952, 108.02161111100003 -2.6688055559999952, 108.02161111100003 -2.677000000000021, 107.995222222 -2.677000000000021))",AKTIF,19.0,06,2.0,11.0
9916.0,SUMATERA,Menteri,,KEPULAUAN BANGKA BELITUNG,,KAB. BANGKA TENGAH,,,IUP,PT,TIMAH,3119042112014008,81201098819560179,2025-07-21,2035-07-21,OPERASI PRODUKSI,440.0,Timah,CNC-1,,,"DESA SARANGMANDI, KEC. SUNGAISELAN, KAB. BANGKA TENGAH","POLYGON ((106.01258333300001 -2.2871111110000015, 106.01258333300001 -2.2920833329999937, 106.01030555599999 -2.2920833329999937, 106.01030555599999 -2.3025555560000157, 106.00797222199998 -2.3025555560000157, 106.00797222199998 -2.3049166669999863, 106.00036111100002 -2.3049166669999863, 106.00036111100002 -2.3078888890000258, 105.99824999999998 -2.3078888890000258, 105.99824999999998 -2.320472221999978, 106.00041666700002 -2.320472221999978, 106.00041666700002 -2.3245277780000038, 106.003916667 -2.3245277780000038, 106.003916667 -2.3287222220000103, 106.00830555599998 -2.3287222220000103, 106.00830555599998 -2.331166666999991, 106.01130555600002 -2.331166666999991, 106.01130555600002 -2.333388888999991, 106.01594444400001 -2.333388888999991, 106.01594444400001 -2.3289166669999872, 106.01469444399999 -2.3289166669999872, 106.01469444399999 -2.3270833330000187, 106.010611111 -2.3270833330000187, 106.010611111 -2.3254722219999735, 106.00869444400001 -2.3254722219999735, 106.00869444400001 -2.322999999999979, 106.00716666699998 -2.322999999999979, 106.00716666699998 -2.3207777779999788, 106.005833333 -2.3207777779999788, 106.005833333 -2.318166667000014, 106.00294444399998 -2.318166667000014, 106.00294444399998 -2.3091944440000134, 106.00961111100003 -2.3091944440000134, 106.00961111100003 -2.3073888889999807, 106.01491666700002 -2.3073888889999807, 106.01491666700002 -2.300555556000006, 106.018416667 -2.300555556000006, 106.018416667 -2.2871111110000015, 106.01258333300001 -2.2871111110000015))",AKTIF,19.0,04,2.0,11.0
49204.0,SUMATERA,MENTERI,,KEPULAUAN BANGKA BELITUNG,,KAB. BELITUNG TIMUR,,,IUP,PT,TOMMY UTAMA,3119062112014152,02200031608390009                                                                                   ,2023-08-18,2033-04-30,OPERASI PRODUKSI,190.8,TIMAH,CNC-9,,,"DESA SIMPANG PESAK, KECAMATAN SIMPANG PESAK","POLYGON ((107.984333333 -3.075680556000009, 107.984333333 -3.0787500000000136, 107.99644444400002 -3.0787500000000136, 107.99644444400002 -3.0907638890000158, 107.99952777800002 -3.0907638890000158, 107.99952777800002 -3.0899166670000113, 108.00155555600003 -3.0899166670000113, 108.00155555600003 -3.088694443999998, 108.004777778 -3.088694443999998, 108.004777778 -3.075680556000009, 107.984333333 -3.075680556000009))",AKTIF,19.0,06,2.0,11.0
117645.0,SUMATERA,GUBERNUR,,KEPULAUAN BANGKA BELITUNG,,BELITUNG,,,IUP,PT,SUKSES INTI MAKMUR,3119022112014085,188.4/268/ESDM/DPMPTSP/2018,2018-05-25,2028-07-21,OPERASI PRODUKSI,71.39,PASIR TIMAH,CNC-13,,,DESA SUNGAI PADANG KEC. SIJUK KAB. BELITUNG,"POLYGON ((107.866388889 -2.5904222219999724, 107.866388889 -2.5916500000000156, 107.86866944399998 -2.5916500000000156, 107.86866944399998 -2.592416667000009, 107.87093333299998 -2.592416667000009, 107.87093333299998 -2.593250000000012, 107.87412499999999 -2.593250000000012, 107.87412499999999 -2.5943694439999945, 107.87706944400003 -2.5943694439999945, 107.87706944400003 -2.5954249999999774, 107.87889999999999 -2.5954249999999774, 107.87889999999999 -2.596097222000026, 107.88069722199998 -2.596097222000026, 107.88069722199998 -2.5944333329999836, 107.88175000000001 -2.5944333329999836, 107.88175000000001 -2.5929611110000224, 107.88271111099999 -2.5929611110000224, 107.88271111099999 -2.5913305560000026, 107.88373611100002 -2.5913305560000026, 107.88373611100002 -2.589411111000004, 107.8809 -2.589411111000004, 107.8809 -2.5904222219999724, 107.866388889 -2.5904222219999724))",AKTIF,19.0,02,2.0,11.0
127708.0,SUMATERA,GUBERNUR,,KEPULAUAN BANGKA BELITUNG,,KAB. BANGKA SELATAN,,,IUP,PT,KARUNIA ANUGERAH ALAM,3119032112014061,188.4/48/ESDM/DPMPTSP/2020,2020-02-24,2027-02-23,OPERASI PRODUKSI,190.0,Timah,CNC-14,,,"DESA NYELANDING, KEC. AIR GEGAS","POLYGON ((106.25455555600001 -2.6683777779999787, 106.25455555600001 -2.6826111110000284, 106.262408333 -2.6826111110000284, 106.262408333 -2.6795833329999823, 106.266155556 -2.6795833329999823, 106.266155556 -2.6683777779999787, 106.25455555600001 -2.6683777779999787))",AKTIF,19.0,03,2.0,11.0
128845.0,SUMATERA,GUBERNUR,,KEPULAUAN BANGKA BELITUNG,,BANGKA SELATAN,,,IUP,CV,BAYU MANDIRI PRATAMA,3119032112014064,188.4/095/ESDM/DPMPTSP/2020,2020-11-06,2027-12-02,OPERASI PRODUKSI,191.2,TIMAH,CNC-14,,,DESA SEBAGIN DAN GUDANG KEC. SIMPANG RIMBA. BANGKA SELATAN,"POLYGON ((105.93921399999999 -2.658537000000024, 105.93921399999999 -2.670142999999996, 105.94997599999999 -2.670142999999996, 105.94997599999999 -2.6624669999999924, 105.95752800000002 -2.6624669999999924, 105.95752800000002 -2.658537000000024, 105.93921399999999 -2.658537000000024))",AKTIF,19.0,03,2.0,11.0
128846.0,SUMATERA,Gubernur,,KEPULAUAN BANGKA BELITUNG,,KAB. BANGKA SELATAN,,,IUP,CV,BAYU MANDIRI PRATAMA,3119032112014065,188.4/068/ESDM/DPMPTSP/2020,2020-12-02,2030-12-01,OPERASI PRODUKSI,195.2,Timah,CNC-14,,,"DESA NYELANDING, AIR GEGAS. BANGKA SELATAN","POLYGON ((106.253695 -2.6834908330000076, 106.253695 -2.691625832999989, 106.25943000000001 -2.691625832999989, 106.25943000000001 -2.697703056000023, 106.27800888899998 -2.697703056000023, 106.27800888899998 -2.694725833000007, 106.26994805599998 -2.694725833000007, 106.26994805599998 -2.692843056000015, 106.26328305599998 -2.692843056000015, 106.26328305599998 -2.6834908330000076, 106.253695 -2.6834908330000076))",AKTIF,19.0,03,2.0,11.0
129245.0,SUMATERA,GUBERNUR,,KEPULAUAN BANGKA BELITUNG,,BANGKA SELATAN,,,IUP,PT,MITRA GAPURA MANDIRI SEJAHTERA,3119032112014067,188.4/076/ESDM/DPMPTSP/2020,2019-07-15,2029-07-16,OPERASI PRODUKSI,192.1,TIMAH,CNC-14,,,"DESA KEPOSANG DAN TUKAK, TUKAK SADAI, BANGKA SELATAN","POLYGON ((106.61094300000002 -2.982682000000011, 106.61094300000002 -2.9898130000000265, 106.62049400000001 -2.9898130000000265, 106.62049400000001 -2.9934109999999805, 106.63307600000002 -2.9934109999999805, 106.63307600000002 -2.9859270000000038, 106.61831899999999 -2.9859270000000038, 106.61831899999999 -2.982682000000011, 106.61094300000002 -2.982682000000011))",AKTIF,19.0,03,2.0,11.0
130177.0,SUMATERA,MENTERI,,KEPULAUAN BANGKA BELITUNG,,KOTA PANGKAL PINANG,,,IUP,PT,TIN INDUSTRI NASIONAL,3119712112014003,19/1/IUP/PMDN/2023,2023-03-13,2033-04-13,OPERASI PRODUKSI,200.0,Timah,CNC-19,,,LAUT PASIR PADI,"POLYGON ((106.21388888899997 -2.120277778000002, 106.22305555600002 -2.120277778000002, 106.22305555600002 -2.1021111109999993, 106.21388888899997 -2.1021111109999993, 106.21388888899997 -2.120277778000002))",AKTIF,19.0,71,2.0,11.0
130450.0,SUMATERA,GUBERNUR,,KEPULAUAN BANGKA BELITUNG,,KAB. BANGKA SELATAN,,,IUP,CV,HARAPAN MUDA,3119032112014071,188.4/468/ESDM/DPMPTSP/2019                                                                         ,2019-05-13,2029-05-12,OPERASI PRODUKSI,120.5,TIMAH,CNC-14,,,"DESA GADUNG DAN KEPOSANG, KEC.TOBOALI","POLYGON ((106.49920277799998 -2.9438611109999897, 106.49920277799998 -2.955216667000002, 106.50893888899998 -2.955216667000002, 106.50893888899998 -2.947516667000002, 106.505372222 -2.947516667000002, 106.505372222 -2.9438611109999897, 106.49920277799998 -2.9438611109999897))",AKTIF,19.0,03,2.0,11.0
134046.0,SUMATERA,GUBERNUR,,KEPULAUAN BANGKA BELITUNG,,KAB. BANGKA SELATAN,,,IUP,PT,HARAPAN MUDA PERKASA,3119032112014073,188.4/469/ESDM/DPMPTSP/2019,2019-05-13,2029-05-13,OPERASI PRODUKSI,193.6,Timah,CNC-15,,,"DESA NYELANDING, AIR GEGAS. BANGKA SELATAN","POLYGON ((106.24591900000001 -2.6795020000000136, 106.24591900000001 -2.6999529999999936, 106.25358299999999 -2.6999529999999936, 106.25358299999999 -2.6795020000000136, 106.24591900000001 -2.6795020000000136))",AKTIF,,03,2.0,11.0
138059.0,SUMATERA,GUBERNUR,,KEPULAUAN BANGKA BELITUNG,,BANGKA SELATAN,,,IUP,PT,MASBRO ALAM STANIA,3119032112015079,188.4/15/ESDM/DPMPTSP/2020,2020-02-14,2028-02-14,OPERASI PRODUKSI,192.0,TIMAH,CNC-18,,,"NYELANDING, AIR GEGAS, BANGKA SELATAN","POLYGON ((106.22555555600002 -2.803055556000004, 106.22555555600002 -2.8149999999999977, 106.23849999999999 -2.8149999999999977, 106.23849999999999 -2.803055556000004, 106.22555555600002 -2.803055556000004))",AKTIF,19.0,03,2.0,11.0
138908.0,SUMATERA,MENTERI,,KEPULAUAN BANGKA BELITUNG,,KAB. BANGKA SELATAN,,,IUP,PT,FENG LI MINERAL ABADI,3119032112015081,91205048029120004                                                                                   ,2023-04-26,2033-04-25,OPERASI PRODUKSI,175.0,TIMAH,CNC-18,,,BANGKA SELATAN,"POLYGON ((106.38775700000002 -2.719252389000019, 106.38775700000002 -2.7343438890000016, 106.39865077799999 -2.7343438890000016, 106.39865077799999 -2.7287391390000266, 106.39625638899997 -2.7287391390000266, 106.39625638899997 -2.719252389000019, 106.38775700000002 -2.719252389000019))",AKTIF,19.0,03,2.0,11.0
142350.0,SUMATERA,GUBERNUR,,KEPULAUAN BANGKA BELITUNG,,BANGKA SELATAN,,,IUP,PT,BANGKA TIN INDUSTRY,3119032112016309,188.4/088/ESDM/DPMPTSP/2020,2019-08-31,2029-08-31,OPERASI PRODUKSI,185.3,TIMAH,CNC-18,,,"BATU BETUMPANG, PULAU BESAR, BANGKA SELATAN","POLYGON ((106.139519 -2.780479000000014, 106.139519 -2.7918000000000234, 106.15276 -2.7918000000000234, 106.15276 -2.780479000000014, 106.139519 -2.780479000000014))",AKTIF,19.0,03,2.0,11.0
142353.0,SUMATERA,MENTERI,,KEPULAUAN BANGKA BELITUNG,,KAB. BANGKA SELATAN,,,IUP,CV,AGUNG SANGUN JAYA,3119030112016312,12102100463480003                                                                                   ,2023-09-08,2033-10-01,OPERASI PRODUKSI,142.1,TIMAH,CNC-18,,,"TEPUS, AIR GEGAS, BANGKA SELATAN","POLYGON ((106.38300277799999 -2.6403555559999745, 106.38300277799999 -2.6531888889999777, 106.391961111 -2.6531888889999777, 106.391961111 -2.6403555559999745, 106.38300277799999 -2.6403555559999745))",AKTIF,19.0,03,2.0,11.0
158778.0,SUMATERA,MENTERI,,KEPULAUAN BANGKA BELITUNG,,KAB. BANGKA,,,IUP,PT,TIMAH TBK,3119012112014163,81201098819560210                                                                                   ,2025-05-06,2035-07-20,OPERASI PRODUKSI,3939.0,TIMAH,CNC-14,,,SUNGAI LIAT,"POLYGON ((106.04230555599997 -1.7157250000000204, 106.04230555599997 -1.7212722219999819, 106.02904999999998 -1.7212722219999819, 106.02904999999998 -1.7249388889999864, 106.02375555600003 -1.7249388889999864, 106.02375555600003 -1.730077778000009, 106.01886111099998 -1.730077778000009, 106.01886111099998 -1.7355555560000084, 106.01368888899998 -1.7355555560000084, 106.01368888899998 -1.753325000000018, 106.00577777799998 -1.753325000000018, 106.00577777799998 -1.7686805559999925, 106.002883333 -1.7686805559999925, 106.002883333 -1.7655055559999937, 105.99379166699998 -1.7655055559999937, 105.99379166699998 -1.7726749999999925, 105.992936111 -1.7726749999999925, 105.992936111 -1.7710916670000074, 105.99132222200001 -1.7710916670000074, 105.99132222200001 -1.7688583330000256, 105.98565277799997 -1.7688583330000256, 105.98565277799997 -1.7756388889999926, 105.994058333 -1.7756388889999926, 105.994058333 -1.7736305560000005, 105.99549999999999 -1.7736305560000005, 105.99549999999999 -1.7744805560000145, 105.99695555599999 -1.7744805560000145, 105.99695555599999 -1.7756388889999926, 106.00179444399998 -1.7756388889999926, 106.00179444399998 -1.789699999999982, 106.01060555599997 -1.789699999999982, 106.01060555599997 -1.795500000000004, 106.00136666700001 -1.795500000000004, 106.00136666700001 -1.8004722219999962, 106.01613333300003 -1.8004722219999962, 106.01613333300003 -1.7902444439999954, 106.02356666700001 -1.7902444439999954, 106.02356666700001 -1.7998833330000252, 106.03046388899998 -1.7998833330000252, 106.03046388899998 -1.7912305560000163, 106.043 -1.7912305560000163, 106.043 -1.7949833330000047, 106.040047222 -1.7949833330000047, 106.040047222 -1.8036583329999871, 106.037138889 -1.8036583329999871, 106.037138889 -1.8071333330000243, 106.03163888900002 -1.8071333330000243, 106.03163888900002 -1.8115222220000078, 106.03834722200003 -1.8115222220000078, 106.03834722200003 -1.8091000000000008, 106.04469722200002 -1.8091000000000008, 106.04469722200002 -1.7994222219999756, 106.04860555599998 -1.7994222219999756, 106.04860555599998 -1.7952361110000083, 106.06079999999997 -1.7952361110000083, 106.06079999999997 -1.7984138890000168, 106.06316944399998 -1.7984138890000168, 106.06316944399998 -1.8015083330000152, 106.06079999999997 -1.8015083330000152, 106.06079999999997 -1.8115666670000223, 106.06790555600003 -1.8115666670000223, 106.06790555600003 -1.7883972220000146, 106.076072222 -1.7883972220000146, 106.076072222 -1.7944888889999788, 106.08318333300002 -1.7944888889999788, 106.08318333300002 -1.7871666670000081, 106.08814999999998 -1.7871666670000081, 106.08814999999998 -1.7849388889999886, 106.08680833300002 -1.7849388889999886, 106.08680833300002 -1.7833916669999894, 106.08001944400002 -1.7833916669999894, 106.08001944400002 -1.7791861110000013, 106.06902777800002 -1.7791861110000013, 106.06902777800002 -1.774902778000012, 106.06088055599997 -1.774902778000012, 106.06088055599997 -1.772158332999993, 106.05583055599999 -1.772158332999993, 106.05583055599999 -1.7820222220000232, 106.048530556 -1.7820222220000232, 106.048530556 -1.7697944440000128, 106.04523611100001 -1.7697944440000128, 106.04058333299997 -1.7697944440000128, 106.04058333299997 -1.7840111109999839, 106.03057222199999 -1.7840111109999839, 106.03057222199999 -1.7800722220000011, 106.02429722199997 -1.7800722220000011, 106.02429722199997 -1.781588888999977, 106.00999999999999 -1.781588888999977, 106.00999999999999 -1.7755333329999985, 106.00800277799999 -1.7755333329999985, 106.00800277799999 -1.77369166699998, 106.00393888899998 -1.77369166699998, 106.00393888899998 -1.7721666670000218, 106.00999999999999 -1.7721666670000218, 106.00999999999999 -1.7687722219999955, 106.02011388900002 -1.7687722219999955, 106.02011388900002 -1.7495000000000118, 106.025744444 -1.7495000000000118, 106.025744444 -1.7431833329999904, 106.033233333 -1.7431833329999904, 106.033233333 -1.749430555999993, 106.03689444399998 -1.749430555999993, 106.03689444399998 -1.7538472219999903, 106.03252777799997 -1.7538472219999903, 106.03252777799997 -1.759847222000019, 106.04666666700001 -1.759847222000019, 106.04666666700001 -1.757466667000017, 106.049588889 -1.757466667000017, 106.049588889 -1.7501111110000238, 106.05468888899998 -1.7501111110000238, 106.05468888899998 -1.7434749999999894, 106.06017777800002 -1.7434749999999894, 106.06017777800002 -1.7590749999999957, 106.06895277799998 -1.7590749999999957, 106.06895277799998 -1.7554833329999724, 106.06548333299997 -1.7554833329999724, 106.06548333299997 -1.7496555559999933, 106.06438888899999 -1.7496555559999933, 106.06438888899999 -1.7476361110000198, 106.06185833299998 -1.7476361110000198, 106.06185833299998 -1.7431944439999825, 106.06103055599999 -1.7431944439999825, 106.06103055599999 -1.7419722220000153, 106.05971111100001 -1.7419722220000153, 106.05971111100001 -1.7396944440000084, 106.05677500000002 -1.7396944440000084, 106.05677500000002 -1.7345027779999782, 106.05529722199998 -1.7345027779999782, 106.05529722199998 -1.7305861109999796, 106.05418611099998 -1.7305861109999796, 106.05418611099998 -1.7282111110000073, 106.05220555599999 -1.7282111110000073, 106.05220555599999 -1.7234750000000076, 106.05098611099999 -1.7234750000000076, 106.05098611099999 -1.7203472219999867, 106.04988611099998 -1.7203472219999867, 106.04988611099998 -1.7178722219999827, 106.046397222 -1.7178722219999827, 106.046397222 -1.7157250000000204, 106.04230555599997 -1.7157250000000204), (106.04523611100001 -1.7861277779999796, 106.04677777799998 -1.7861277779999796, 106.04677777799998 -1.7879527779999762, 106.04523611100001 -1.7879527779999762, 106.04523611100001 -1.7861277779999796))",AKTIF,19.0,01,2.0,11.0
158779.0,SUMATERA,MENTERI,,KEPULAUAN BANGKA BELITUNG,,KAB. BELITUNG,,,IUP,PT,TIMAH TBK,2119022112019127,81201098819560203                                                                                   ,2025-05-21,2036-07-20,OPERASI PRODUKSI,46.9,TIMAH,CNC-2,,,MEMBALONG,"POLYGON ((107.72360833300002 -3.13061944399999, 107.73148888899999 -3.13061944399999, 107.73148888899999 -3.123258333000024, 107.73012499999999 -3.123258333000024, 107.73012499999999 -3.1222472219999986, 107.72907777799998 -3.1222472219999986, 107.72907777799998 -3.1254916670000057, 107.728461111 -3.1254916670000057, 107.728461111 -3.1257916669999872, 107.728105556 -3.1257916669999872, 107.728105556 -3.1264583330000164, 107.72655833300001 -3.1264583330000164, 107.72655833300001 -3.127002778000019, 107.72532222199999 -3.127002778000019, 107.72532222199999 -3.1280888890000256, 107.724413889 -3.1280888890000256, 107.724413889 -3.129233333000002, 107.72360833300002 -3.129233333000002, 107.72360833300002 -3.13061944399999))",AKTIF,19.0,02,2.0,11.0
158780.0,SUMATERA,MENTERI,,KEPULAUAN BANGKA BELITUNG,,KAB. BELITUNG,,,IUP,PT,TIMAH TBK,2119022112019128,81201098819560202                                                                                   ,2025-07-01,2035-07-21,OPERASI PRODUKSI,134.3,TIMAH,CNC-17,,,SIJUK,"POLYGON ((107.811586111 -2.5378861109999775, 107.81177500000001 -2.5378861109999775, 107.81177500000001 -2.5379722220000076, 107.81222777800002 -2.5379722220000076, 107.81222777800002 -2.538566666999998, 107.81237222200002 -2.538566666999998, 107.81237222200002 -2.54043055599999, 107.81298333299998 -2.54043055599999, 107.81298333299998 -2.5392083329999764, 107.81339722199999 -2.5392083329999764, 107.81339722199999 -2.5392777779999847, 107.81393888899999 -2.5392777779999847, 107.81393888899999 -2.53946111099998, 107.814297222 -2.53946111099998, 107.814297222 -2.538063889, 107.81446111100001 -2.538063889, 107.81446111100001 -2.537780555999973, 107.81471944399999 -2.537780555999973, 107.81471944399999 -2.5376416670000026, 107.81507222200003 -2.5376416670000026, 107.81507222200003 -2.5377055559999917, 107.81565833299999 -2.5377055559999917, 107.81565833299999 -2.5379166669999904, 107.81608888900001 -2.5379166669999904, 107.81608888900001 -2.537341667000021, 107.81651388900002 -2.537341667000021, 107.81651388900002 -2.5369999999999777, 107.81683611099999 -2.5369999999999777, 107.81683611099999 -2.5367722220000246, 107.81705555600001 -2.5367722220000246, 107.81705555600001 -2.536494444000027, 107.817277778 -2.536494444000027, 107.817277778 -2.5360305560000143, 107.81953333299998 -2.5360305560000143, 107.81953333299998 -2.535205555999994, 107.82009166699999 -2.535205555999994, 107.82009166699999 -2.534772222000015, 107.823322222 -2.534772222000015, 107.823322222 -2.5353666670000052, 107.82685277799999 -2.5353666670000052, 107.82685277799999 -2.537725000000023, 107.83085 -2.537725000000023, 107.83085 -2.5310499999999934, 107.811586111 -2.5310499999999934, 107.811586111 -2.5378861109999775))",AKTIF,19.0,02,2.0,11.0
158787.0,SUMATERA,MENTERI,,KEPULAUAN BANGKA BELITUNG,,KAB. BANGKA BARAT,,,IUP,PT,TIMAH TBK,3119052112014136,81201098819560124                                                                                   ,2024-08-28,2035-07-20,OPERASI PRODUKSI,2234.0,TIMAH,CNC-2,,,JEBUS,"POLYGON ((105.59418888900001 -1.6909666669999979, 105.61504722199999 -1.6909666669999979, 105.61504722199999 -1.687436111000011, 105.610511111 -1.687436111000011, 105.610511111 -1.6765555559999825, 105.60615277800002 -1.6765555559999825, 105.60615277800002 -1.672113889000002, 105.593261111 -1.672113889000002, 105.593261111 -1.6626555560000043, 105.59615555599999 -1.6626555560000043, 105.59615555599999 -1.6601416670000049, 105.60613888900002 -1.6601416670000049, 105.60613888900002 -1.6580916670000079, 105.61099166700001 -1.6580916670000079, 105.61099166700001 -1.6543138889999796, 105.62197777799997 -1.6543138889999796, 105.62197777799997 -1.643863888999988, 105.63323611099997 -1.643863888999988, 105.63323611099997 -1.6476638890000004, 105.64942777800002 -1.6476638890000004, 105.64942777800002 -1.6532611110000062, 105.64636111099998 -1.6532611110000062, 105.64636111099998 -1.6639777780000031, 105.64863888899998 -1.6639777780000031, 105.64863888899998 -1.6629777780000268, 105.65033333299999 -1.6629777780000268, 105.65033333299999 -1.6601083329999824, 105.65264444399998 -1.6601083329999824, 105.65264444399998 -1.6573888890000035, 105.66148333299998 -1.6573888890000035, 105.66148333299998 -1.6533333329999778, 105.65082222199999 -1.6533333329999778, 105.65082222199999 -1.6486305560000005, 105.65020833300002 -1.6486305560000005, 105.65020833300002 -1.646477778000019, 105.64565555600001 -1.646477778000019, 105.64565555600001 -1.6459500000000276, 105.643588889 -1.6459500000000276, 105.643588889 -1.6447416670000052, 105.64208888899998 -1.6447416670000052, 105.64208888899998 -1.6436833330000127, 105.64093888899998 -1.6436833330000127, 105.64093888899998 -1.6430555559999789, 105.63638888899999 -1.6430555559999789, 105.63638888899999 -1.6319750000000113, 105.63491944399999 -1.6319750000000113, 105.63491944399999 -1.6314805559999854, 105.63358333299999 -1.6314805559999854, 105.63358333299999 -1.6308916670000144, 105.63196388900002 -1.6308916670000144, 105.63196388900002 -1.6302777779999928, 105.62853888900003 -1.6302777779999928, 105.62853888900003 -1.635575000000017, 105.611147222 -1.635575000000017, 105.611147222 -1.6474638889999937, 105.60737222199998 -1.6474638889999937, 105.60737222199998 -1.651124999999979, 105.60259166700001 -1.651124999999979, 105.60259166700001 -1.6550027779999823, 105.59987222199999 -1.6550027779999823, 105.59987222199999 -1.6353444439999976, 105.59605555600001 -1.6353444439999976, 105.59605555600001 -1.6305472220000183, 105.57583333299999 -1.6305472220000183, 105.57583333299999 -1.6374416670000187, 105.58980555599999 -1.6374416670000187, 105.58980555599999 -1.648680555999988, 105.59330833299998 -1.648680555999988, 105.59330833299998 -1.6541972219999934, 105.58531388900002 -1.6541972219999934, 105.58531388900002 -1.6430722220000007, 105.57856944399998 -1.6430722220000007, 105.57856944399998 -1.6543694439999967, 105.55947222200001 -1.6543694439999967, 105.55947222200001 -1.6617916669999886, 105.58072222200002 -1.6617916669999886, 105.58072222200002 -1.6717944439999997, 105.58605 -1.6717944439999997, 105.58605 -1.678252778000001, 105.588616667 -1.678252778000001, 105.588616667 -1.687313888999995, 105.59418888900001 -1.687313888999995, 105.59418888900001 -1.6909666669999979))",AKTIF,19.0,05,2.0,11.0
158791.0,SUMATERA,MENTERI,,KEPULAUAN BANGKA BELITUNG,,KAB. BANGKA BARAT,,,IUP,PT,TIMAH TBK,3119052112014134,81201098819560175                                                                                   ,2025-04-30,2035-07-20,OPERASI PRODUKSI,296.4,TIMAH,CNC-2,,,JEBUS,"POLYGON ((105.62754722199998 -1.6909666669999979, 105.64060555600003 -1.6909666669999979, 105.64060555600003 -1.6878861110000116, 105.63542222199999 -1.6878861110000116, 105.63542222199999 -1.6733527779999804, 105.63030277799999 -1.6733527779999804, 105.63030277799999 -1.6671555560000115, 105.62343611099999 -1.6671555560000115, 105.62343611099999 -1.6704388890000246, 105.62111388900001 -1.6704388890000246, 105.62111388900001 -1.6789499999999862, 105.62754722199998 -1.6789499999999862, 105.62754722199998 -1.6909666669999979))",AKTIF,19.0,05,2.0,11.0
158800.0,SUMATERA,MENTERI,,KEPULAUAN BANGKA BELITUNG,,KAB. BANGKA BARAT,,,IUP,PT,TIMAH TBK,3119052112014124,81201098819560197                                                                                   ,2025-01-22,2035-07-20,OPERASI PRODUKSI,1763.0,TIMAH,CNC-2,,,JEBUS,"POLYGON ((105.54206111100001 -1.5832861110000067, 105.54206111100001 -1.5759194440000215, 105.53074166699997 -1.5759194440000215, 105.53074166699997 -1.5776972219999834, 105.52829166700002 -1.5776972219999834, 105.52829166700002 -1.5808416670000156, 105.53444999999999 -1.5808416670000156, 105.53444999999999 -1.5859666669999797, 105.525561111 -1.5859666669999797, 105.525561111 -1.5884972220000009, 105.51486666699998 -1.5884972220000009, 105.51486666699998 -1.5903388890000087, 105.506788889 -1.5903388890000087, 105.506788889 -1.5914805560000218, 105.50170833300001 -1.5914805560000218, 105.50170833300001 -1.5932888890000072, 105.494494444 -1.5932888890000072, 105.494494444 -1.5942611109999802, 105.49036666699999 -1.5942611109999802, 105.49036666699999 -1.5936138889999825, 105.48692499999999 -1.5936138889999825, 105.48692499999999 -1.5983555560000013, 105.49016111100002 -1.5983555560000013, 105.49016111100002 -1.603941667000015, 105.48813611100002 -1.603941667000015, 105.48813611100002 -1.6079611110000087, 105.49375277799999 -1.6079611110000087, 105.49375277799999 -1.6033944440000027, 105.49613888900001 -1.6033944440000027, 105.49613888900001 -1.5949027780000051, 105.53049166699998 -1.5949027780000051, 105.53049166699998 -1.599649999999997, 105.52048888899998 -1.599649999999997, 105.52048888899998 -1.6025916670000129, 105.53158611100002 -1.6025916670000129, 105.53158611100002 -1.6073333329999855, 105.512397222 -1.6073333329999855, 105.512397222 -1.6118111110000086, 105.519675 -1.6118111110000086, 105.519675 -1.614500000000021, 105.52960555599998 -1.614500000000021, 105.52960555599998 -1.618325000000027, 105.52578333299999 -1.618325000000027, 105.52578333299999 -1.6242500000000177, 105.53414166699997 -1.6242500000000177, 105.53414166699997 -1.6216777779999916, 105.55413333299998 -1.6216777779999916, 105.55413333299998 -1.629863888999978, 105.56442500000003 -1.629863888999978, 105.56442500000003 -1.6259305560000143, 105.55818055600002 -1.6259305560000143, 105.55818055600002 -1.6163888890000067, 105.563930556 -1.6163888890000067, 105.563930556 -1.6191944440000157, 105.56792777800001 -1.6191944440000157, 105.56792777800001 -1.6242611110000098, 105.57291944399998 -1.6242611110000098, 105.57291944399998 -1.615850000000023, 105.56864999999999 -1.615850000000023, 105.56864999999999 -1.6122166669999842, 105.561825 -1.6122166669999842, 105.561825 -1.602461111000025, 105.55566666700003 -1.602461111000025, 105.55566666700003 -1.6105527779999989, 105.55117222199999 -1.6105527779999989, 105.55117222199999 -1.6144416669999941, 105.54475000000002 -1.6144416669999941, 105.54475000000002 -1.6053972220000219, 105.54088888899997 -1.6053972220000219, 105.54088888899997 -1.5972138889999883, 105.54407777799997 -1.5972138889999883, 105.54407777799997 -1.6017361109999797, 105.54668055600001 -1.6017361109999797, 105.54668055600001 -1.6049472220000212, 105.54938055600002 -1.6049472220000212, 105.54938055600002 -1.5989333329999909, 105.54745000000003 -1.5989333329999909, 105.54745000000003 -1.5899777779999908, 105.54196944400002 -1.5899777779999908, 105.54196944400002 -1.5875833329999978, 105.54848611099999 -1.5875833329999978, 105.54848611099999 -1.5832861110000067, 105.54206111100001 -1.5832861110000067))",AKTIF,19.0,05,2.0,11.0
158810.0,SUMATERA,MENTERI,,KEPULAUAN BANGKA BELITUNG,,KAB. BANGKA BARAT,,,IUP,PT,TIMAH TBK,3119052112014009,81201098819560151                                                                                   ,2024-08-28,2035-07-20,OPERASI PRODUKSI,1248.0,TIMAH,CNC-2,,,JEBUS,"POLYGON ((105.61374999999998 -1.5969444439999734, 105.61374999999998 -1.6013833330000011, 105.61455000000001 -1.6013833330000011, 105.61455000000001 -1.6058472220000226, 105.61857222200001 -1.6058472220000226, 105.61857222200001 -1.6084055559999797, 105.620963889 -1.6084055559999797, 105.620963889 -1.6128833330000134, 105.61804999999998 -1.6128833330000134, 105.61804999999998 -1.6206305559999805, 105.61469444400001 -1.6206305559999805, 105.61469444400001 -1.619252777999975, 105.59870833299999 -1.619252777999975, 105.59870833299999 -1.6105249999999955, 105.59656111100003 -1.6105249999999955, 105.59656111100003 -1.6091194439999867, 105.59285277800001 -1.6091194439999867, 105.59285277800001 -1.6075999999999908, 105.58478333300002 -1.6075999999999908, 105.58478333300002 -1.6171555560000002, 105.58262500000001 -1.6171555560000002, 105.58262500000001 -1.60760555600001, 105.57673888900001 -1.60760555600001, 105.57673888900001 -1.6016805560000194, 105.58159444400002 -1.6016805560000194, 105.58159444400002 -1.598327777999998, 105.578405556 -1.598327777999998, 105.578405556 -1.596516667000003, 105.57270833299998 -1.596516667000003, 105.57270833299998 -1.593849999999975, 105.56898055599999 -1.593849999999975, 105.56898055599999 -1.5910527780000052, 105.56308611100002 -1.5910527780000052, 105.56308611100002 -1.5881027780000068, 105.56933055600001 -1.5881027780000068, 105.56933055600001 -1.5845333330000244, 105.56049999999999 -1.5845333330000244, 105.56049999999999 -1.5810749999999985, 105.55659166700002 -1.5810749999999985, 105.55659166700002 -1.5721944439999902, 105.56502222199998 -1.5721944439999902, 105.56502222199998 -1.5635333330000094, 105.562327778 -1.5635333330000094, 105.562327778 -1.5684416670000019, 105.55828333300002 -1.5684416670000019, 105.55828333300002 -1.5701472220000028, 105.55686944399997 -1.5701472220000028, 105.55686944399997 -1.571463888999972, 105.55590555600003 -1.571463888999972, 105.55590555600003 -1.5737166669999851, 105.55413611099999 -1.5737166669999851, 105.55413611099999 -1.5762583329999984, 105.54583611100003 -1.5762583329999984, 105.54583611100003 -1.579038889000003, 105.54978888900001 -1.579038889000003, 105.54978888900001 -1.5831999999999766, 105.55194444400001 -1.5831999999999766, 105.55194444400001 -1.5867722219999791, 105.55473055599998 -1.5867722219999791, 105.55473055599998 -1.592694444000017, 105.56101666699999 -1.592694444000017, 105.56101666699999 -1.5959583329999987, 105.56537777800003 -1.5959583329999987, 105.56537777800003 -1.5991277780000246, 105.57049722199997 -1.5991277780000246, 105.57049722199997 -1.6048888889999944, 105.57276944400002 -1.6048888889999944, 105.57276944400002 -1.6118250000000103, 105.57651388900001 -1.6118250000000103, 105.57651388900001 -1.621097222000003, 105.584105556 -1.621097222000003, 105.584105556 -1.6234944440000163, 105.59291111099998 -1.6234944440000163, 105.59291111099998 -1.6261194439999826, 105.61941944400002 -1.6261194439999826, 105.61941944400002 -1.6289277779999907, 105.623611111 -1.6289277779999907, 105.623611111 -1.6114944440000158, 105.62303888899999 -1.6114944440000158, 105.62303888899999 -1.6000305559999788, 105.62277222199998 -1.6000305559999788, 105.62277222199998 -1.599538888999973, 105.62211944400002 -1.599538888999973, 105.62211944400002 -1.5988277779999862, 105.621216667 -1.5988277779999862, 105.621216667 -1.5978527780000036, 105.62064444399999 -1.5978527780000036, 105.62064444399999 -1.5969444439999734, 105.61374999999998 -1.5969444439999734))",AKTIF,19.0,05,2.0,11.0
158811.0,SUMATERA,MENTERI,,KEPULAUAN BANGKA BELITUNG,,KAB. BANGKA BARAT,,,IUP,PT,TIMAH TBK,3119052112014010,81201098819560220                                                                                   ,2025-05-27,2035-07-20,OPERASI PRODUKSI,546.7,TIMAH,CNC-2,,,JEBUS,"POLYGON ((105.44741388900002 -1.6129555559999744, 105.46027777799998 -1.6129555559999744, 105.46027777799998 -1.6162499999999795, 105.46848888900001 -1.6162499999999795, 105.46848888900001 -1.6118138890000182, 105.46366666699998 -1.6118138890000182, 105.46366666699998 -1.6089444439999738, 105.45915555599998 -1.6089444439999738, 105.45915555599998 -1.605624999999975, 105.45605555600002 -1.605624999999975, 105.45605555600002 -1.599113889000023, 105.457927778 -1.599113889000023, 105.457927778 -1.5959666670000274, 105.46087499999999 -1.5959666670000274, 105.46087499999999 -1.5937694439999746, 105.46589999999998 -1.5937694439999746, 105.46589999999998 -1.6033111109999822, 105.471738889 -1.6033111109999822, 105.471738889 -1.5946138890000157, 105.47290833300002 -1.5946138890000157, 105.47290833300002 -1.591305556000009, 105.47816666699998 -1.591305556000009, 105.47816666699998 -1.5879055560000097, 105.48013611099998 -1.5879055560000097, 105.48013611099998 -1.5853083330000004, 105.47847777800001 -1.5853083330000004, 105.47847777800001 -1.5837250000000154, 105.47500000000002 -1.5837250000000154, 105.47500000000002 -1.5804638889999865, 105.46836111099998 -1.5804638889999865, 105.46836111099998 -1.5825666669999805, 105.466472222 -1.5825666669999805, 105.466472222 -1.5881166670000084, 105.46130833299998 -1.5881166670000084, 105.46130833299998 -1.591175000000021, 105.458747222 -1.591175000000021, 105.458747222 -1.592300000000023, 105.45693888900001 -1.592300000000023, 105.45693888900001 -1.5936083330000201, 105.45563611099999 -1.5936083330000201, 105.45563611099999 -1.5948138890000223, 105.45441388900002 -1.5948138890000223, 105.45441388900002 -1.5959833329999924, 105.453402778 -1.5959833329999924, 105.453402778 -1.5971472219999896, 105.45228611099998 -1.5971472219999896, 105.45228611099998 -1.5992416670000011, 105.450344444 -1.5992416670000011, 105.450344444 -1.6021000000000072, 105.44777499999998 -1.6021000000000072, 105.44777499999998 -1.6033638889999793, 105.44741388900002 -1.6033638889999793, 105.44741388900002 -1.6129555559999744))",AKTIF,19.0,05,2.0,11.0
158812.0,SUMATERA,MENTERI,,KEPULAUAN BANGKA BELITUNG,,KAB. BANGKA BARAT,,,IUP,PT,TIMAH TBK,3119052112014018,81201098819560198                                                                                   ,2025-05-05,2035-07-20,OPERASI PRODUKSI,470.1,TIMAH,CNC-2,,,JEBUS,"POLYGON ((105.58641111100002 -1.5790111109999998, 105.58641111100002 -1.5751000000000204, 105.58405833299997 -1.5751000000000204, 105.58405833299997 -1.5695388890000004, 105.58047499999998 -1.5695388890000004, 105.58047499999998 -1.5656027780000272, 105.57915833300001 -1.5656027780000272, 105.57915833300001 -1.5629000000000133, 105.57810833299999 -1.5629000000000133, 105.57810833299999 -1.5585083330000202, 105.577780556 -1.5585083330000202, 105.577780556 -1.5575444439999728, 105.57707222200003 -1.5575444439999728, 105.57707222200003 -1.5555749999999762, 105.576605556 -1.5555749999999762, 105.576605556 -1.55443333300002, 105.57597500000003 -1.55443333300002, 105.57597500000003 -1.5528972220000128, 105.571722222 -1.5528972220000128, 105.571722222 -1.5590055559999882, 105.57461388899998 -1.5590055559999882, 105.57461388899998 -1.579044443999976, 105.57600277799997 -1.579044443999976, 105.57600277799997 -1.5868222220000234, 105.578363889 -1.5868222220000234, 105.578363889 -1.592113889000018, 105.58499722200003 -1.592113889000018, 105.58499722200003 -1.6004805559999795, 105.59100277800002 -1.6004805559999795, 105.59100277800002 -1.588636111000028, 105.58754166699998 -1.588636111000028, 105.58754166699998 -1.5790111109999998, 105.58641111100002 -1.5790111109999998))",AKTIF,19.0,05,2.0,11.0
158813.0,SUMATERA,MENTERI,,KEPULAUAN BANGKA BELITUNG,,KAB. BANGKA BARAT,,,IUP,PT,TIMAH TBK,3119052112014082,81201098819560163                                                                                   ,2025-02-19,2035-07-20,OPERASI PRODUKSI,154.5,TIMAH,CNC-2,,,MENTOK,"POLYGON ((105.13560555599997 -1.9870277780000265, 105.139330556 -1.9870277780000265, 105.139330556 -1.9825166670000272, 105.14235277799997 -1.9825166670000272, 105.14235277799997 -1.9774444440000138, 105.14436111100002 -1.9774444440000138, 105.14436111100002 -1.9796694440000238, 105.14667777800003 -1.9796694440000238, 105.14667777800003 -1.9820777780000185, 105.14799722200001 -1.9820777780000185, 105.14799722200001 -1.9843833329999825, 105.14987500000001 -1.9843833329999825, 105.14987500000001 -1.9866361109999957, 105.1524 -1.9866361109999957, 105.1524 -1.982180556000003, 105.15084722199998 -1.982180556000003, 105.15084722199998 -1.9779472220000116, 105.14890000000003 -1.9779472220000116, 105.14890000000003 -1.9745444440000028, 105.14526111100002 -1.9745444440000028, 105.14526111100002 -1.9719749999999863, 105.13737500000002 -1.9719749999999863, 105.13737500000002 -1.9744527779999999, 105.139116667 -1.9744527779999999, 105.139116667 -1.9784388890000173, 105.13783611100001 -1.9784388890000173, 105.13783611100001 -1.9812416670000061, 105.13713333300001 -1.9812416670000061, 105.13713333300001 -1.9827555559999723, 105.13645555599999 -1.9827555559999723, 105.13645555599999 -1.9846638889999895, 105.13560555599997 -1.9846638889999895, 105.13560555599997 -1.9870277780000265))",AKTIF,19.0,05,2.0,11.0
158814.0,SUMATERA,MENTERI,,KEPULAUAN BANGKA BELITUNG,,KAB. BANGKA BARAT,,,IUP,PT,TIMAH TBK,3119052112014083,81201098819560164                                                                                   ,2025-01-22,2035-07-20,OPERASI PRODUKSI,59.58,TIMAH,CNC-2,,,MENTOK,"POLYGON ((105.13462500000003 -1.9937111109999819, 105.13512777800003 -1.9937111109999819, 105.13512777800003 -1.995900000000006, 105.13866111099998 -1.995900000000006, 105.13866111099998 -1.997863888999973, 105.143125 -1.997863888999973, 105.143125 -1.9942472220000127, 105.14146388900002 -1.9942472220000127, 105.14146388900002 -1.9913999999999987, 105.138086111 -1.9913999999999987, 105.138086111 -1.9892805559999829, 105.134977778 -1.9892805559999829, 105.134977778 -1.990141666999989, 105.13462500000003 -1.990141666999989, 105.13462500000003 -1.9937111109999819))",AKTIF,19.0,05,2.0,11.0
158815.0,SUMATERA,MENTERI,,KEPULAUAN BANGKA BELITUNG,,KAB. BANGKA BARAT,,,IUP,PT,TIMAH TBK,3119052112014086,81201098819560169                                                                                   ,2025-04-30,2035-07-20,OPERASI PRODUKSI,23.59,TIMAH,CNC-2,,,MUNTOK,"POLYGON ((105.13440833300001 -2.012463889000003, 105.13440833300001 -2.013902777999988, 105.140375 -2.013902777999988, 105.140375 -2.0115638890000014, 105.13721388900001 -2.0115638890000014, 105.13721388900001 -2.0093833330000166, 105.13472777800001 -2.0093833330000166, 105.13472777800001 -2.012463889000003, 105.13440833300001 -2.012463889000003))",AKTIF,19.0,05,2.0,11.0
158816.0,SUMATERA,MENTERI,,KEPULAUAN BANGKA BELITUNG,,KAB. BANGKA BARAT,,,IUP,PT,TIMAH TBK,3119052112014087,81201098819560166                                                                                   ,2025-03-24,2035-07-20,OPERASI PRODUKSI,182.1,TIMAH,CNC-2,,,MENTOK,"POLYGON ((105.123480556 -2.02457777799998, 105.12428888900001 -2.02457777799998, 105.12428888900001 -2.026241667000022, 105.13471666700002 -2.026241667000022, 105.13471666700002 -2.030027777999976, 105.132105556 -2.030027777999976, 105.132105556 -2.0337083329999928, 105.12831111100002 -2.0337083329999928, 105.12831111100002 -2.0363611110000193, 105.12980555600001 -2.0363611110000193, 105.12980555600001 -2.038880555999981, 105.136975 -2.038880555999981, 105.136975 -2.0369999999999777, 105.135397222 -2.0369999999999777, 105.135397222 -2.035786110999993, 105.136975 -2.035786110999993, 105.136975 -2.0334833329999924, 105.13875555599998 -2.0334833329999924, 105.13875555599998 -2.026341666999997, 105.14097222200002 -2.026341666999997, 105.14097222200002 -2.0227972220000083, 105.13466388900002 -2.0227972220000083, 105.13466388900002 -2.019999999999982, 105.13135 -2.019999999999982, 105.13135 -2.022736110999972, 105.123480556 -2.022736110999972, 105.123480556 -2.02457777799998))",AKTIF,19.0,05,2.0,11.0
158817.0,SUMATERA,MENTERI,,KEPULAUAN BANGKA BELITUNG,,KAB. BANGKA SELATAN,,,IUP,PT,TIMAH TBK,3119032112014039,81201098819560189                                                                                   ,2025-04-22,2035-07-20,OPERASI PRODUKSI,322.4,TIMAH,CNC-14,,,TOBOALI,"POLYGON ((106.68466111100003 -3.0838444440000217, 106.68466111100003 -3.0665277780000224, 106.670261111 -3.0665277780000224, 106.670261111 -3.0755777780000244, 106.66576944399998 -3.0755777780000244, 106.66576944399998 -3.07783888900002, 106.66779444399998 -3.07783888900002, 106.66779444399998 -3.0824027780000165, 106.67302222199999 -3.0824027780000165, 106.67302222199999 -3.083044443999995, 106.68013611100002 -3.083044443999995, 106.68013611100002 -3.0838444440000217, 106.68466111100003 -3.0838444440000217))",AKTIF,19.0,03,2.0,11.0
158818.0,SUMATERA,MENTERI,,KEPULAUAN BANGKA BELITUNG,,KAB. BANGKA SELATAN,,,IUP,PT,TIMAH TBK,3119032112014044,81201098819560190                                                                                   ,2025-05-21,2035-07-20,OPERASI PRODUKSI,60.77,TIMAH,CNC-14,,,TUKAK SADAI DAN TOBOALI,"POLYGON ((106.689605556 -3.076697222000007, 106.689605556 -3.084666667000022, 106.69253333299997 -3.084666667000022, 106.69253333299997 -3.0849249999999984, 106.695677778 -3.0849249999999984, 106.695677778 -3.076697222000007, 106.689605556 -3.076697222000007))",AKTIF,19.0,03,2.0,11.0
158819.0,SUMATERA,MENTERI,,KEPULAUAN BANGKA BELITUNG,,KAB. BANGKA BARAT,,,IUP,PT,TIMAH TBK,3119052112014037,81201098819560199                                                                                   ,2025-02-17,2035-07-20,OPERASI PRODUKSI,97.89,TIMAH,CNC-2,,,JEBUS,"POLYGON ((105.50679444399998 -1.5723194440000157, 105.50679444399998 -1.5710694439999884, 105.50867499999998 -1.5710694439999884, 105.50867499999998 -1.569861111000023, 105.51031111100002 -1.569861111000023, 105.51031111100002 -1.5653083330000186, 105.506338889 -1.5653083330000186, 105.506338889 -1.5642388890000234, 105.50221388900002 -1.5642388890000234, 105.50221388900002 -1.5648138889999927, 105.50153611100001 -1.5648138889999927, 105.50153611100001 -1.5660388890000263, 105.50054444400001 -1.5660388890000263, 105.50054444400001 -1.5671333330000152, 105.498119444 -1.5671333330000152, 105.498119444 -1.5680750000000216, 105.496638889 -1.5680750000000216, 105.496638889 -1.5711111109999933, 105.49902222200001 -1.5711111109999933, 105.49902222200001 -1.5713861109999812, 105.50024166700001 -1.5713861109999812, 105.50024166700001 -1.5715722219999861, 105.50245000000001 -1.5715722219999861, 105.50245000000001 -1.5720111109999948, 105.50289444399999 -1.5720111109999948, 105.50289444399999 -1.5723194440000157, 105.50679444399998 -1.5723194440000157))",AKTIF,19.0,05,2.0,11.0
170769.0,SUMATERA,MENTERI,,KEPULAUAN BANGKA BELITUNG,,KAB. BANGKA,,,IUP,PT,SINAR LOGINDO ALAM,3119012112014194,02870102006140003                                                                                   ,2023-06-06,2033-06-06,OPERASI PRODUKSI,40.0,TIMAH,CNC-17,,,KECAMATAN RIAU SILIP KABUPATEN BANGKA,"POLYGON ((106.11895083299999 -1.7805888890000006, 106.123292778 -1.7805888890000006, 106.123292778 -1.7730900000000247, 106.11895083299999 -1.7730900000000247, 106.11895083299999 -1.7805888890000006))",AKTIF,19.0,01,2.0,11.0
172942.0,SUMATERA,MENTERI,,KEPULAUAN BANGKA BELITUNG,,KAB. BELITUNG TIMUR,,,IUP,PT,HPM BELTIM,3119062112014009,1110/1/IUP/PMDN/2022,2022-10-25,2032-03-30,OPERASI PRODUKSI,187.3,Timah,CNC-18,,,KECAMATAN GANTUNG,"POLYGON ((108.07850000000002 -3.0612222220000262, 108.07850000000002 -3.061694444000011, 108.078972222 -3.061694444000011, 108.078972222 -3.062250000000006, 108.07941666699998 -3.062250000000006, 108.07941666699998 -3.0628333330000146, 108.07986111100001 -3.0628333330000146, 108.07986111100001 -3.0634166670000127, 108.080333333 -3.0634166670000127, 108.080333333 -3.0640000000000214, 108.08077777800003 -3.0640000000000214, 108.08077777800003 -3.064583332999973, 108.08122222200001 -3.064583332999973, 108.08122222200001 -3.065138889000025, 108.08166666699998 -3.065138889000025, 108.08166666699998 -3.0656944439999734, 108.08211111100002 -3.0656944439999734, 108.08211111100002 -3.0662777780000283, 108.08255555599999 -3.0662777780000283, 108.08255555599999 -3.06686111099998, 108.08300000000003 -3.06686111099998, 108.08300000000003 -3.067416666999975, 108.08347222200001 -3.067416666999975, 108.08347222200001 -3.0679999999999836, 108.08391666699998 -3.0679999999999836, 108.08391666699998 -3.0685555559999784, 108.08436111100002 -3.0685555559999784, 108.08436111100002 -3.069138888999987, 108.08480555599999 -3.069138888999987, 108.08480555599999 -3.069722221999996, 108.08527777799998 -3.069722221999996, 108.08527777799998 -3.070305555999994, 108.08572222200002 -3.070305555999994, 108.08572222200002 -3.0708611109999993, 108.08616666699999 -3.0708611109999993, 108.08616666699999 -3.071416666999994, 108.08661111100002 -3.071416666999994, 108.08661111100002 -3.0720000000000027, 108.087055556 -3.0720000000000027, 108.087055556 -3.0725833330000114, 108.08749999999998 -3.0725833330000114, 108.08749999999998 -3.073138889000006, 108.08794444400002 -3.073138889000006, 108.08794444400002 -3.073722222000015, 108.08838888899999 -3.073722222000015, 108.08838888899999 -3.0742777780000097, 108.08883333300003 -3.0742777780000097, 108.08883333300003 -3.0748611110000184, 108.089277778 -3.0748611110000184, 108.089277778 -3.075416667000013, 108.08974999999998 -3.075416667000013, 108.08974999999998 -3.076027778000025, 108.09019444400002 -3.076027778000025, 108.09019444400002 -3.0765833329999737, 108.09063888899999 -3.0765833329999737, 108.09063888899999 -3.0771666669999718, 108.09111111099998 -3.0771666669999718, 108.09111111099998 -3.077722221999977, 108.09130555600001 -3.077722221999977, 108.09130555600001 -3.0779999999999745, 108.09911111100001 -3.0779999999999745, 108.09911111100001 -3.077694443999974, 108.098805556 -3.077694443999974, 108.098805556 -3.0772499999999923, 108.09838888899998 -3.0772499999999923, 108.09838888899998 -3.076611110999977, 108.09800000000001 -3.076611110999977, 108.09800000000001 -3.076027778000025, 108.097638889 -3.076027778000025, 108.097638889 -3.075638889000004, 108.097083333 -3.075638889000004, 108.097083333 -3.074805556000001, 108.09680555599999 -3.074805556000001, 108.09680555599999 -3.074222222000003, 108.09641666700003 -3.074222222000003, 108.09641666700003 -3.0736388889999944, 108.096027778 -3.0736388889999944, 108.096027778 -3.072999999999979, 108.09561111099998 -3.072999999999979, 108.09561111099998 -3.0723611110000206, 108.095138889 -3.0723611110000206, 108.095138889 -3.071694444000002, 108.09472222199997 -3.071694444000002, 108.09472222199997 -3.071444444000008, 108.09408333300001 -3.071444444000008, 108.09408333300001 -3.070305555999994, 108.09383333300002 -3.070305555999994, 108.09383333300002 -3.0696666669999786, 108.09338888899998 -3.0696666669999786, 108.09338888899998 -3.0690555560000234, 108.09305555600002 -3.0690555560000234, 108.09305555600002 -3.0684722220000253, 108.092638889 -3.0684722220000253, 108.092638889 -3.0678888890000167, 108.09224999999998 -3.0678888890000167, 108.09224999999998 -3.0672777780000047, 108.09186111100001 -3.0672777780000047, 108.09186111100001 -3.0666944440000066, 108.091472222 -3.0666944440000066, 108.091472222 -3.066361110999992, 108.09108333299997 -3.066361110999992, 108.09108333299997 -3.065499999999986, 108.09072222200001 -3.065499999999986, 108.09072222200001 -3.064944443999991, 108.09033333299999 -3.064944443999991, 108.09033333299999 -3.0643611109999824, 108.08994444400003 -3.0643611109999824, 108.08994444400003 -3.0637500000000273, 108.089555556 -3.0637500000000273, 108.089555556 -3.0631666670000186, 108.08916666699997 -3.0631666670000186, 108.08916666699997 -3.0625555560000066, 108.08877777800001 -3.0625555560000066, 108.08877777800001 -3.0624166669999795, 108.08827777800002 -3.0624166669999795, 108.08827777800002 -3.061388889, 108.08797222200002 -3.061388889, 108.08797222200002 -3.060777777999988, 108.087583333 -3.060777777999988, 108.087583333 -3.0601944439999897, 108.08719444399998 -3.0601944439999897, 108.08719444399998 -3.0595833329999778, 108.085638889 -3.0595833329999778, 108.085638889 -3.0599166669999818, 108.084222222 -3.0599166669999818, 108.084222222 -3.0601944439999897, 108.08305555599998 -3.0601944439999897, 108.08305555599998 -3.0605277779999938, 108.08161111099997 -3.0605277779999938, 108.08161111099997 -3.060833333000005, 108.08016666700001 -3.060833333000005, 108.08016666700001 -3.0612222220000262, 108.07850000000002 -3.0612222220000262))",AKTIF,19.0,06,2.0,11.0
175999.0,SUMATERA,MENTERI,,KEPULAUAN BANGKA BELITUNG,,KAB. BELITUNG,,,IUP,PT,SINAR INDAH SELARAS,3119022112014017,1097/1/IUP/PMDN/2022,2022-09-21,2041-10-22,OPERASI PRODUKSI,5015.0,TIMAH,CNC-12,,,"AIR SERUK, SIJUK","POLYGON ((107.83300000000003 -2.6810500000000275, 107.83300000000003 -2.690488888999994, 107.82636111099998 -2.690488888999994, 107.82636111099998 -2.696158333000028, 107.80799999999999 -2.696158333000028, 107.80799999999999 -2.6831888890000073, 107.815 -2.6831888890000073, 107.815 -2.6750583329999813, 107.82100000000003 -2.6750583329999813, 107.82100000000003 -2.6682777780000038, 107.82189537300002 -2.6682777780000038, 107.827 -2.6682777780000038, 107.827 -2.659477777999996, 107.80900000000003 -2.659477777999996, 107.80900000000003 -2.6566555559999756, 107.78477222200002 -2.6566555559999756, 107.78477222200002 -2.6670166669999844, 107.75494444399999 -2.6670166669999844, 107.75494444399999 -2.6785416669999904, 107.74900000000002 -2.6785416669999904, 107.74900000000002 -2.711838888999978, 107.757 -2.711838888999978, 107.757 -2.7175694439999916, 107.78399999999999 -2.7175694439999916, 107.78399999999999 -2.7126444439999773, 107.78384211299999 -2.7126778659999786, 107.78384211299999 -2.7123894910000104, 107.78984211300002 -2.7123894910000104, 107.78984211300002 -2.7071191140000224, 107.80784211299999 -2.7071191140000224, 107.80784211299999 -2.7029921559999934, 107.862842113 -2.7029921559999934, 107.862842113 -2.696327778000011, 107.856 -2.696327778000011, 107.856 -2.691550989999996, 107.856 -2.6800777779999976, 107.85199999999998 -2.6800777779999976, 107.85199999999998 -2.6770888890000037, 107.846 -2.6770888890000037, 107.846 -2.6733194440000148, 107.83999999999997 -2.6733194440000148, 107.83999999999997 -2.6810500000000275, 107.83300000000003 -2.6810500000000275))",AKTIF,19.0,02,2.0,11.0
183568.0,SUMATERA,MENTERI,,KEPULAUAN BANGKA BELITUNG,,BANGKA TENGAH,,,IUPK,PT,TIMAH TBK,1119042112023001,02/1/IUPK/PMDN/2025,2023-02-07,2031-02-07,EKSPLORASI,258.3,TIMAH,I.T,,,KOBA,"POLYGON ((106.394277778 -2.487333332999981, 106.394277778 -2.4948888889999807, 106.38950833299998 -2.4948888889999807, 106.38950833299998 -2.508694444000014, 106.398880556 -2.508694444000014, 106.398880556 -2.49823055600001, 106.40088333300002 -2.49823055600001, 106.40088333300002 -2.4959166670000172, 106.40219444399997 -2.4959166670000172, 106.40219444399997 -2.4932222219999858, 106.402888889 -2.4932222219999858, 106.402888889 -2.4927222219999976, 106.40433333300001 -2.4927222219999976, 106.40433333300001 -2.488333333000014, 106.40050000000002 -2.488333333000014, 106.40050000000002 -2.486611111000002, 106.39905555600001 -2.486611111000002, 106.39905555600001 -2.4852222220000044, 106.39722222199998 -2.4852222220000044, 106.39722222199998 -2.487333332999981, 106.394277778 -2.487333332999981))",AKTIF,19.0,04,2.0,11.0
186201.0,SUMATERA,MENTERI,,KEPULAUAN BANGKA BELITUNG,,KAB. BANGKA SELATAN,,,IUP,PT,SYNERGY MAJU BERSAMA,3119032112014028,02960100404140005                                                                                   ,2024-01-05,2034-01-05,OPERASI PRODUKSI,956.9,TIMAH,CNC-9,,,KECAMATAN SIMPANG RIMBA,"POLYGON ((105.83213888900002 -2.5729444439999725, 105.83213888900002 -2.602649999999983, 105.850708333 -2.602649999999983, 105.850708333 -2.5906583330000217, 105.858977778 -2.5906583330000217, 105.858977778 -2.579977778, 105.87012499999997 -2.579977778, 105.87012499999997 -2.5729444439999725, 105.83213888900002 -2.5729444439999725))",AKTIF,19.0,03,2.0,11.0
186273.0,SUMATERA,MENTERI,,KEPULAUAN BANGKA BELITUNG,,"PERAIRAN LAUT < 12 MIL KEP. BANGKA BELITUNG,KAB. BANGKA BARAT",,,IUP,PT,HASIL ALAM SUKSES PRATAMA,2119002112014045,13082100177420003                                                                                   ,2025-10-23,2035-10-23,OPERASI PRODUKSI,4356.0,TIMAH,CNC-1,,,"LAUT TANJUNG GENTING, KECAMATAN JEBUS, KABUPATEN BANGKA BARAT","POLYGON ((105.26072222200003 -1.5382222220000017, 105.26072222200003 -1.579638889000023, 105.32541666700001 -1.579638889000023, 105.32541666700001 -1.5651388890000248, 105.34433333300001 -1.5651388890000248, 105.34433333300001 -1.5533888890000185, 105.35869444399998 -1.5533888890000185, 105.35869444399998 -1.5425277780000215, 105.38655555600002 -1.5425277780000215, 105.38655555600002 -1.5382222220000017, 105.26072222200003 -1.5382222220000017))",AKTIF,19.0,"00,05",2.0,11.0
186343.0,SUMATERA,MENTERI,,KEPULAUAN BANGKA BELITUNG,,KAB. BANGKA,,,IUP,PT,PUTERA SARANA SHAKTI,3119012112014055,81203180718660004                                                                                   ,2023-08-30,2032-11-11,OPERASI PRODUKSI,258.0,TIMAH,CNC-17,,,KECAMATAN BELINYU,"POLYGON ((105.70657222199998 -1.4687166670000238, 105.70657222199998 -1.4741277780000246, 105.75511388899997 -1.4741277780000246, 105.75511388899997 -1.4723222220000025, 105.74297777800001 -1.4723222220000025, 105.74297777800001 -1.469611111000006, 105.73218888899999 -1.469611111000006, 105.73218888899999 -1.4687166670000238, 105.70657222199998 -1.4687166670000238))",AKTIF,19.0,01,2.0,11.0
186407.0,SUMATERA,GUBERNUR,,KEPULAUAN BANGKA BELITUNG,,KAB. BELITUNG,,,IUP,PT,CAHAYA SURYA TIMAH INDOTAMA,3119022112014058,188.4/292/ESDM/DPMPTSP/2018,2018-07-23,2028-07-02,OPERASI PRODUKSI,49.4,Timah,CNC-15,,,DESA BANTAN KEC. MEMBALONG KAB. BELITUNG,"POLYGON ((107.73708299999998 -2.923866999999973, 107.73708333299999 -2.9281666670000277, 107.738 -2.9281666670000277, 107.738 -2.928777777999983, 107.73855071399998 -2.928777777999983, 107.73919444400002 -2.928777777999983, 107.73919444400002 -2.929126343000007, 107.73919444400002 -2.929416666999998, 107.739730614 -2.929416666999998, 107.74044444399999 -2.929416666999998, 107.74044444399999 -2.929803189999973, 107.74044444399999 -2.930111110999974, 107.74101311300001 -2.930111110999974, 107.741583333 -2.930111110999974, 107.741583333 -2.930419872000016, 107.741583333 -2.9306666670000254, 107.74203911500001 -2.9306666670000254, 107.742472222 -2.9306666670000254, 107.742472222 -2.9309011839999926, 107.742472222 -2.9310833330000037, 107.74280800000003 -2.931083000000001, 107.74280555600001 -2.9304166669999745, 107.74301167499999 -2.9304166669999745, 107.74324999999999 -2.9304166669999745, 107.74324999999999 -2.929636974999994, 107.74324999999999 -2.92891666700001, 107.74347017299999 -2.92891666700001, 107.74366666700001 -2.92891666700001, 107.74366666700001 -2.928273826999998, 107.74366666700001 -2.9276666669999827, 107.74385225399999 -2.9276666669999827, 107.74400000000003 -2.9276666669999827, 107.74400000000003 -2.9271833079999965, 107.74400000000003 -2.926861110999994, 107.744098484 -2.926861110999994, 107.74427777800003 -2.926861110999994, 107.74427777800003 -2.926274540999998, 107.74427777800003 -2.9262575449999986, 107.74427777800003 -2.926249999999982, 107.744274012 -2.926249999999982, 107.74400000000003 -2.926249999999982, 107.74400000000003 -2.9259196009999755, 107.74400000000003 -2.925701009000022, 107.74400000000003 -2.9251388889999816, 107.743719435 -2.9251388889999816, 107.74349999999998 -2.9251388889999816, 107.74349999999998 -2.9246992459999888, 107.74349999999998 -2.9242499999999723, 107.743275773 -2.9242499999999723, 107.74308333300002 -2.9242499999999723, 107.74308333300002 -2.923864442000024, 107.74308333300002 -2.9233055560000025, 107.74280438199997 -2.9233055560000025, 107.74261111099997 -2.9233055560000025, 107.74261111099997 -2.9229183310000053, 107.74261111099997 -2.922416666999993, 107.74236072100001 -2.922416666999993, 107.742194444 -2.922416666999993, 107.742194444 -2.922083525000005, 107.742194444 -2.921722222000028, 107.742014111 -2.921722222000028, 107.74201391999998 -2.921722222000028, 107.74186111099999 -2.921722222000028, 107.74186111099999 -2.9221461180000006, 107.74186111099999 -2.922416666999993, 107.74176358199998 -2.922416666999993, 107.74155555599998 -2.922416666999993, 107.74155555599998 -2.923861111000008, 107.73708299999998 -2.923866999999973))",AKTIF,19.0,02,2.0,11.0
186420.0,SUMATERA,GUBERNUR,,KEPULAUAN BANGKA BELITUNG,,KAB. BELITUNG,,,IUP,PT,INDO TIMAH CAHAYA MULIA,3119022112014002,188.4/295/ESDM/DPMPTSP/2018,2018-05-20,2028-05-20,OPERASI PRODUKSI,40.34,Timah,CNC-14,,,"DESA DUKONG, TANJUNGPANDANG","POLYGON ((107.65555555600002 -2.7964999999999804, 107.658472222 -2.7964999999999804, 107.658472222 -2.7953333329999737, 107.65883333300002 -2.7953333329999737, 107.65883333300002 -2.7907500000000027, 107.655694444 -2.7907500000000027, 107.655694444 -2.7913611110000147, 107.654583333 -2.7913611110000147, 107.654583333 -2.7920277779999765, 107.65336111099998 -2.7920277779999765, 107.65336111099998 -2.792611110999985, 107.65186111100002 -2.792611110999985, 107.65186111100002 -2.793194443999994, 107.65127777800001 -2.793194443999994, 107.65127777800001 -2.7955833330000246, 107.65555555600002 -2.7955833330000246, 107.65555555600002 -2.7964999999999804))",AKTIF,19.0,02,2.0,11.0
186424.0,SUMATERA,GUBERNUR,,KEPULAUAN BANGKA BELITUNG,,KAB. BELITUNG,,,IUP,PT,INDO TIMAH SUKSES SAMPOERNA,3119022112014088,188.4/296/esdm/dpmptsp/2018,2018-07-23,2028-07-02,OPERASI PRODUKSI,49.36,Timah,CNC-14,,,DESA BULUHTUMPANG KEC. TANJUNGPANDAN KAB. BELITUNG,"POLYGON ((107.75346929800003 -2.717264512999975, 107.75348300000002 -2.7243080000000077, 107.75993599999998 -2.7242919999999913, 107.759928022 -2.720055555999977, 107.75938888899998 -2.720055555999977, 107.75938888899998 -2.719713490999993, 107.75938888899998 -2.7193333330000087, 107.75876879100002 -2.7193333330000087, 107.75822222199997 -2.7193333330000087, 107.75822222199997 -2.7189982520000058, 107.75822222199997 -2.7187777780000033, 107.757862595 -2.7187777780000033, 107.757277778 -2.7187777780000033, 107.757277778 -2.7184192490000214, 107.757277778 -2.718250000000012, 107.75700170800002 -2.718250000000012, 107.75622222200002 -2.718250000000012, 107.75622222200002 -2.717772126, 107.75622222200002 -2.7176111109999965, 107.75595958100001 -2.7176111109999965, 107.75533333300001 -2.7176111109999965, 107.75533333300001 -2.7172271809999984, 107.75533333300001 -2.717055555999991, 107.75505338599999 -2.717055555999991, 107.754194444 -2.717055555999991, 107.754194444 -2.716528970000013, 107.754194444 -2.716083332999972, 107.75347222200003 -2.716083332999972, 107.75347221499999 -2.7160861969999814, 107.75346929800003 -2.717264512999975))",AKTIF,19.0,02,2.0,11.0
186543.0,SUMATERA,MENTERI,,KEPULAUAN BANGKA BELITUNG,,KAB. BANGKA TENGAH,,,IUP,PT,MITRA STANIA BEMBAN,3119042112014023,02202068101650006                                                                                   ,2024-07-17,2035-02-01,OPERASI PRODUKSI,441.6,TIMAH,CNC-1,,,KEPULAUAN BANGKA BELITUNG,"POLYGON ((106.24118333299998 -2.4298805560000005, 106.24118333299998 -2.435580555999991, 106.242630556 -2.435580555999991, 106.242630556 -2.440369443999998, 106.246319444 -2.440369443999998, 106.246319444 -2.4417194440000003, 106.25504444400002 -2.4417194440000003, 106.25504444400002 -2.4451500000000124, 106.25963888899997 -2.4451500000000124, 106.25963888899997 -2.4539166669999872, 106.26818611099998 -2.4539166669999872, 106.26818611099998 -2.4561749999999734, 106.27141666699998 -2.4561749999999734, 106.27141666699998 -2.4493888889999766, 106.27347222200001 -2.4493888889999766, 106.27347222200001 -2.4390000000000214, 106.25962500000003 -2.4390000000000214, 106.25962500000003 -2.4368388890000006, 106.25017500000001 -2.4368388890000006, 106.25017500000001 -2.4298805560000005, 106.24118333299998 -2.4298805560000005))",AKTIF,19.0,04,2.0,11.0
186546.0,SUMATERA,GUBERNUR,,KEPULAUAN BANGKA BELITUNG,,KAB. BELITUNG,,,IUP,PT,SINAR TIMAH BELITUNG,3119022112014051,18.44/472.E/ESDM/2017,2017-03-30,2036-10-24,OPERASI PRODUKSI,198.0,Timah,CNC-24,,,DESA MEMBALONG KEC. MEMBALONG KAB. BELITUNG,"POLYGON ((107.74609700000002 -3.1164249999999925, 107.74611678999997 -3.1242222220000144, 107.75213888899998 -3.1242222220000144, 107.75213888899998 -3.1229999999999905, 107.75425146399999 -3.1229999999999905, 107.75636111099999 -3.122994007999978, 107.75636111099999 -3.1219262550000053, 107.75636111099999 -3.1108055560000025, 107.75633102299997 -3.1108055560000025, 107.755305556 -3.1108055560000025, 107.755305556 -3.110298592999982, 107.755305556 -3.1101666669999872, 107.75503412500001 -3.1101666669999872, 107.75372222200002 -3.1101666669999872, 107.75372222200002 -3.1095290289999866, 107.75372222200002 -3.1091944440000248, 107.75303383300002 -3.1091944440000248, 107.747145778 -3.1091944440000248, 107.7441 -3.1092029999999795, 107.74411900000001 -3.1164309999999773, 107.74609700000002 -3.1164249999999925))",AKTIF,19.0,02,2.0,11.0
186551.0,SUMATERA,GUBERNUR,,KEPULAUAN BANGKA BELITUNG,,BANGKA SELATAN,,,IUP,PT,MITRA GAPURA MANDIRI,3119032112014070,188.4/079/ESDM/DPMPTSP/2020,2019-07-15,2029-07-15,OPERASI PRODUKSI,98.67,TIMAH,CNC-14,,,"DESA SADAI, TUKAK SADAI, BANGKA SELATAN","POLYGON ((106.683605 -3.009636999999998, 106.68525399999999 -3.009636999999998, 106.68525399999999 -3.013563999999974, 106.68924099999998 -3.013563999999974, 106.68924099999998 -3.009477000000004, 106.694864 -3.009477000000004, 106.694864 -3.0156499999999937, 106.69721900000002 -3.0156499999999937, 106.69721900000002 -3.0050472219999733, 106.69721388900001 -3.0050472219999733, 106.69608888900001 -3.0050472219999733, 106.69608888900001 -3.007455556000025, 106.69479999999999 -3.007455556000025, 106.69479999999999 -3.007850000000019, 106.694355556 -3.007850000000019, 106.694355556 -3.0083527780000168, 106.69314444399998 -3.0083527780000168, 106.69314444399998 -3.0079749999999876, 106.69239166699998 -3.0079749999999876, 106.69239166699998 -3.007355555999993, 106.69040000000001 -3.007355555999993, 106.69040000000001 -3.006674999999973, 106.689458333 -3.006674999999973, 106.689458333 -3.0058805560000224, 106.68868888899999 -3.0058805560000224, 106.68868888899999 -3.0051416669999753, 106.68817777800001 -3.0051416669999753, 106.68817777800001 -3.0046972220000043, 106.68781111099997 -3.0046972220000043, 106.68781111099997 -3.0029944440000236, 106.68699166699997 -3.0029944440000236, 106.68699166699997 -3.0032249999999863, 106.68599722200003 -3.0032249999999863, 106.68599722200003 -3.00385, 106.68443888899998 -3.00385, 106.68443888899998 -3.0043249999999944, 106.68410555600002 -3.0043249999999944, 106.68410555600002 -3.005066666999994, 106.68360555599997 -3.005066666999994, 106.683605 -3.005066929999998, 106.683605 -3.009636999999998))",AKTIF,19.0,03,2.0,11.0
186553.0,SUMATERA,GUBERNUR,,KEPULAUAN BANGKA BELITUNG,,KAB. BELITUNG,,,IUP,PT,SAMPOERNA TIMAH NUSANTARA,3119022112014056,188.4/298/ESDM/DPMPTSP/2018,2018-07-23,2028-07-02,OPERASI PRODUKSI,94.0,Timah,CNC-14,,,"DESA.MENTIGI, KEC.MEMBALONG KAB. BELITUNG","POLYGON ((107.70177777800001 -3.1589722219999885, 107.70177777800001 -3.1633888889999753, 107.70211111100002 -3.1633888889999753, 107.70211111100002 -3.1642777779999847, 107.702861111 -3.1642777779999847, 107.702861111 -3.165166666999994, 107.70350000000002 -3.165166666999994, 107.70350000000002 -3.1662222219999876, 107.704277778 -3.1662222219999876, 107.704277778 -3.1670833329999937, 107.70491666700002 -3.1670833329999937, 107.70491666700002 -3.1680277780000097, 107.705611111 -3.1680277780000097, 107.705611111 -3.1689999999999827, 107.70641666699998 -3.1689999999999827, 107.70641666699998 -3.1700277780000192, 107.70713888900002 -3.1700277780000192, 107.70713888900002 -3.1708888890000253, 107.70772222199997 -3.1708888890000253, 107.70772222199997 -3.171666667000011, 107.70830555600003 -3.171666667000011, 107.70830555600003 -3.172333332999983, 107.70877777800001 -3.172333332999983, 107.70877777800001 -3.173000000000002, 107.71127777800001 -3.173000000000002, 107.71127777800001 -3.168555556000001, 107.71044444400002 -3.168555556000001, 107.71044444400002 -3.1670833329999937, 107.70988888900001 -3.1670833329999937, 107.70988888900001 -3.1656666669999822, 107.70933333300002 -3.1656666669999822, 107.70933333300002 -3.1642499999999814, 107.70877777800001 -3.1642499999999814, 107.70877777800001 -3.162888888999987, 107.70827777800002 -3.162888888999987, 107.70827777800002 -3.1616388890000167, 107.70772222199997 -3.1616388890000167, 107.70772222199997 -3.160222222000016, 107.70722222199998 -3.160222222000016, 107.70722222199998 -3.1589722219999885, 107.70177777800001 -3.1589722219999885))",AKTIF,19.0,02,2.0,11.0
186554.0,SUMATERA,GUBERNUR,,KEPULAUAN BANGKA BELITUNG,,BANGKA SELATAN,,,IUP,PT,RAJEHAN ARIQ,3119032112014060,188.4/16/ESDM/DPMPTSP/2020,2020-02-10,2030-02-09,OPERASI PRODUKSI,196.9,TIMAH,CNC-14,,,"DESA DELAS, AIR GEGAS","POLYGON ((106.25291666700002 -2.8030277780000006, 106.25291666700002 -2.817694443999983, 106.26377777800002 -2.817694443999983, 106.26377777800002 -2.8030277780000006, 106.25291666700002 -2.8030277780000006))",AKTIF,19.0,03,2.0,11.0
186695.0,SUMATERA,MENTERI,,KEPULAUAN BANGKA BELITUNG,,KAB. BANGKA,,,IUP,PT,MINERAL BANGKA SEJATI,3119012172014212,02022200349230015                                                                                   ,2024-08-21,2034-08-21,OPERASI PRODUKSI,197.8,TIMAH,CNC-18,,,"DESA RIDING PANJANG, KECAMATAN BELINYU","POLYGON ((105.77371666699997 -1.706975, 105.77542499999998 -1.706975, 105.77542499999998 -1.710322222000002, 105.77605555600002 -1.710322222000002, 105.77605555600002 -1.7115861109999742, 105.78261944399998 -1.7115861109999742, 105.78261944399998 -1.7128527780000127, 105.78351944399998 -1.7128527780000127, 105.78351944399998 -1.713666666999984, 105.78450833300002 -1.713666666999984, 105.78450833300002 -1.714661110999998, 105.78486666700002 -1.714661110999998, 105.78486666700002 -1.7152027779999912, 105.78531666700002 -1.7152027779999912, 105.78531666700002 -1.7160166670000194, 105.785947222 -1.7160166670000194, 105.785947222 -1.7170111109999766, 105.78738611099999 -1.7170111109999766, 105.78738611099999 -1.71800555599998, 105.79008333299998 -1.71800555599998, 105.79008333299998 -1.7161055560000023, 105.79079999999999 -1.7161055560000023, 105.79079999999999 -1.714277777999996, 105.78553888900001 -1.714277777999996, 105.78553888900001 -1.7086888889999727, 105.79115555599998 -1.7086888889999727, 105.79115555599998 -1.7007277779999868, 105.78719999999998 -1.7007277779999868, 105.78719999999998 -1.7047361109999883, 105.77822777799997 -1.7047361109999883, 105.77822777799997 -1.7009861110000202, 105.77199722199998 -1.7009861110000202, 105.77199722199998 -1.698372221999989, 105.77088055600001 -1.698372221999989, 105.77088055600001 -1.7028888890000076, 105.77175555600002 -1.7028888890000076, 105.77175555600002 -1.7040999999999826, 105.77371666699997 -1.7040999999999826, 105.77371666699997 -1.706975))",AKTIF,19.0,01,2.0,11.0
187250.0,SUMATERA,GUBERNUR,,KEPULAUAN BANGKA BELITUNG,,BANGKA,,,IUP,CV,UNITED SMELTING,3119012112014196,188.4/287/ESDM/DPMPTSP/2019,2019-01-29,2029-01-29,OPERASI PRODUKSI,196.5,TIMAH,CNC-14, ,19010110OP023,"DESA GUNUNG MUDA, KEC. BELINYU","POLYGON ((105.77383600000002 -1.6650000000000205, 105.773842 -1.682188999999994, 105.78148299999998 -1.6821860000000015, 105.78148299999998 -1.6776610000000005, 105.783728 -1.6776610000000005, 105.783725 -1.664997000000028, 105.77383600000002 -1.6650000000000205))",AKTIF,19.0,01,2.0,11.0
187500.0,SUMATERA,GUBERNUR,,KEPULAUAN BANGKA BELITUNG,,BANGKA TENGAH,,,IUP,PT,PREMIUM TIN INDONESIA,3119042112014053,188.44/436/ESDM/2017,2017-03-30,2028-09-03,OPERASI PRODUKSI,100.6,TIMAH,CNC-1, ,10040410OP3.3,"DESA KERANTAI, KEC. SUNGAISELAN KAB. BANGKA TENGAH","POLYGON ((106.09257200000002 -2.3701659999999833, 106.09257400000001 -2.372752999999989, 106.09760999999997 -2.372748999999999, 106.09761300000002 -2.3764580000000137, 106.10858400000001 -2.3764770000000226, 106.10857900000002 -2.3701540000000136, 106.09257200000002 -2.3701659999999833))",AKTIF,19.0,04,2.0,11.0
187501.0,SUMATERA,GUBERNUR,,KEPULAUAN BANGKA BELITUNG,,BANGKA TENGAH,,,IUP,PT,PREMIUM TIN INDONESIA,3119042112014024,188.4/273/ESDM/DPMPTSP/2018,2018-06-04,2028-07-18,OPERASI PRODUKSI,15.5,TIMAH,CNC-1, ,19040410OP3.8,"DESA SUNGAISELAN, KEC. SUNGAISELAN, KAB. BANGKA TENGAH","POLYGON ((106.02144199999998 -2.3747079999999983, 106.02144299999998 -2.3765169999999785, 106.02369199999998 -2.3765149999999835, 106.02369499999998 -2.3810379999999896, 106.02504399999998 -2.381036999999992, 106.02503899999999 -2.374705000000006, 106.02144199999998 -2.3747079999999983))",AKTIF,19.0,04,2.0,11.0
187502.0,SUMATERA,GUBERNUR,,KEPULAUAN BANGKA BELITUNG,,BANGKA TENGAH,,,IUP,PT,PREMIUM TIN INDONESIA,3119042112014033,188.4/271/ESDM/DPMPTSP/2018,2018-06-04,2027-01-10,OPERASI PRODUKSI,20.0,TIMAH,CNC-1, ,19040410OP4.12,"DESA NAMANG, KEC. NAMANG, KAB. BANGKA TENGAH","POLYGON ((106.18215900000001 -2.3730410000000006, 106.18216100000001 -2.3756819999999834, 106.18836599999997 -2.375676999999996, 106.18836399999998 -2.3730360000000132, 106.18215900000001 -2.3730410000000006))",AKTIF,19.0,04,2.0,11.0
190176.0,SUMATERA,GUBERNUR,,KEPULAUAN BANGKA BELITUNG,,BANGKA SELATAN,,,IUP,PT,BASEL MINING SEJAHTERA,3119032112014076,188.44/446.H/ESDM/2017,2017-02-25,2037-02-24,OPERASI PRODUKSI,1697.0,TIMAH,CNC-22,,,DESA DELAS . AIR GEGAS,"POLYGON ((106.28321388900002 -2.7953888889999803, 106.30680000000001 -2.7953888889999803, 106.30680000000001 -2.7865972220000117, 106.318188889 -2.7865972220000117, 106.318188889 -2.772058333000018, 106.33674444399998 -2.772058333000018, 106.33674444399998 -2.7627111109999873, 106.33212500000002 -2.7627111109999873, 106.33212500000002 -2.7594722219999994, 106.28321388900002 -2.7594722219999994, 106.28321388900002 -2.7953888889999803))",AKTIF,19.0,03,2.0,11.0
193190.0,SUMATERA,GUBERNUR,,KEPULAUAN BANGKA BELITUNG,,BANGKA,,,IUP,PT,ARTHA CIPTA LANGGENG,3119012112014141,188.4/176/ESDM/DPMPTSP/2017,2017-12-04,2026-07-03,OPERASI PRODUKSI,249.0,TIMAH,CNC-14, ,19010110OP170,"LAUT PENYUSUK, KEC. BELINYU","POLYGON ((105.659472 -1.482481000000007, 105.66879121 -1.4824780039999723, 105.668791667 -1.482477777999975, 105.668791667 -1.472861110999986, 105.66432500000002 -1.472861110999986, 105.66432500000002 -1.4746079999999893, 105.64904200000001 -1.4746139999999741, 105.649047 -1.4881829999999923, 105.65322800000001 -1.4881829999999923, 105.65322500000002 -1.482483000000002, 105.65677499999998 -1.482483000000002, 105.65677799999997 -1.4881809999999973, 105.65947499999999 -1.4881809999999973, 105.659472 -1.482481000000007))",AKTIF,19.0,01,2.0,11.0
193191.0,SUMATERA,GUBERNUR,,KEPULAUAN BANGKA BELITUNG,,BANGKA,,,IUP,PT,ARTHA CIPTA LANGGENG,3119012112014230,188.4/03/ESDM/DPMPTSP/2017,2016-06-06,2026-06-06,OPERASI PRODUKSI,372.5,TIMAH,CNC-14, ,19010410ER017,"LAUT REBO, KEC. SUNGAILIAT","POLYGON ((106.193986 -1.872378000000026, 106.19399199999998 -1.8791610000000105, 106.20028300000001 -1.879158000000018, 106.200289 -1.8868469999999888, 106.21826900000002 -1.8868330000000242, 106.21825799999999 -1.8723610000000122, 106.193986 -1.872378000000026))",AKTIF,19.0,01,2.0,11.0
